author,comment,likes,published_at
@tohasukirman6296,"Yah  Presiden sekarang cuman omon2, daan tdk pernah koreksi diri  atas apa yg sdh di omon2 kan sdh di lakukan berdasar  prosedur yg benar dlm pemerintahan.",0,2026-05-14T02:25:58Z
@F41zal,"Mantap...Memang negara ini milik kita bersama..kalau sekiranya pemimpin negara ini .dalam kebijakannya cendrung merugikan
Banyak pihak..yang tidak efektif.
Kurang menguntungkan mayoritas
Masyarakat.siapapun Presidennya
Kritik itu penting untuk membangun negara yang lebih baik.",0,2026-05-13T23:01:14Z
@SriMul-d1c9i,Peristiwa 1998 bisa mungkin terjadi,0,2026-05-13T08:42:37Z
@asriodeteke2783,"Berpotensi untuk terulangnya tragedi 1998.
Musuh dalam selimut bangsa penjajah, mafia, dan kaki tangannya. Pemilik modal besar bermain dibelakang layar dengan memanfaatkan masalah2 dalam negeri.",0,2026-05-13T02:09:13Z
@Mama-f8z,"Magput ini SDH kadaluarsa, jdi gak perlu byk omong, biarkan kaum muda gen z yg paham jamannya..dulu ketika menjabat TDK ada yg mampu dibuat, seharusnya ketika diluar kandang jgn lgi jual kecap,",0,2026-05-13T02:07:46Z
@SupadiBeat,DPR ITU  TUGASNYA MNGISAP NGROGOTI UANG RKYT JD LBH BAIK BUBARKN KR DPR ITU TDK MEWKLI RKYT JUSTRU BIKIN RKYT SENGSARA,0,2026-05-12T10:35:38Z
@Didik321-w3l3g,"Ya. Bagus cita cita dan keinginan Prabowo . . 
Namun pelaksanaan nya   nol besal
KARENA  Mentri dan bawahan nya musuh dlm selimut, Jadi klau TDK brani bersih2 di dalam
Semua itu jadi omon2 seperti sekarang ini.

Omon2 karena gak brani basi musuh dlm selimutnta",0,2026-05-11T13:01:40Z
@WahyuSofyan-b8i,"Ini bukan NEGARA  tapi  NERAKA  bt rakyat Indonesia  , , , , ,",0,2026-05-10T22:48:26Z
@WahyuSofyan-b8i,"PRABOWO tdk berkonsep jd presiden  , asal bicara , asal  maunya sendiri  !!!!!    B A H A Y A   itu  ??  Km acak negri ini   , , ,  dirusak prabowo  !!  P.erusak bangsa  , , , ,",0,2026-05-10T22:32:51Z
@ramlidriver1829,Suharto lengser atas kesadaran karna Rakyat tak suka  mereka.,0,2026-05-10T19:11:35Z
@ramlidriver1829,Kami melihat prabowo ada perubahan sebagai presiden yaitu tegas saat ini kinerjanya bagus korupsi banyak yg tertangkap uang Negara banyak yg kembali. Kami slalu memantau agar tak menyimpang dari jalur kekuasaan,0,2026-05-10T19:05:06Z
@harijantosoebagio773,"Kalau rakyat menghendaki kena apa tdk , kedaulatan ditangan rakyat , bravo NKRI 👍🙏",0,2026-05-09T23:34:36Z
@Agrianus-q8k,Negara ini kan mainan bagi para pejabat,0,2026-05-09T22:56:42Z
@DedeMaman-s5r,"walau saya ga  milih   pa prabowo saya kira  akan lebih baik  dari persiden jkw   eh ternyata  lebih kacau  . iroooohh 
mau keu antartika juga  blom berangkat 2.  aduh gimana ni   bp omon",0,2026-05-09T15:49:55Z
@zulzet267,Good pak prof  mahfud md,1,2026-05-09T15:21:35Z
@Abduljalil-f5w6y,Terima kasih pa mahfud smoga sehat selalu salam dri saya,0,2026-05-09T13:49:17Z
@radingsyam749,Lebih baik parabowo cpt diganti kerjanya cuma omon tdk ada realisasi cuma pidaryonya kertas tdk ada bukti bohong melulu sementara Rakyat makin sengsara terutam terutama pensiunan,0,2026-05-09T13:29:16Z
@MamirMpur,Bubarkan Prabowo Dan Rezimnya Agar Rakyat Indonesia Bisa Sejahtera Jika Tidak Maka hancurlah,0,2026-05-09T10:48:21Z
@juprijupri5606,Neg yg dipimpin oleh orang munafik akan rusak,0,2026-05-09T09:21:07Z
@PakSunarjo-o2v3r,"Hukum sangat buruk, program MBG sangat menyakiti hati rakyat Krn apa yang disalurkan  nilainya  ngak lebih Rp. 7.000._dan program ini sangat besar potensi korupsinya,  kMP lagi kayaknya bisnis ke onom pemerintah",0,2026-05-08T23:20:09Z
@YimmiRidwan-k6r,MBG dipangkas aja untuk sekolahan bonafit kelas atas ditiadakan saja.,1,2026-05-08T18:17:38Z
@foxsera7507,"Thank you Prof.Mshfud dg. Pembawa acara ini....krn sdh mencerahkan atas pernyataannya ini, baru tahu ttg.janji prabowo dlm bukunya yg ditulis prabowo yg baik tapi kita lihat isinya sangat bertentangan dgn kenyataannya dg cara kebijakan prabowo dlm mimpin nevara ini.",0,2026-05-08T15:30:59Z
@foxsera7507,"Klo sy rakyat yg bodoh ini menilai rezim presiden ke 8 ini.., Lebih Buruk dari rezim ke.7 Jokodo.  Sebelum rezim ini sdh buruk tapi justru bertambah Amburadul, kacsu bslau. Yg jelas yg miskin tmbh miskin, Yg kya makin kaya raya. Rakyat sdh HOPLIS / putus harapan negara ini akan maju.  Intinya sgr ganti presiden ke 8 prabowo ini secepatnya.",0,2026-05-08T15:21:46Z
@witriibrahim6671,"Jangan lah   jangan lah jadi antek antek penjajah jauhkanlah paham,kapitalis liberalis,komunis .indonesia bakalan aman. Jangan beri celah orang orang ini mecah belah persatuan dan kesatuan bangsa ,merekaini udah masuk kesemua agama untuk nem benturkan satu sama yang lainnya sekarang birokrat elit udah terasuk memecah belah mulai dari Ting Kat elit, kebinekaan kita lagi diusik pertahan kan kebinekaan kita jangan sampai Ter goyah yang dibentur rakyat ekonomi bawah   ingat reformasi yang dulu gagal susah dipercaya baiki sampai sekarang belum pulih 100 persen baik paham binejatunggal Ika mau di gagal kan lagi oke salam NKRI hargamati",0,2026-05-08T11:15:09Z
@SupranotoSpdSupranotoSpd,"Betul kata bpk Mahfud MD..indonesia bukan milik seorang prabowo/ptesiden/klompoknya, indonesia milik seluruhnya rakyat, pendanaan mbg bukan dana pribadi,yg jlas uang rakyat!!!",0,2026-05-07T19:22:58Z
@GondoRio-g7e,"prabowo sudah bener"" streees",0,2026-05-07T12:05:24Z
@Nanang-z9k,"Aku sbgi masarakat'pemaparan pak mahpud sangat bagis,demi kebaikan bangsa ❤❤",0,2026-05-07T04:47:33Z
@Sunhaji-eo5ss,"Negara hutang banyak ,,,,, siapa yg di rugikan ,,, rkyt ,, negara seenaknya , buat anggaran ,,,,",0,2026-05-07T04:33:10Z
@DiasLoka-f8s,"Ada Bpk Negara , iBu Negara gak jls exstrems , wajar kalo Di Lengserkan / diMakzuLkan Memimpin diri Gak becus ,Negara ini Besar & Kompleks Masalh ...! 😮",0,2026-05-07T04:25:29Z
@cicihharyati3015,"Menurut pendapat saya pribadi negara ini adalah hanya :
"" MaL praktek sistem politik"".",0,2026-05-07T03:09:01Z
@B2BMANAGER,Kalo emang merasa pali baik  silakan nyalon presiden yg akan datang siapa yg terbaik pasti di pilih rakyatnya kalo kaĺah berarti itù kurang baik calon nya gitu aja ngapain pusing pusing kalo baik juga di pilih rakyat,0,2026-05-06T18:14:38Z
@B2BMANAGER,Di atas lagi pada ribut beginilah begitulah apa yg di ributin karna kami sebagai rakyat kecil adem adem aja ko,0,2026-05-06T18:03:56Z
@B2BMANAGER,Au ah pla gua liatnya pusingngaku orang pinter tapi ribuuut mulu bkn nya pada kerja buat negara malah main jelek jelekin kalo begini trs siapapun yg jadi presiden g bklan bener ini negara kita harus mendukung buat negara bkn jelekin sini jelekin situ tapi ngakunya orang pd pinter kami pusing sebagai rakyat kalo begini trs,0,2026-05-06T17:57:30Z
@AgungGondrong0,"Sehat wal 'afiat selalu untuk Pak prof Mahfud MD...
Aamiin...Ya Robbal 'Alamiin...",0,2026-05-06T15:54:54Z
@AlexanderHD-dz6lv,SUDAH SAAT NYA PRABOWO DI LENGSERKAN ...JANGAN NUNGGU INDONESIA MAKIN TERPURUK. PRABOWO GAK MAMPU PIMPIN INDONESIA. TINGGAL RAKYAT SIAP LENGSERKAN ATAU TIDAK.,0,2026-05-06T12:43:36Z
@IntanrettobRettob,"Setuju,mundur saja.karena lebih banyak janji bohong saat kompanye dari fakta.
ASN dan Pensiunan hidup susah diera kepemimpinan Prabowo.Dimedsos kebohongan menjamur dan dibiarkan .",0,2026-05-05T13:39:17Z
@DjamaluddinMaknun,Saya suka penjelasan pak prof Mahfud,1,2026-05-05T12:28:57Z
@000ms,"Mahfud ko jadi lembek, jelas2 ada yg mengajak utk menggulingkan Presiden dan memakjulkan Gibran yg inkonstisiomal jelas makar. Segera saja ditindak termasuk yg membelanya.",0,2026-05-05T08:13:38Z
@WarjiatiPsw-gn1li,Sehat selalu pak prof Mahfud. Sangat senang mendengarkan perbincangan bpk.,0,2026-05-05T07:27:41Z
@ariganteng3096,Enak to zaman Suharto sembako murah cari kerjaan gampang... Duit 100 perak berharga bgt...,0,2026-05-04T17:28:46Z
@ariganteng3096,"Klau seandainya pak prabowo mundur dgn di demo kaya pak harto, terus wakilnya naik ini lebih bahaya... Pantasan pak probowo ngotot jd presiden sdh jd ko di kritik emosi... Kacau kacau... Ngeri sy 98 terulang lg... 😢😢😢",0,2026-05-04T17:26:02Z
@AzrelMaulana-d3d,Prabowo sapa Indonesian kanca pacull duwit,0,2026-05-04T17:22:48Z
@MJuwaeni-c7r,Semoga. Podcast ini. Masyarakat/warga negara. Menjadi. Cerdas. Dan. Membangun. Kesadaran. Hak. dan. Kewajiban. Dlm. Berbangsa. Dan. Bernegsrsy. ❤❤❤❤❤❤❤❤❤😂❤❤❤❤😅,0,2026-05-04T14:15:41Z
@daffqyrintama7983,Selalu bersuara prof..katakan yg bener itu benar walaupun itu pahit..,0,2026-05-04T13:52:21Z
@Firmanaliando-n6k,LANJUT PAK MAHFUD 👍👍👍👍👍👍👍👍👍👍,0,2026-05-04T13:25:14Z
@RealmeCy-ft1gi,tolong P.mahfud.satukan orang yg punya niat mulia di negri ini untuk menyelamat kan bangsaini  negara sekaya ini.masih puluhan juta rakyat menderita dlm bertahan hidup.....,0,2026-05-04T07:44:48Z
@M.soekarno,Belum ada kemajuan bagi rakyat kecil MBG sebaiknya dihentikan  sebaiknya pendidikan dari TK s/d SMA DIGRATISKAN,0,2026-05-04T01:09:31Z
@Muhodil,Prabowo kalao ngga bisa Brantas korupsi lebih baik mundur dan progamnya nggak jelas,0,2026-05-03T22:12:20Z
@sunariyadinardi1929,"Jokowi & Prabowo , president paling buruk di Indonesia",0,2026-05-03T14:40:47Z
@heriadi8179,Prabowo sama aja jalan di tempat memang udah kadaluarsa dan udah tua amin,0,2026-05-03T14:01:00Z
@eryzaini,"Ayo beli buku Bpk Prabowo ,,,uuhhh sangat bagus ..",0,2026-05-03T13:54:03Z
@eryzaini,"Betul pak Mahfud dan tokoh 2 yg bersuara demi NKRI ,semangat terus Pak Mahfud ,wakili suara hati rakyat Indonesia...agar Indonesia rakyat nya sejahtera. ❤❤❤",0,2026-05-03T13:47:41Z
@MuhadiSokaraja,Kuliah yang bagus bagus bagi rakyat ind yang ingin maju.,0,2026-05-03T13:42:54Z
@tomasguntur6673,"😀😀😀, Panglima Madura Bapak Profesor Mah fud MD memang cerdas paham dengan Hukum ini... Bukan kaleng kaleng ini... saya Dukung Ful...maju terus Bapak Profesor Mah fud MD penjelasan yang baik... Salam Waras...🇲🇨.",0,2026-05-03T06:53:07Z
@NaninSugianNoor,Madura mau minta jabatan,0,2026-05-03T03:37:32Z
@Ihsansarif-w1y8h,"Mahfud MD jangan macem2 kalo berbicara, karna kamu bagian perkalahan apa kamu tidak malu",0,2026-05-02T18:38:25Z
@NarzoNarzo-t4r,"Kalau melihat kepemimpinan BPK Prabowo saat ini, saya menjadi ragu bahwa buku yang berjudul Paradok Indonesia merupakan buah pikirannya.",0,2026-05-02T08:47:41Z
@Qzj83c7efrF,"Semua ini harus di perbaiki total,sedih kita liatnya tak berdaya di Negara Sendiri,",0,2026-05-01T18:12:09Z
@darmonojawa,"Pokonya negara ini hancur sehancur2nya kalo di pimpin prabowo gelombang ke dua, apakah kira2 besok mau di pimpin prabowo lgih yah",0,2026-04-30T18:46:04Z
@HmArun-y1e,"Pak Mahfud MD seperti lepas ajing terjepit,",0,2026-04-30T14:39:29Z
@HLRidwan,"Alhamdulillah pak mahpud md, satu2nya sosok yg sangat integritas tinggi dan bersih jadi apa yg di sampaikan terhadap prabowo adalah benar jadi pesan yg di sampaikan adalah pesan konstitusi dan prinsip saya setuju apa yg di pesan oleh beliau ❤❤❤",0,2026-04-30T05:13:12Z
@narsokinco,hanya rakyat yang bisa  mengtikan program si pikun😅😅😅😅😅,0,2026-04-29T10:13:55Z
@Sariono105,"Jgn"" memperbaiki negara ini SGT berat di karenakan pemimpin masa lalu ..dan maunya pak Prabowo memperbaiki lalu menuju PD kesejahteraan rakyat di masa DPN ..",0,2026-04-29T09:21:52Z
@Sariono105,"tujuan pak Prabowo buat negara ini SGT mulia pak Mahfud ...tp knp kok mlh ekonomi susah ,,di mana letak slhnya dlm kepemimpinan pak Prabowo ..",0,2026-04-29T09:12:47Z
@Sariono105,"slhnya di mana pak Mahfud tolong kasih tau pak Prabowo lah pak ....karena ini fakta bahwa rakyat di bawah ini setengah mati ,,daya beli SGT menurun sekali ,,jauh beda dgn 3 THN yg lalu ..susah cari uang semua orang mengeluh ,,,lalu slhnya pak Prabowo di mana mohon di ingatkan ...susah sekali pak di Papua  sekarang ,,,buka warung sepi buka kios sepi jualan perempuan sepi ...dulu SGT lancar ,,apa slhnya sekarang ,,dan jgn smpai rakyat ini senjang pak bahaya kita di Papua  ini",0,2026-04-29T09:08:04Z
@BejoSiswanto-h9i,"Menurut pendapatku !
"" DEMOKRASI "" 
- dari rakyat.
- oleh rakyat.
- untuk rakyat.",0,2026-04-29T01:08:53Z
@supriyanto2384,Udah gak bisa dibenerin dan gak bisa dengar juga,0,2026-04-29T00:38:33Z
@nonongmisiyani158,"INDO...... HARUS ADA YG   LEBIh  TEGAS  Bpk.  MAHFud  M. D. Yg Terhormat . SMPE  KIAMAT  MANGKIN  AMBLEG. Pk.. Pancasila  udha  D, injak,, tdk  D, hormati.  KoROpSI  D, LINDUNGI  . Jokowi. Bpk. R. I. Trnyata  samaa..  SEHARUSNYA  MALU  NEGARA  LAIN.   Bpk. M. D. ❤❤😂😂😂😂😂",0,2026-04-28T20:07:23Z
@yasidariyanto3009,"Pak Mahfud pintar,.. sayangnya pada saat pemilu, gak ada yg mau pilih Pak Mahfud, mungkin karena Rakyat kurang suka dgn Capresnya  yaitu Pak Ganjar.",0,2026-04-28T19:26:44Z
@TheIstoria23,"Jangan lupa, pak Mahfud juga pihak yang kalah waktu pemilu.",0,2026-04-28T15:35:31Z
@MbahTekad-q6r,Lanjutkan prof mahfud biar didengar tau kalangan bawah .mbg itu program tai gibran,0,2026-04-28T14:33:56Z
@harijantosoebagio773,"Setuju pak ,NKRI morat marit 🙏🙏😭😭",0,2026-04-28T08:58:16Z
@ahmadsupriono5305,Apakah indonesia ini akan hancur kalau caranya tifak mau di kritik di analisa dulu kalau pemasukan dari masarakat atau seperti pak mahmud md di talaah dulu baik bagi pemerintah apakah itu makar? Semua kebijakan apakah sudah tepat sasaran,0,2026-04-28T01:48:51Z
@krisnaabdi1803,"🙏Ojo dumeh, Eling lan Waspodo.
Pemain sama Penonton/komentator beda pemikiran. 🙏",0,2026-04-28T01:26:34Z
@srisumarmi9777,"Kita tahu bahwa kebijakan Pak Prabowo banyak yang keluar dari Konstitusi , Para  pakar ,para pengamat ,para akademisi dan juga Rakyat  Indonesia sudah banyak yang mengingatkan tetapi Pak Pra bowo dan Pemerintahannya  tidak ada yang mau peduli . padahal kebijakan Pak  Pra bowo banyak yang berbahaya  buat Bangsa dan Negara Indo nesia , sudah waktunya  DPR , Penegak Hukum , Polisi  ten tara ,para menteri sadar untuk  bela Negara dan mencintai tanah air  serta  peduli akan  Rakyat ,Bangsa dan Negara  Indonesia . Untuk DPR anda  dipilih Rakyat , anda dibayar Rakyat , anda didukung Rakyat tapi anda khianat kepada Rakyat . Untuk penegak Hukum Polisi dan Tentara mana Sumpah dan janjimu ketika dilantik untuk setia pada Bangsa dan Negara tetapi sekarang anda setia pada rezim . Apakah anda semua rela kalau Bangsa dan Negara kita  dinjak injak Bangsa lain .Selayaknya anda mulai sadar mencintai Negeri ini dan membela serta mencegah kerusakan di Negeri ini .Ingat sumpah dan janjimu ketika dilantik .(Suara Rakyat jelata ).🎉🎉🎉",0,2026-04-28T01:16:08Z
@B_Masni,Semua pemimpin pastilah ada kelebihan &.ada kekurangan ya diakui saja . Yg penting waspada koroptor harus dibrantas tuntas agar harta / kekayaan negara tidak boleh dicuri dikorop Brantas koropsi sampai habis .,0,2026-04-27T23:40:15Z
@syafrilsyamsudin3437,Pak prabowo kan dah berjanji akan melanjutkan rezim sebelumnya klau ga begitu kan ga kan menang walaupun mengkhianati buku sendiri yg dibilang pak mahfud,0,2026-04-27T23:08:36Z
@gbinshut9587,"Pak prabowo menyatakan focus ttg transformasi negara, itu perlu klarifikasi pak Mahfud...!?",0,2026-04-27T22:29:07Z
@baharuddinnojeng4268,Meman benar kt pak Mahpud bahwa negara kita ini dlm keadaan tidak baik2 saja hukum pilih kasih korupsi meraja lela org sk kriminalisai kritik dikatakan makar ini keliru,0,2026-04-27T20:42:51Z
@MaznahSabidi-x1m,Setuju 👍 probowo kne undur sebab dia menjadikan Indonesia budak kepada Amerika demi melindungi negara haram Israel,0,2026-04-27T20:36:27Z
@ic4l2024,Machpud ini memperbodoh bahwa  Sjaiful Mujadi  menghasut  rakyat/ pengakuan  Herkules  dubujuk  utk  revolusi  menurunkan  bp. Prabowo  seperti  menurunkan  Soeharto  thn  1998   Sudah pasti  Sjaiful Mujani  menghasut  politikus  busuk/ kebencian  terhadap  bp. Jokowi.  Bp. Prabowo  sdh  membuktikan  telah  membangun  Koperasi  Desa/  di NKRI  contohnya  di  Desa Mayak  Kec.Bitung Kab.Lebak dll diseluruh Indonesia.,1,2026-04-27T19:56:31Z
@payrise88,Undang saya pak❤❤. Banyak yg mau saya tanyakan 🤭🤭🤭,0,2026-04-27T18:28:00Z
@Suharis-i1y,PENDAPAT YANG MENYESATKAN,0,2026-04-27T14:54:37Z
@BudiSantoso-s5i,"Hebat bp Mahfud,bongkar penyimpangan""Prabowo selama ini,biar rakyat sht dpt edukasi.......!",0,2026-04-27T12:49:21Z
@Suhardi-we7yr,Nyimak pak,0,2026-04-27T11:24:57Z
@Tmobil4576,GILA GIBRAN PROF MAHMUD DI EJEK,1,2026-04-27T10:53:26Z
@Badriyati-k5y,"Rakyat ngritik , yang di kritik fafa fufu yo tidak ketemu. ilmunya o on , pas pasan .",0,2026-04-27T09:50:33Z
@Norick_Abe99,Rusak dijaman wowo.. Program kacau sarat korupsi dmn2.. Blm nanti koperasi merah putih.. Anehnya polisi tni ikut2 dilibatkan mbg jg koperasi merah putih.. Aksi Intel terselubung,0,2026-04-27T03:02:48Z
@MastuahTuah-s5j,"Apa yg dikatakan bp Prabowo dlm bukunya itu adalah kebenaran, semoga bp Prabowo bisa menangani masalah korupsi di Indonesia",1,2026-04-27T02:53:27Z
@LaluSuhaimiSP,Terus tegakkan kenaran tumbangkan kezaliman,0,2026-04-27T02:39:33Z
@YunusThonak-d1k,"Dikritik boleh, disuruh turun tdk boleh krn siapa yg lebih baik?  Apakah kamu? Lebih parah nanti.",0,2026-04-27T00:49:51Z
@hartatikbarisan4091,"JELAS YG MEMINTA BPK PRESIDEN PRABOWO MUNDUR ITU....ADALAH MUSUH MUSUH P PRABOWO,GAGAL JADI PREDIDEN ATAU KOROPTOR,MAFIA  UNTUK ITU RAKYAT NKRI HARUS WASPADA JANGAN MUDAH DI ADU DOMBA ,RAKYAT NKRI HARUS BERSATU PADU KOKOH DEMI NKRI TERCINTA INI...🇮🇩🇮🇩🇮🇩🇮🇩🇮🇩🇮🇩🇮🇩🇮🇩🇮🇩👍👍👍👍👍👍♥️♥️♥️♥️♥️♥️🤲🤲🤲🤲🤲",0,2026-04-27T00:14:34Z
@hasmonosaptowijoyo6968,Mulutmu. Harimaumu. Hukum. Geregetan berlaku. Di tangkap. Karena. Mengajak menghasut. Maka perlu. Di tangkap menjadi tapol,0,2026-04-26T22:25:29Z
@abahagus9037,Sepertinya pembisik pak Prabowo harus diganti oleh orang-orang yang kompeten.,0,2026-04-26T19:41:48Z
@anangansas744,"Terimakasih Prof Mahpud MD  atas semua pencerahan nya,  semoga menjadi bahan renungan bagi kita semua ,rakyat, bangsa dan negara, pada masa pemerintahan Prabowo -Gibran ini, agar menjadi pemerintahan yang lebih baik, sesuai aspirasi dan kehendak rakyat. Salam akal sehat buat NKRI. Allohu Akbar  ! Medeka 💪💪💪🙏",0,2026-04-26T17:52:32Z
@Tatik-t5v,"SEMOGA SEMUA  KEJUJURAN ITU LAHIR BATHIN , NANTI MULUTNYA AJA YG HALUS TAPI GANAS DI HATI , SEMOGA TIDAK SEPERTI ITU YA , amiin,,,,,",0,2026-04-26T16:00:42Z
@YahikoChan-q6p,Ya udah aja MBG harus di tutup aja di lapangan msh bnyk  ke curangan rakyat kebanyakan TDK detuju,0,2026-04-26T15:39:09Z
@hamidusman104,"MBG kacau balau dibilang Pemerintah Prabowo Subianto bagus, Prabowo linglung",0,2026-04-26T13:51:50Z
@MacantutulPutih,Pak Mahfud kebanggaan ku tp makin kesini makin gak realistis ya,0,2026-04-26T13:48:29Z
@hamidusman104,"Bagus Pak Mahfud MD Harus lantang menyampaikan kebenaran walau pahit,Jangan jadi Penjilat Prabowo Subianto yg tdk berpihak ke rakyat",0,2026-04-26T13:22:03Z
@hamidusman104,Harus jujur berani walau pahit nantinya,0,2026-04-26T13:16:47Z
@rifky_id,permasalahan nya Prabowo bukan dipilih rakyat tapi dipilih oleh seseorang dimana orang itu berpengaruh dikalangan korporasi sebut saja oligarki ibarat Prabowo sebuah mobil ata yang menyetit,0,2026-04-26T13:06:40Z
@SaptadiSaptadi,Preeet!,0,2026-04-26T12:43:55Z
@LourencoSode,99 memang benar teman ku ❤,0,2026-04-26T12:35:12Z
@suudibanjiran,Ayo DPRRI d desak agar mengesahkan UU perampasan aset pak prabowo ayo maju bersama rakyat k gedung DPRRI bila perlu ketua DPRRI d nepalkan jika tdk setuju,0,2026-04-26T08:11:45Z
@OgiSukses-u4x3o,Harus 2 priode probowo,0,2026-04-26T06:52:35Z
@SlametBWabid,Maaf pak mahpud sejak jadi calon presiden gagal kaya demdam kebencian pada pak prabowo terus kaya gila jabatan,0,2026-04-26T06:05:17Z
@PermanaRachmat,"Jadi otoriter negara ini dikelola, gimana jadinya nanti .....",0,2026-04-26T03:22:22Z
@tutinurbandiah7455,Wowo dusta gulingkan !?,0,2026-04-26T00:38:43Z
@tutinurbandiah7455,Jangan menghiansti pensiun NKRI kerja puluhan thn !?,0,2026-04-26T00:37:16Z
@tutinurbandiah7455,"Pak mahpud wakil kiniAmAn ,!?",0,2026-04-26T00:34:39Z
@Danielyw-x6o,Pak prof . Saya selalu memakai konsep kepemimpinan raja raja kuno . Point pertama adalah seorang pemimpin harus secepat nja menangkap penjahat . Dsn mau tanja nih kepada prof . Apa beda nja odnjahat dan pencuri minta tolong dibaha dan jelaskan . Trims . .,0,2026-04-26T00:16:04Z
@tutinurbandiah7455,Nkri kaya Raya tongkat pun jadi makanan ubi kayu contoh jadi makanan !?Hebat kan !!,0,2026-04-26T00:12:45Z
@Danielyw-x6o,Lenser nja pak harto karena terlaku lama menjabat sebagai Ri 1 . Dan sebenar nja pak harto sudah mau mundur tetapj orang dekat nja yang membuat masalah . Beda sampai tahun sekarang ini . Yaitu presiden republik indonesia hanja 1 sampai 2 periode setdlah itu istirahat . . Trims .,0,2026-04-26T00:11:01Z
@tutinurbandiah7455,Menutut rakyat banyak pemeritahan kini serba mahal terutama bahan pokok sandang pangan papan ??Kenaapaa !??,0,2026-04-26T00:09:25Z
@Danielyw-x6o,Mengingatkan kepada pak prof mahmud md . Indonesia ini terlalu luas . Presiden harus tegas . Trims . .,0,2026-04-26T00:07:01Z
@Danielyw-x6o,Presiden Republik Indonesia era dunia maju sekarang ini . Satu dan sampai dua periode . Tidak bisa ditumbangkan dan makar . Bahawa negara indonesia . Negara hukum . Merdeka . Berdaulat . Adil dan makmur . Dan apabila ada yang biking onar dan makar . Di cap sebagai penjahat dan harus secepat nja ditangkap dan di proses secara hukum indonesia . Trims . Daniel . Y . W . Indonesia tercinta . .,0,2026-04-26T00:03:52Z
@HasanIdrus-dg2bq,Sehat pak Prabowo lanjutkan programx.,0,2026-04-25T23:55:39Z
@RuslisamadiRusli,Maaf saya bertanya jumlah koperasi seluruh Indonesia ada kurang lebih 80000 unit koperasi kenapa mobil yang di adakan 105000 unit mobil apa tidak kelebihan?,0,2026-04-25T23:30:14Z
@hariadiprapto8152,Matur suwun pak Mahfud.,0,2026-04-25T23:13:51Z
@AmrisAmris-p9z,Bpk MFD memang DBS,0,2026-04-25T22:45:10Z
@BapakPoniman-pq8nl,Pemerimtahan prabowo..banyak gaguan..mungkin.prabowo.tdk.tegas..mungkin pe garuh.dg.jokowi..dipemerintah.prabowo.blm ada yg menojol.pidato prabowo.ber..apii²tpi prateknya..abu.²,0,2026-04-25T22:17:24Z
@sartonohermawan3105,tolong di dukung prampasan aset yu pasti bisa,0,2026-04-25T20:37:09Z
@sartonohermawan3105,mangkanya maap pak presiden ciptakan BBM murah beras murah dan gas turunkan biar orang yang nyinyir itu kelojotan  atau malu yang bahasanya harus mundur,0,2026-04-25T20:34:19Z
@AhmadHamzah-c2h,Harus segera bentuk kabinet perang,0,2026-04-25T19:34:46Z
@putraaner5336,Sejak PRABOWO menerajui kerajaan INDONESIA..semakin jelas kehancuran indonesia terus berlaku ..semakin lama PRABOWO memimpin indonesia semakin miskin dn sensara seluruh rakyat indonesia..semakin jelas kehancuran indonesia berlaku..lihat saja apa yang berlaku sekarang ini ...EKONOMI indonesia semakin hancur .semua investor lari keluar dari indonesia dn hutang luar negara INDONESIA tidak mampu di bayar ..paling jelas jatuh nya nilai RP di banding DOLLAR AS ...klu PRABOWO tidak di turun kn dari presiden indonesia pasti indonesia bangkrut lebih awal berlaku dari 2030 ..lihat saja nti apa yg berlaku sebelum 2030,0,2026-04-25T17:58:55Z
@tb.adeasnawi9548,Saya  setuju dengan apa yang dikatakan prof mahfud. Dan saya berharap teruskan bahkan lebih keras lgi agar pra bowo dengar.,0,2026-04-25T16:24:42Z
@abisAlsyaf,"Dan masalah koprasi merah putih byk rakyat yg tdk setuju, Krn, yg jualan runcit bakalan gk laku, jika di teruskan koprasi merah putih, bakalan di Indonesian akan byk yg jadi maling, Krn mata pencaharian Meraka sudah di saing oleh koprasi merah putih, Kepada BPK MD Mahfud,coba tolong di usulkan, trimakasih",0,2026-04-25T16:04:06Z
@abisAlsyaf,"Bagus pak MD Mahfud, salut maju trus pak",0,2026-04-25T15:59:10Z
@User-k5u8y,Bejat di tangn prabowo mendingn prabowo tidur biar gk nambah parah,0,2026-04-25T15:54:34Z
@suwantowanto9478,Penjelsann ini harus bisa di dengar oleh para pejabat termasuk presiden bagaimana dengan buku yg pernah di buatnya sendiri oleh pak wowo,0,2026-04-25T15:14:17Z
@MilaMila-k3u,Mahpud MD.di podkes bilang selalu bicara benar. Preeeet..,0,2026-04-25T15:08:32Z
@GumortapSianipar,ORANG INDONESIA MEMANG PINTARNYA MENGKRITIK TAPI KRITIKNYA TDK MEMBANGUN HANYA ADA MAUNYA.,0,2026-04-25T14:25:05Z
@Watini-f3q,Aku percaya mahpud pakarhukum sip jelas dan benar mungkin prabowo udah lupa dgn. Ucapannya ketiga jadi prediden tapi kedaulatan di tangan rakyat,0,2026-04-25T14:02:29Z
@Kanoho-f4x,Pak mahmud jangan ndukung orang gak benar nanti pasti nama pak mahmud iku jadi orang jelek,0,2026-04-25T09:38:21Z
@sugiyono-ll2qh,"Ciri2 org ind klo SDH nggak menjabat pasti ngomong sak enak udelnya, pdhl sebelumnya  menjabat di pemerintahan diam2 sj",0,2026-04-25T08:38:33Z
@kesyahbandarankuppbintunii,Kadang2 yang mengkritik karena tidak mendapat jatah kue,0,2026-04-25T06:54:48Z
@IraWahyungati,Nama makar put orang sakit hati,0,2026-04-25T05:25:03Z
@Wanpurtha123,"JOKOWI BANGUN NEGARA DGN SANGAT BANYAK, DGN, SILA KE 5 PANCASILA. RAKYAT MAYORITAS PUAS DGN KERJA PRABOWO YG BERANTAS2 MALING2 UANG NEGARA, MAFIA2. YG TAK PUAS, LAWAN2 POLITIK, MAFIA2 DAN MALING2.",0,2026-04-25T04:56:52Z
@y.suwarnowarno2971,"Akhir perkuliahan ini, warno ikut paham pak Mahfud MD, kamivwarga Bekasi Utara. ❤",1,2026-04-25T04:55:16Z
@y.suwarnowarno2971,"Mengikuti kuliah Pak Mahwud MD, pasti menjadi mempunyai wawasan yg sehat & benar. Berani bersaksi, mana yg benar dan mana tdk benar. Permasalahan nyaauenjadi orang baik & benar sangat banyak tantangan yg harus dihadapi. ( kenyataan di masyarakat kami orang kecil punya niat2 itu, tetapi dipatahkan oleh para mafia2 yg brengsek)",1,2026-04-25T04:20:57Z
@otje777,Setuju sebelum mendapat kutukan dari Allah dan di hakimin rakyat,0,2026-04-25T03:39:20Z
@nandaawaliya,Terus berjuang dalam kebaikan demi rakyat Indonesia,0,2026-04-25T02:57:39Z
@williamchandra3799,omongan prabowo ini sepertinya cocok kata prof Mahfud siang tahu sore tempe.,0,2026-04-25T02:45:33Z
@Suwito-s6s7i,Indonesia di saat dunia dlm situasi yg gunhang ganjing ekonominya tp skrng masih stabil.,0,2026-04-25T02:44:06Z
@Suwito-s6s7i,Antek yg ada di Indonesia sudah berkarat...yg selama ini menikmati komisi dari asing..TK peduli dengan nasib rakyat kecil Indonesia.. penghianat para pahlawan.,0,2026-04-25T02:40:27Z
@williamchandra3799,"prof Mahfud, prabowo itu menit yg lalu bicara apa setelah menit berikutnya sudah tidak berlaku.",0,2026-04-25T02:37:46Z
@williamchandra3799,prof Mahfud itu kata prabowo dulu sebelum jabat presiden tapi sekarang setelah jabat dia merasa berkuasa kok enak ber korupsi.,0,2026-04-25T02:34:50Z
@pakhendra9526,TURUNKAN SBLUM NEGERI INI RATA DGN AIR MATA,0,2026-04-25T00:44:24Z
@budisantoso-kt4yg,"Rencana makar sudah terlaksana, tinggal menunggu waktu saja pelaksanaannya, sehingga BIN jangan lengah, antek asing jangan diberi kesempatan utk bergerak, apalagi melangkah. Antek asing sangat berbahaya!!",0,2026-04-25T00:27:20Z
@MinuiSeminui,"Iyaaa,,,trimakesih, ,pak Mahfud MD  buka  baik baik baik saja yah ,",0,2026-04-24T23:59:32Z
@makmur-c7e,"Yang jelek bersih kan cuci dan diseterika untuk mencapai sukses 
Yang kurang berguna lepaskan",0,2026-04-24T21:40:28Z
@MandakiJanjang,"Mantap pak,,masih ada ksemptan untuk buak baik pak,,",0,2026-04-24T17:26:10Z
@fransiscusanakotta2047,"Cukup jelas penjelasan Pak Mahmud,ini harus dmbil oleh Pemerintah utk mengevalusi kinerja pemerintah selama 18 bulan ini",1,2026-04-24T15:25:03Z
@YosiOciko,Mantap Prof👍👍👍,0,2026-04-24T15:10:52Z
@paksuranto6052,Mantan pak masuk md lanjut berikan masukkan yg sehat pemerintah ini yg kurang membela rakyat kecil,0,2026-04-24T14:52:26Z
@kasminsh5473,"Ini frof omong kosong terus tdk ada solusi utk ngatasi hanya omong kosong tdk ada kenyataan krn omong kosong, prabowo fakta rakyat masih bisa maksn minum sehari hari, dan rakyat nyaya fakta di tengah rakyat, tapu oknom penyinyir helas jelasjan tapu tdk ada solusi hanya omong kosong terus tiap hari sampai mati ya kosong blong, rakyat tdk percaya dgn omong kosong, yg fiminta nyata fakta rZkyat masih busa makan minum yv di nyatakan pknprabowo smg sadar sabar aamiin.",0,2026-04-24T14:02:54Z
@danielnoman,"Tks Pak Mahfud utk podkes ""terus terang"" ini, maju terus mencerdaskan bangsa ini lebih cerdas dan sehat sbg warga negara yg bertanggung jawab.",3,2026-04-24T11:53:54Z
@AdeOppo-h1r7j,Gaspol ..........,0,2026-04-24T10:10:09Z
@CekolBro,Sy pribadi akui brani PK mahps Krn sy udh bresrt ktka dia jdi mantri polhm tpi syng reel blum trkh,0,2026-04-24T08:10:46Z
@SukartiSukarti-q2u,"tolong pk mahfud,, pk prabowo bth orang kek bpk  ,,",0,2026-04-24T07:30:50Z
@suhardihardi158,"Tegakkan SUPERMASI HUKUM.
Ini hanya sebatas kata2 belaka.
Bukan tembus ke hati.",0,2026-04-24T07:02:27Z
@suhardihardi158,"Memang betul p.Mahmud.
Politik demokrasi telah terbelenggu UANG.",0,2026-04-24T07:00:47Z
@suhardihardi158,"Lalu bagaimana
Anggota DPR sbg.simbol perwakilan rakyat peran serta pengawasan jalannya EKSEKUTIP .
Mungkin terlalu gemuk BERKOALISI dng EKSEKUTIP.
maka secara cendikiawan perorangan menyampaikan KRITIK
Untuk itu para DPR jangan takut menyampaikan kritik
Walau anda terbelenggu oleh ketua umum partai.
Yg telah berkoalisi.",0,2026-04-24T06:55:38Z
@Sukanto1165,"Kenapa pak Prabowo ini kok jadi begini...kalau menjalankan sesuai dg isi hatinya sangat2 baik sekali malah ditulis dalam buku..kok kenyataannya jadi begini..apa ada yg dibawahnya ada yg mau menjatuhkan beliau ini...gawat...gawat...gawat, ada apa dibalik ini.padahal ada pakar hukum hebat2 seperti Yusril ihza Mahendra, Eddy fredes, Otto Hasibuan...masa gak kasih tau.gak ngerti tata negara.pak Mahfud MD, pakar hukum yg bermanfaat buat negari ini. mks.pak sehat selalu.",1,2026-04-24T05:54:14Z
@diditsukitno6915,"Yang rakyat rasakan dan pertanyakan, terhadap bpk prof Mahpud MD.
Kenapa pergantian rezim / pemimpin di Indonesia selalu saja gaduh, dalam pemilu apa rakyatnya yang bodoh memilih, padahal rakyat Indonesia di kenal tangguh ta'at dan efesien 🙏🙏🇮🇩",0,2026-04-24T05:42:09Z
@dwiwijonarko6002,Hebat pejabat kalo lagi jabat tak bisa bicara dan tak bisa kerja tapi kalo gak jabat waduh pinternya.... Ampun deh aslinya kalo mereka jabat lagi aman nyaman gak buat kisruh negri ini .,0,2026-04-24T04:14:07Z
@jundurnafi5509,p. mahfud semakin membingungkan.... tdk spt yg dulu lagi  he... he,0,2026-04-24T03:44:00Z
@sugiriyanto-o9v,"Makar itu kalau Pemerintah sdh sesuai dalam menerapkan Aturan ,atau sudah sesuai dgn UU 1945 dalam Kebijakan nya, itu nama Makar, Kalau Pemerintah salah dalam menerapkan Aturan nya tidak sesuai dengan UU 1945 itu nama nya Bukan Makar .
Masih banyak orang gak paham devinisi Makar itu apa , 
Kalau Pemerintah Dangkal di Nasehati dan langgar UU terus itu layak di jatuhkan , itu bukan Makar",0,2026-04-24T00:44:18Z
@restuyuwono8948,2030 indonesia bubar.....sekarang  ia bekerja  dituntun oleh otak bawah sadar menuju kehancuran...gimana ini,0,2026-04-24T00:20:57Z
@DwiHarmoni,"Semoga, di beri kesejahteraan selalu dlm lindungan Tuhan yang maha Esa, trima kasih atas masukan dan berbagi ilmunya , amiin",0,2026-04-23T23:49:55Z
@agasgaming4325,Mantan pejabat tinggi negara  masih harus kekuasaan,0,2026-04-23T23:39:22Z
@NurdinGimpu,Yo mari bertobatlah para koruptor demi rakyat Indonesia.,0,2026-04-23T23:26:41Z
@SaripahNur-n3s,Manusia  tidak ada  yg sempurna.. Dan selalu  ada salah. Tapi saya percaya Bapa mahput. Yg selalu ingat sama undang undang 45..ingat betapa  bratnya per juangan dan citacita. Kemakmuran untuk Rakyat.,0,2026-04-23T19:55:14Z
@SuYatno-u9r,"Kritik pakai aturan, ada etika, ada adap, boleh ngomong, tapi ada adap, jangan asal ngomong. Itu yg penting.",1,2026-04-23T18:37:39Z
@UpanPan-cz2pq,Waduh wa mahpud maumu opo wa opo karepe😅,0,2026-04-23T18:23:13Z
@rahmatl6767,Siapapun presiden selalu mencintai rakyatnya siapapun presiden nya pasti ada pembencinya untuk menjelek jelekan presiden seolah olah presiden itu ingin memusuhi rakyatnya pernyataan seperti itu tidak rasional tidak logis tapi kenyataan terjadi seperti itu semua orang merasa diri mereka paling benar apa yang di asumsikan ketika mereka belum menjadi seorang pemimpin ketika mereka menjadi seorang pemimpin mungkin saja mereka bakal sadar bagaimana rasanya jadi pemimpin yang di sukai banyak orang sekaligus di benci karena pengaruh persaingan global,0,2026-04-23T17:45:04Z
@imamsulistiyo4414,Prabowo pembela rakyat Indonesia,0,2026-04-23T16:35:56Z
@AbahErwin-u7r,Masalah parabowo tidak punja insiatif sendiri masih ikut Jokowi masih nurut jokowi,0,2026-04-23T16:12:39Z
@AbahErwin-u7r,"Udah Jang menang, 2024,Anis pemilu licik",0,2026-04-23T16:09:33Z
@husenganteng7545,"Saya sebagai masarakat kecil,tidak butuh demokrasi ini itu yg saya ingin masyarakat kita sejahtera ekonomi,,,",0,2026-04-23T16:04:52Z
@dasrills7156,"Hei pak Bowo dengar Wawan cara pak MD,bagaimana janji mu",0,2026-04-23T16:03:39Z
@hasmonosaptowijoyo6968,Pak. Mahfud. Ini. Orangnya. Siapa,0,2026-04-23T15:48:38Z
@Bambang-nf3zn,Mbg hanya menyuburkn koropsi mbg hnya    alat politik kekuasaan,0,2026-04-23T15:41:18Z
@Triyoso1995,S e t u j u,0,2026-04-23T15:20:59Z
@TontowiTowi-j2f,"Klu terjadi demo besar,2an emang itu bukan makst",0,2026-04-23T15:19:31Z
@ikarembang2654,Gak dapat tempat sekrang menjadi penghujat,0,2026-04-23T14:40:09Z
@mkyanto,Menuju 20 rb per 1 $...masih berani pegang ?,0,2026-04-23T14:29:15Z
@HendrikSukardi-b6w,"Sayang banyak yg ingin negara ini rusak.Tindakan preventif lebih baik dari pada ada gerkan dulu baru ditindak.Costnya mahal prof.
Aku menduga kalau ini tidak secepatnya diatasi maka akan ada pertumpahan darah.",0,2026-04-23T14:11:41Z
@SudiYanto-z6w,Prabowo buat indonesia hancur.,0,2026-04-23T14:07:33Z
@HjSudrajatSudarajat,Apakah bicara .menjatuhkan persiden  merupakan  keritik pa mahpud,0,2026-04-23T13:44:06Z
@Heriputra12Heri,Bukannya di minta mundur tapi pemufakatan menggulingkan hasil pemilu DEMOKRASI ! kalau itu bukan makar apa lagi namanya prof ?.,0,2026-04-23T13:25:14Z
@MaxBudiRachmat,Jatuhkan itu harus ada dasar Hukumnya...! Apa pelanggaran Hukum yang dilakukan Prabowo - Gibran...? Kalau tidak ada... itu Makar namanya... hukum harus ditegakan... Indonesia negara Hukum.,0,2026-04-23T13:13:16Z
@iketutnerkha3490,"Semua kebijakan yang memerlukan biaya , tentu uangnya milik rakyat, karena itu bila biaya kebijakan itu rakyat tidak tahu dan merugikan rakyat, mungkin rakyat bisa marah.",0,2026-04-23T13:09:43Z
@iketutnerkha3490,"Bila betul membela kepentingan rakyat, mestinya kebijakan pemerintah harus memihak kepentingan rakyat, bila perlu apapun yang hendak dijadikan kebijakan dibicarakan dulu kepada rakyat/wakil rakyat, agar jangan kebijakan itu hanya bagus menurut pemerintah saja.",0,2026-04-23T13:02:39Z
@UmarBatram,Mahpud md katanya guru besar apa.pekerjaan anda waktu anda jadi Mentri apa yg anda perbuat utk kebaikan bangsa ini,0,2026-04-23T12:25:55Z
@suratnooo-w3v,"Ayo terus suarakan kebenaran prof, bahaya indonesia di 10 th terahir ini di pimpin Jokowi di lanjut Prabowo, lebih parah dari ORDE BARU yg dulu dikecam",0,2026-04-23T12:12:35Z
@sunarnongadenan8863,Resapel. Parpol harus di gabung menjadi. 3 atau 4 parpol saja.krn menurut pendapatku banyaknya parpol hanya menyuburkan tumbuhnya setan setan pencuri APBN/APBD saja x y.,0,2026-04-23T11:05:17Z
@RasiwanWan-u2z,LANJUTKAN SEMANGAT BELA KEBENARAN PAK PROF.....BPK MEWAKILI RAKYAT YG KEBANYAKAN DIAM GAK BERANI  TAPI RAKYAT MENGERTI .,1,2026-04-23T09:29:07Z
@SaitTomia-m3f,"Salam mualaikum,,, trimakasi  bkp  Mahmud,,, mohon  maaf  ,,,, Dengan infonya,,,, jelas terang   dan semoga  para pembina negara yg lain  dengan hal
Yg jadi kewajibannya  ,,, bisa searah  dengan maksut dan tujuan   NEGARA 
KEDEPAN  ,, YG RAKYAT  KELUH DAN
MENGHARAP   ITU PERLINDUNGAN 
UNTUK SELURUH  WARGA NEGARA 
     PENEGAK HUKUM  ITU YG UTAMA 
YG  SELALU  RAKYAT  MENCARI KEADILAN  ,, KALAU MEMANG NEGARA
BERTUJUAN   BENAR DARI   YG  BERTANGGUNG JAWAB  SOLUSINYA 
ADA PP ADA  PENGABDI  BANGSA KITA  
SEMOGA  KITA SEMUA DAPAT LINDUNGAN  ALLAH   MOHON MAAF 
SALAM MUALAIKUM",0,2026-04-23T08:48:06Z
@HaryYoga-v5v,Haala ini barisan. Orang yg sakit hati kalah pemilu.. Perkataan itu udah menuju makar.. Jangan demokrasi jadi alasan dong..,0,2026-04-23T06:45:09Z
@AkhmadMalik-s3o,"Saya tidak bisa komentar disini
Sebelum MAHKAMA AGUNG ME
NYELESAIKAN UU.PERAMPASAN
ASSET.",0,2026-04-23T04:54:10Z
@SumaryonoSumaryono-e6j,"Trimakasih Prof,srhat² selalu dan selalu dalam lindungan Alloh,semoga pak Prabowo segera insyaf negara bukan milik pribadi,terus kan perjuangannya prof  menyuarakan kebenaran demi NKRI ,hukum dan demokrasi di Indonesia sdh sangat miris",0,2026-04-23T04:07:16Z
@nanamaulana1147,Preeettt.......,0,2026-04-23T02:49:54Z
@LalumuhammadHasyim-z4w,"As. Maap yaa, ustatz² yg banyak ngomong ini, ingat"" Islam mengajarkan orang yg beriman kepada Alloh dan hari kemudian dia akan Bicara yg baik, kalau tidak bisa lebih baik diam ! Oleh karena itu bapak Pe Amat² jangan banyak ngomong Ooooke !",0,2026-04-23T02:36:53Z
@hotmawatipanggabean9471,"UU perampasan asset di diamkan yg koropsi tambah merdeka ,stop MBG ..pantas pak MD Capres dan cawapres pak KDM baru mantul negara kita ini",0,2026-04-23T01:58:00Z
@mohamadridwan557,Prof itu mengajak menjatuhkan prabowo dan artinya menjatuhkan pemerintah yg sah  klo ngajak 2 artiny  tetap makar!!!!!!!!!!!!!!!.,0,2026-04-23T00:31:45Z
@HassinAssin-k8d5t,❤❤❤,0,2026-04-23T00:28:11Z
@AhmadErwin-t7l,"Kerjaan para penjilat selalu bilang sama pengkritik  presiden MAKAR, tdk NKRI.
sebenarnya negara dalam keadaan bahaya banyak si penjilat² ini.
Coba kalau tdk ada penjilat..INDONESIA BISA MAJU",0,2026-04-23T00:09:20Z
@DidikWahyudi-w6k,"Ya bapak Mafud lah yg brani, coba tolong pak  Bapak yg memprakrasai please !!!trus ajak teman2 cendekiawan & para jenderal, serta para pemuka agama",0,2026-04-23T00:08:43Z
@endangkusnadi9824,"Buat Pak Mahfud : Bapak saya tahu kecerdasan dan kemampuan anda dalam bernegara, tapi saat ini maaf saya katakan bahwa pemikiran yg bapak kemukakan ke publik itu bertolak belakang dengan cara berfikir dan kecerdasan bapak.",0,2026-04-22T23:07:42Z
@LukmanMokodongan-m7o,"Pemimpin tidak boleh anti Kritik, tapi mau mendengarkan aspirasi rakyat yang sifatnya konstruktif, kita bangun negara ini bersama- sama dengan hati bukan dengan sifat arogan mau menang sendiri,",0,2026-04-22T22:21:17Z
@LusiWulandari-u2r,Orong ini bang gak bisa muon. Kaya kayanya ingin  jadi cawapres bang buat gado,0,2026-04-22T19:17:46Z
@sobirin6295,Kami setuju pendapat pak Mahfud MBG lada 3:04 ng koruptor😎,0,2026-04-22T16:31:01Z
@tomi-b4u1d,Preeeeeeeetttt,0,2026-04-22T16:14:34Z
@AldySanjaya-m2b,Mantap pak mahfud..👍👍👍👍,0,2026-04-22T15:49:00Z
@Idnjaya558,"Profesor, lupa ada prefentif, kuratif semua karna dan gagasan baru gerakan, menggalang kekuatan untuk menjatuhkan pemerintah yang sah, ya menuju makar, jangan terjadi ya di amankan.",0,2026-04-22T15:43:31Z
@skyjavaind,"Sebenarnya hanya kebelet berkuasa,tapi apa daya rakyat kurang meliriknya.makanya Amin Rais ke dua",0,2026-04-22T15:42:39Z
@AsepWa-b9u,Rakyat menung gu pejabat atou peminpin yg mampu memberkan hukuman mati aset nya sita bagi koruptor,0,2026-04-22T15:11:44Z
@AsepWa-b9u,Pa mahpud negara ini punya koruptor sebab koruptor sudah menguasai di semua intansi sudah meresahkan rakyat untuk itu terbitkan PP hukuman mati dan aset nya sita bagi koruptor sampai saat ini belum ada yg mampu,0,2026-04-22T15:08:10Z
@Saya-iq1vm,"Mafud, me, memplitir, hukum, sewenang2, bikinrusak, masyarakat,",0,2026-04-22T15:05:28Z
@ObethAinusi-l8u,Hadir,0,2026-04-22T15:00:13Z
@hamidahyuningsih8045,Masya Allah tidak semua rakyat ingin pak prabowo mendur hanya mintak kebijakan nya dan janji janji yang sudah di sampaikan yang belum di lakukan nya kepada rakyat memberantas korupsi lapangan pekerjaan ekonomi pendidikan banyak yang lainnya lagi yang haru di bena oleh pak prabowo untuk ke makmuran rakyat indonesia ❤,1,2026-04-22T14:49:08Z
@mocharif1878,Aku tidak setuju pak Prabowo mundur. orang2 yg bikin kegadoan indonesi yg bikin kisro.senengane cari2 kesalahan orang lain blumtentu dirinya  jadi persiden rakyat makmur.kakean omongetok.,0,2026-04-22T14:09:11Z
@aldiansumardi6295,"Prof Mahfud. Mau tanya : kita sewa gudang di jombang, u produksi briket batok kelapa. Kontrakan sisa bbrp bln hbs. Tiba2 ada org timteng mau lanjut kerj disisa kontrakan. Gud, mesin, tenaga, listrik punya kita dipake, dg janji kita diksh 20 %  Stlh berjln bbrp bln , hsl produksi numpuk, dititip digudang kita. Kontrakan mau hbs, kita tdk perpjg, kita srh ambil brg, byr fee u kita kr pemilik minta kosongkan segra. Kr kita bingung, brg bnyk g diambil, kita blm dibyr, dipanggil g mau dtg, akhirnya brg kita jdkn duit. Skg dia nuntut pidana, kok bisa prof. Gmn case ni sbnrnya, prof & sepertinya kerj sm dg polisi u menjebak kita. & tq prof",0,2026-04-22T13:53:22Z
@singimale1233,Dulu cocok nya mafmud dan ganjaar.. pengalaman kurang apa lagi soal 2 orang ini 😢 sangat tenang dan. Berwibawa,0,2026-04-22T13:41:30Z
@Suprapto-o3f,"Kalah nyapres ya hrs legowo,gak usah ikut""an pendukungnya saat nyapres.
Masy faham siap yg minor itu ya pendukungnya saat nyapres.",0,2026-04-22T13:25:59Z
@Samiun-x4s,"Ingat baik baik pak Prabowo anda bukan penguasa tetapi pelayan rakyat,jangan jahat dengan rakyat......rakyat mengeritik jangan diancam dengan pasal makar.....bubarkan sajalah yang namanya relawan.....tukang obok obok demokrasi rakyat.......??????",0,2026-04-22T13:25:16Z
@sariono5303,"Memang seharusnya p Prabowo pensiun dini dengan hormat,karena 18 bulan ini kita sudah tau dg kemampuan p Prabowo masih kurang buat bangsa ini.",0,2026-04-22T13:13:41Z
@muadicaca6560,Betul DPR GK berguna cm cari dan merampas uang rakyat bikin undang undang nyusahin rakyat bikin negara hancur,0,2026-04-22T13:08:24Z
@AchmadAnis-l8i,"sangat benar apa yg dikatakan oleh pk Mahfud 👍 klo memang negara indonesia mau maju dan makmur, Jaya indonesia 🇮🇩💪",0,2026-04-22T12:33:42Z
@Arceliocomel,"Mahmud md sok cerdas, muzani itu sudah jelas ingin mrnggulingkan presiden , yo  jelas makar , apalagi yg ingin   menggulingkan dua glintir orang",0,2026-04-22T12:16:59Z
@MiraMira1234-c2g,PA Mahmud Keren buwang mbg,0,2026-04-22T11:53:26Z
@bocilkematian706,SErukan terus pak mahfud jangan takut.,0,2026-04-22T11:51:35Z
@bocilkematian706,"ITU NANTI SEJATA MAKAN TUAN,BUKU WOWO",0,2026-04-22T11:33:00Z
@bocilkematian706,"KAlAU  TIDAK MAU BERUBAH, KAMI RAKYAT KECIL SETUJU TURUNKAN PAKSA .",0,2026-04-22T11:25:56Z
@YusniarA-k5q,Prabowo tidak layak jadi presiden dari segi umurnya sudahtidak cocok sudah lansia ingatannya sudah ngawur sebaiknya di turunkan  masih banyak orang² pintar laindi negri ini,0,2026-04-22T11:21:42Z
@bocilkematian706,BERARTI MAUNYA DIPUJITPI TDK MAU DIPERBAIKI KALAU SALAH. ALIAS SOMBONG.,0,2026-04-22T11:12:40Z
@bocilkematian706,"Kami jg sangan kawatir pemerintahan prabowo,sesuai arahan apa pada ngarang sendiri tiap2 pejabat",0,2026-04-22T11:08:01Z
@betrowelfi9449,Emang masih ada orang jujur?,0,2026-04-22T10:49:40Z
@NenekNun-r2e,❤,0,2026-04-22T10:42:13Z
@sontoloyo715,"Tanpa diawasi mud. sudah ads polisi,jaksa kpk ..
Tak mud recokin..
Mbg jelas ..keadulan sosial yg dimulai dari anak anak kita ,miskin.. sampai kaya..
Anak kampus mud  sudah sadar bahwa kalian hanya jadi pengasut ..dan fitna org pemimpin jadi jangan jadi propikasi",0,2026-04-22T10:04:38Z
@sontoloyo715,"Kata ngajak +mari kita gulingkan prabowo!itu namaya ajakannperintah mengasut utk mengulingka  prabowo ..itu makar mafud ... 
Dasar..benci mbg,Bop,indonesia gelap,mk ,masa se tara mahfud ..memelintir narasi Saiful mujanis   bukan makar pengasut menuju keos",0,2026-04-22T09:44:50Z
@MuthoharTohar-p7p,Ingat  setelah mendapat anugrah ke kuwasaan  perlu  ingat berapa lama  kita hidup di dnia ini mana kalaa  kita  kurang dapat  melaksanakan  amanah,0,2026-04-22T09:23:42Z
@KamaruddinKama-k8t,Sebaiknya Prof Mahfud MD menjadi ketua pengawasan Pemerintah Pusat yang independen. 😊,0,2026-04-22T08:04:41Z
@ladiyonoladiyono7108,Mohon kalau membenahi yg sesuasi konstitusi bener2 hrs tegas jangan setengah hsti,0,2026-04-22T07:19:04Z
@SiswandiSiswanto-k3k,Yg baik indonesia d tangan p mafud,0,2026-04-22T06:50:23Z
@deruspita9560,Mudah2an presiden saat ini tidak hanya omon2.,0,2026-04-22T05:39:17Z
@CasmadCasmad-g7d,"Mahfud MD irih kepingin memimpin hahaha belum tentu bisa aman negara RI 🇮🇩 ini kasihan , kalah tarung pencalonan presiden dengan pak Prabowo",0,2026-04-22T04:52:45Z
@KomAri-ej8rz,Persiden dipilih oleh rakyat dan rakyat punya hak untuk mengeritik kalau yg dipilih gk benar kalau gk mau dikritik turun aja jangan jadi pemimpin  pemimpin apa aja aq setuju pk mahfudz terus semangat prof,0,2026-04-22T04:48:21Z
@rahmatzuhirbkl8667,"Ingat 3x,rakyat indonesia tdk bodoh seperti anggapan para pejabat!",0,2026-04-22T04:22:11Z
@toksengat8588,MALING BERLATIH SNDRI JADI TOYUL GUNDOL BISA CURI US DOLLARS DARI BANKERS ASKANAZI,0,2026-04-22T03:45:25Z
@rendrastanfordi7861,"semasa muda bercita-cita mulia, ketika tua jadi mulyono 2 😏",0,2026-04-22T03:35:40Z
@hartinitsm1724,Mantp pk md,0,2026-04-22T03:19:22Z
@UsmanMuda-i9d,"INDONESIA INI KALAU MAU AMAN, JANGAN TERLALU BANYAK PARTAI, EVISIENKAN PARTAI CUKUP 3 SAJA. KITA LIHAT NEGARA YANG MAJU ITU TIDAK TERLALU BANYAK PARTAI.",0,2026-04-22T02:17:43Z
@ahmadhisan7788,Menepuk Air di Baskom Indo... Terpencil Muka Sendiri... 😅😊😂,0,2026-04-22T01:22:28Z
@masheru-se2tw,Alhamdulillah..,0,2026-04-22T00:31:20Z
@Kakeknenek123-qc3wk,Penjabat yg melanggar UUD tidak layak suara kan terus pak Mahfud,0,2026-04-22T00:25:02Z
@lutfimuhammadsyibli9362,"Lama2 gk anak sekolah aja yg dpt MBG, seluruh masyarakat bakal dpt MBG, sehingga, yg miskin semakin miskin",0,2026-04-21T23:40:18Z
@dhanoesoepomo4913,audensi presiden dg semua mentri2,0,2026-04-21T23:34:15Z
@dhanoesoepomo4913,"kritik oke tapi harus diberi solusi tdk koar2 gulingkan gulingkan , kan ada jalan audensi
dg presiden bila dpr tdk bisa.",0,2026-04-21T23:23:35Z
@Palembang-w6b,Bener. Pak. Mahmut. Md. Mau. Menggolingka.p.nkri..mestinya. mendukung.,1,2026-04-21T23:16:38Z
@Palembang-w6b,Saya. Orang. Desa. Maap. Sebelumnya. Saya. Komentar. Intinya. Jangan. Makar. Dan. Jadi. Propokator. Ibaratnya. Wayang. Jangan. Kaya. Sengkuni.,0,2026-04-21T23:11:24Z
@BasudewaKrisna-ef6ww,"MARMUT MD DUKUNG  GROMBOLAN YG MAU MENGULINGKANNPRABOWO, KRN MARMUT MD SAKIT HATI KALAH PILPRES",0,2026-04-21T21:11:13Z
@siswantosiswanto6859,Manusia TDK ada yang sempurna TDK ada yang paling baik introspeksi diri utk menjaga keseimbangan perjuangan hidup filosopi org Jawa becik ketitik wong olo bakal ketoro/kelihatan sing penting berbuat dan buktikan buktikan,0,2026-04-21T19:31:31Z
@minukyamirah4303,"Presiden omon omon doang,buktinya nol",1,2026-04-21T18:47:38Z
@minukyamirah4303,"Prabowo wajib mundur dari presiden,rakyat sudah muak.",1,2026-04-21T18:46:53Z
@FajarekoPriyanto-c4r,"Alhamdulilah pak prabowo udah ngerti gimana jadinya indonesia setelah penggantinya beliau,.. 
Yang saya kuatirkan kalo udah ganti president, indonesia bakal gelap anak cucu kita yg kena imbasnya..
Kali ini saya udah lega denger  cerita pak mahfud tentang pakprabowo",0,2026-04-21T18:24:47Z
@sunaryosunaryo2755,Kok berusaha jujur berarti...,0,2026-04-21T17:36:53Z
@DjDjol-f9w8j,"Anda sebagai tokoh, harusnyajuga, punya pandangan yg bersifat pesan dan kesan kalau mau negara ini masih ber adab.",0,2026-04-21T17:09:40Z
@antisukamti8684,"Semoga pak Mafud MD diberkahi dan dirakhmati serta dilindungi Allah swt.
Terimakasih pak",0,2026-04-21T16:28:40Z
@nyomanwirawan3340,"Coba Mahpud kemarin menang, lain pendapat dan pikirannya.pada waktu Mentri  sama saja hukum tidak ada perubahan",0,2026-04-21T16:17:56Z
@KurtislimyWantas,Tidak salah lek Harto aja mau di gulingkan....maka Amanah nya pililah.pemimpin yg sehat lahir batin dan berakhlak.bukannya pemimpin dari politisi sakit apa lagi dari jendral sakit.yg menyengsarakan rakyat Indonesia.,0,2026-04-21T16:03:05Z
@yokoludia6908,Tetap usut tuntas dan ayo di kawal bersama untuk memberantas Korupsi mulai dari desa sampai kota ya pak Mahfud.,0,2026-04-21T15:48:36Z
@yokoludia6908,Semoga bapak Mahfud MD tetap sehat selalu ya pak.,0,2026-04-21T15:47:05Z
@yokoludia6908,Majulah bapak ke RI 1,0,2026-04-21T15:46:00Z
@yokoludia6908,Pembicaraan bapak Mahfud MD saya sangat menghargai dan sangat setuju maju kedepanya Bangsa Dan Negara Indonesia ini. ❤❤,0,2026-04-21T15:45:29Z
@gaisanzakiyarafa,Prabowo legowo 3 kali kalah.Politik gagal tunggu 2o29 jangan putar putar Makar jalanan,0,2026-04-21T15:25:47Z
@sontoloyo715,"Kata mengulingkan jelas kata kerja,
Mengasut utk berbuat mengulingkan melengserkan Prabowo.",0,2026-04-21T14:56:46Z
@sontoloyo715,Mahfud ini belah sesama porofesor walaupun jelas mengulingkan prabowo.,0,2026-04-21T14:55:30Z
@Jalu-qr3et,"Rezim NDABLEG....!!!

Makar atau bukan makar  sesuai kon stitusi atau tidak.
Nggak ada urusan.

TURUNKAN PRABOWO KEMUDIAN LAKUKAN PEMILU LUAR BISA UNTUK PRESIDENT 2026 - 2031.",0,2026-04-21T13:58:06Z
@esuryana5235,Buang energi nonton vidio mahfud,0,2026-04-21T13:57:03Z
@sendiamartris,"Maka setelah menyimak ulasan ini, maka teramat dungulah yg menganggap & melaporkan makar saiful muzani dll.",0,2026-04-21T13:18:33Z
@hartoyo5549,"Indonesia milik rakyat indonesia , bukan milik penguasa",0,2026-04-21T13:16:23Z
@opoassa2031,"Semua orang di dunia ini, tidak ada yang sempurna, tetapi ada keunggulan tertentu seperti, tidak mengutuk suatu negara tertentu, seperti negara Israel.",0,2026-04-21T13:08:21Z
@sendiamartris,"Tidak akan ada lagi kebaikan utk rakyat & utk bangsa ini,  diam di injak & dilahab, berani dibungkam & dkriminalisasi. Kuota koalisi 80% lebih di DPR...mungkinkah kuota ini baik? Menurut keyakinan saya, akan semakin hancurlah bangsa ini.",0,2026-04-21T13:01:35Z
@opoassa2031,"Masalah yang sangat sensitif sekarang yang dihadapi pemerintah / Presiden adalah masalah Internasional antara lain: 
1. Tidak berpihak ke Iran, tapi bernegosiasi dengan AS dan Israel.
2. Masalah Palestina/Hamas.
Jadi menurut penilaian saya mari kita secara bersama-sama untuk membersihkan para teroris di negara Republik Indonesia.",0,2026-04-21T12:57:18Z
@ramadanbagusMaulana,Assalamualaikum Hay Mahmud MD kalau udah tidak  terlalu di pakai sama kabinet merah jadi banyak oceh sini oceh sana....Mahmud MD aktipis 98 ...yang gagal .. sok pinter tapi kadang kadang pikun ... Yang lebih cocok mahmud MD jadi bos tempe dan tahu ..... kalau tidak di pake sama Kabinet merah putih....dari jaman gus dur sampai sekarang sudah beberapa kali menjadi metri ...bicaranya kaya bukan negara one...pantes nya dia jadi bos tempe tahu ajah ...biar diam selam nya,0,2026-04-21T12:51:18Z
@HUsman-d7z,Gimana pak Mahpud katanya Gibran itu gak punyak ijasah kok bisa jadi wakil,0,2026-04-21T12:45:29Z
@UserMasMov,Kalau ingin mengganti pemerintahan ya kayak Gus Dur dijatuh kan  amin Mega dan Jokowi seperti itu aja,0,2026-04-21T12:31:56Z
@budiprayitnoprayitno6335,Semoga bpk mahfud md selaku sehat selalu dalam lindunfan Nya . Amin,0,2026-04-21T12:27:14Z
@TrisnoMulyono-j7w,Sy dukung p Mahfud MD desak pengesahan UUD perampasan aset koroptor,0,2026-04-21T12:13:49Z
@indieka8367,Programnya pak Prabowo diluar nalar pak .!!!ga jelas...!!,0,2026-04-21T11:40:41Z
@TrisnoMulyono-j7w,Mana wowokatanya sikat koropsi sampe antartika buktinya mana senyap2saja koroptor pengesahan UU perpasanaset koroptor mana omong2doang GK ada bukti  hampir 2thnmenjabat,0,2026-04-21T11:16:05Z
@DeniDeny-my9qy,Wajar kalau rakyat marah. Pak prabowo ini tdk mau peduli pd masukan.,0,2026-04-21T10:16:18Z
@wongndesoo8455,"APAPUN ITU SAYA BERSYUKUR HIDUP DI INDONESIA, NEGARA LAIN JUGA BANYAK MASALAH. DI INDONESIA MASIH BISA NGOPI, KERJA DAN IBADAH DENGAN TENANG...",0,2026-04-21T09:53:52Z
@NarzoNarzo-t4r,"Sekali lagi saya anjurkan supaya buku tulisan BPK Prabowo dibedah kembali didepannya, supaya dia ingat kembali apa yang pernah dia pikirkan, saya kwatir dia sudah pikun..",0,2026-04-21T08:43:08Z
@AzisMora,Tinggal nunggu hancur kl negara begini terus.kita rakyt hrus berpikir logis.keritik harus anarkis jangan.terus kita suara suarakan kebenaran agar ngra kita tercinta tdk akan hancur.,0,2026-04-21T07:40:00Z
@YakobusRamlin,Alangkah baiknya demo besar2an  utk menggulingkan  presiden Prabowo karena pemerintahan SDH berjalan 18 BLN  TDK  ada buktinya hanya berbicara tth MBG dan koperasi merah putih.apakah sektor lain TDK dibutukan oleh masyarakat?....,0,2026-04-21T03:27:13Z
@Gifari-v7g,Makin kacau Konoha ini,0,2026-04-21T01:57:12Z
@Gifari-v7g,Persis kayak trum semua semau2 dewe,0,2026-04-21T01:56:00Z
@AlievJusup,Hanya politisi yang bisa maling dan berbohong tapi tetap terhormat.,0,2026-04-21T01:05:47Z
@Mbah_Yong,Profesionallah prof,0,2026-04-20T23:57:26Z
@AbdulWahid-ue6dw,"Emang sudah jancur prof selagi para pembohong, penipu "" korupsi "" perampok kekayaan nehara di biarkan dan para pejabat yg tak berpendidikan negara tak akan pernah beres",0,2026-04-20T23:42:12Z
@IrulZ99,"Pemerintahan baperan skrang 😂😂 ini gara2 anggota nya ego sendiri, dkritik rakyatnya emosi pmerintah, apa ini?",0,2026-04-20T21:53:46Z
@yulfrizalyulfrizal3971,"KELUAR DARI REL KONTITUSI AGAMA ISLAM DAN KONSTITUSI PANCASILA DAN UUD.45,SEBENARNYA,POLITIK LUAR NEGRI BEBAS DAN AKTIF,YANG BAIK DAN YANG BENAR BUKAN MENYIMPANG DAN BERLAWANAN DENGAN KONSTITUSI AGAMA ISLAM DAN PANCASILA DAN UUD.45 SEBENARNYA.AKAN MENGAKIBATKAN NEGARA HANCUR DAN RUSAK BERANTAKAN . BENAR DAN CERDAS KATA PAK MAHFUD.SADAR DAN PAHAM.MAAF SEBELUMNYA TERIMA KASIH SESUDAHNYA.❤❤😂😂❤❤😂😂❤❤😂😂❤❤❤",0,2026-04-20T19:04:18Z
@SulaemanNene,Pak Mahpud secepatnya aja pimpin rakyat turunkan prabowo,0,2026-04-20T19:01:08Z
@SantiSusanti-q1f,Jawabnya karena sebagian pejabat Konoha udah di recoki agen asing. Yang paling dominan tentu CIA dan mossad. Menurut saya dua agen itu udah masuk ring satu dan mulai pegang kendali dalam  pengambilan keputusan strategis. Dst............,0,2026-04-20T18:10:14Z
@christhiorionardo9197,"kalau kritik membangun , jangan menjatuhkan itu tidak benar pak macfud",0,2026-04-20T16:22:18Z
@azhartanjung4876,"MFFUD BESAR BUAL
😜😜😜😜😜
PROFESOR NEGARA LUAR SIBUK BERLOMBA LOMBA  MEMBUAT NUKLIR CANGGIH,  PROFESOR NEGERI INI MALAH SIBUK  CARI KEKUASAAN  DENGAN CARA TERIAK TERIAK MEMBUAL
🤣🤣🤣🤣🤣",0,2026-04-20T16:18:25Z
@franklampard8771,Mahfud yg sekarang dgn mahfud yg dulu berubah dimana disaat tidak memperoleh jabatan koar2 dlu dapat jabatan diam seribu bahasa. Undang undang menyatakan orang melakukan tindakan mengajak menjatuhkan atau menggulingkan pemerintahan yg sah undang undang  menyebutnya  makartetapi kalau saya menyebutnya pengjhianatan negara wajib dihum mati. Itu jelas tidak usah di plintir plintir undang undang tersebut jdi mahfud md tertib dan anteng jika dapat jabatan dr pemerintah sangat amat memalukan...! Untung gak jadi presiden...ternyata orangnya tidak tulus pamprih jabatan,0,2026-04-20T16:13:25Z
@IrwanPertama-t4b,"16% sakit hati , mahfud md 😅😅😅",0,2026-04-20T15:03:15Z
@kardono9006,"Tolong Prof Mahfud MD  apa yg di sampaikan di Podcast ini tentangapa yg di katakan ( Pernyataan ) Pak Prabowo yg telah di bukukan, Tolong di tulis secara ringkas dan di kirim ke Istana atau langsung ke Pak Prabowo, ini demi kebaikan Indonesia karena mengingatkan 🙏",0,2026-04-20T14:53:51Z
@pengemissyafaattv1379,Beri waktu pemerintah untuk memproses semuanya,0,2026-04-20T14:53:40Z
@uraarjumand9400,"Pintar mengolah KATA-KATA ,, Itulah pak wowo😅😅😅",0,2026-04-20T14:39:27Z
@abdillahzubaedah2601,Kata prabowo koropsi akan sy kejar sampe akar2nya pret baru smpe solo aja sdh  sujud,0,2026-04-20T14:28:12Z
@abdillahzubaedah2601,Prabowo itu anti kritik seperti gurunya geng solo  kalo ga mau dikritik jgn salahkan  nanti kalo rakyat  rakyat bertindak seperti di negara nepal,0,2026-04-20T14:16:54Z
@wirosolo,Gelap ..... gelap banyak maling,0,2026-04-20T13:41:47Z
@WartonoBajul,Menyesal selama ini pilih PDI lihat sekarang ucapan tokoh2 PDI.,0,2026-04-20T13:01:12Z
@endangsulistiyani5264,"Luaaaarrr biasaaaaaah bapakku yg satu ini...saya tetep hormat dan bangga punya bapak negara ini. Cerdas,humble,bersih....semoga Allah swt senantiasa menjaganya dan beri sehat sll...aamiin yaa robbal'alamiin 🤲",1,2026-04-20T12:37:32Z
@dedyiswadi8856,"Langsung hilang pintarnya, kalah pilpres jd orak mengkerut",0,2026-04-20T12:33:55Z
@tataa_6sh,Prof. Mahfud jago ngebacot.  Urusan reformasi polri gimanna ta' iyyoo ..?  Sampeyan itu omdo (omong doank),0,2026-04-20T12:26:47Z
@qomaruddinshalabi576,Tidak bisa berharap  pada Prabowo lagi dia itu pengecut dan lemah,0,2026-04-20T11:42:18Z
@suhasnahicus5677,"Kalau dikasi jabatan ujung ujungnya diam, itulah politisi Indonesia ✍️",0,2026-04-20T11:27:19Z
@WardoyoEdi,"Rakyat indonesia menangis di pimpin Jokowi,di ganti Prabowo yg bisanya hanya memper panjang Tangisan Rakyat saja.",0,2026-04-20T09:53:26Z
@lukehendri7254,"33:10 teringat mirip dengan kasus mobil Timor...tiba2 muncul itu, Prof",0,2026-04-20T09:20:51Z
@WatiKarya-x9j,Tuh minumnya saja ngga lupa bismillah,0,2026-04-20T09:18:28Z
@KokoJokoDosoPutro-q4h,Tidak cocok dan tidak benar segala ucapan dan solusi ya,0,2026-04-20T07:27:35Z
@milyunertv,Rakyat pemilih prabowo dll biar sadar klo di pimpin militer ya minimal begini rasanya😅😅,0,2026-04-20T06:21:09Z
@ronaldmanalsalhutahaean2157,"Balek lagi keadaan ini, semuanya harus di ""DEMO"" dulu baru jalan atau Viral dulu, baru ditangani walaupun hasilnya terdegradasi !",0,2026-04-20T06:19:53Z
@achmadroi7899,pemerintahan prabowo banyak bohong,0,2026-04-20T05:46:21Z
@paonmama7508,OM TOLONG UP KAPAL BUMN PERTAMINA YG DI SELAT HORMUS TERNYATA SEMUA ABK ORG INDIA,1,2026-04-20T05:45:54Z
@only_one255,Mbg mega korupsi yg tak tersentuh hukum,0,2026-04-20T04:23:11Z
@trinugrohobudisantoso7163,Terus..... Bagaimana Prabowo dimata Indonesia dengan pesta Ultah Teddy di Paris?....... Mbelgedes....,0,2026-04-20T02:47:09Z
@SuharnoRBR,"Demokrasi yg ber keberadaban,tapi Saeful Muzani mengandung unsur hasut dan profokatif",0,2026-04-20T01:59:18Z
@JusriPeritenggara,Termul termul 😅,0,2026-04-20T01:02:49Z
@RichoYudha-m3h,Di jaman p Jokowi di bahas juga nggak pak di dpr  keinginan untuk mengubah undang undang demi keberlanjutan pasangan p prabowo Gibran wkwkwk,0,2026-04-20T00:58:40Z
@sudiyonoata,Mhfud nd provokator,0,2026-04-20T00:49:02Z
@yantiyanti2948,"Kalau pak presiden sudah tidak memihak rakyat mari kita rame2 menurunkanya. 
Ganti presiden yg mau menyejahterakan rakyat. 
Bravo pak Mahfut.",0,2026-04-19T18:36:08Z
@ElwinMakassar,😂😂 si Mahmud sok bijak😅 kita sudah tau belang anda saat jadi Mentri sok kritik tapi di eranya jadi Mentri koruptor merajalela malah menyalahkan peesident😅,0,2026-04-19T18:04:54Z
@lindasuci6404,Tuh wakil pr3siden yg ak pilh sepasang capres cawapres pilhan aku. Bukan yg ono no 👉,0,2026-04-19T17:35:15Z
@BusriMRahat,Mantap pak mahpud sy setuju,0,2026-04-19T16:24:42Z
@EkoPurnomo-b4r,"Jelas makar bung, biasa dia kan kroninya mahfud wkwkw, lnjut",0,2026-04-19T16:22:04Z
@BERTusLynn,"Ini semua karena budaya korup, rencana sih mau gaya mafia state, rancang mega proyek bancakan, ternyata tata kelolanya lebih mirip preman kampung, sungguh menjijikkan",0,2026-04-19T16:14:28Z
@LaluNursaidDTalam,Pak Mahfud kenapa pd masalah hukum kenapa anda diambbhn risaknua alek Pabowo Ngomong domvq,0,2026-04-19T15:49:19Z
@Bruh_XD753,Asiknya,0,2026-04-19T14:53:03Z
@meiamateur9084,❤❤❤👍👍👍👍,0,2026-04-19T14:39:42Z
@SutyOryu,"Tetap semangat pk mahfut, kami masarakat butuh bukti, bukan cuma         teori di buku .",0,2026-04-19T14:37:51Z
@ALi-i3w6e,Prabowo itu sebanar nya kalo gak sejalan dengan dia maka dia kan cap sebage musuh.padahal rakyat kecil cuman mengengingatkan dia untuk itropeksi semua program2 nya apakah ada ayang gak beres dan gak baik harus di perbaiki.,0,2026-04-19T14:33:21Z
@SutyOryu,Tett,0,2026-04-19T14:24:32Z
@teguhamboro3755,Klo yg melanggar uud dgn cara koripsi itu di sebut apa pak prifesor kalo yg keritik keras di anggap makar yg jelas melanggar aturan berbangsa dan itu banyak di lakukan pejabat disebut... Tokoh  ya  prof,0,2026-04-19T14:23:20Z
@hendriksaputra404,koar koar nanti di kasih jabatan pada diem fokus lah sama nkri kita sama satu indonesia mari bangun bersama jagan bikin panik masyarakat lamun rariweh bae iraha majuna indonesia lamun arek mere masukan langsung bae ka persiden ngomong panggihan,0,2026-04-19T13:59:17Z
@JepriSofyandi,Turunkan prabowo,0,2026-04-19T12:21:32Z
@KemangIndah-j8r,"Tolong tetap peduli dengan Indonesia
Negara kita saat ini kacau diatas",0,2026-04-19T12:21:03Z
@mbahronggo3960,cepat prof Mafud pimpin makzulkan Prabowo rakyat merasakan smkin sulit semuanya bikin program gak bermutu bmg koprai mersh putih dll,1,2026-04-19T12:02:18Z
@khaleedschannel1392,"Teruslah bersuara pak Mahfud, pemimpin kita sekarang sangat anti kritik..",0,2026-04-19T11:06:33Z
@SolehSambas,"SAYA  SUKA  PRABOW0  jangan  ganggu  prabowo  PRABOWO  JUJUR  ,  CERDAS  , PEMBRANI  JANGAN  PADA  SENENG  ORANG  YG.PLANGA  PLONGO  , GAMPANG  PADA  KORUPSI  ,HATI  HATI  KORUPTOR  BAKAL  TANGKAP  TANGKAPI  PASTI  YG.  GA  SENANG  PARA  KORUPTOR  .",0,2026-04-19T10:45:25Z
@endangsumartono2975,Lantas dimana letak tertib sosialnya Prof. Kita Demokrasi Pancasila. Bukan Demokrasi Liberal. Yg mana tata terib sosialnya sesuai dgn adat istiadat berkehidupan bermasyarakat masyarakat Indonesia.,0,2026-04-19T09:53:42Z
@AbdulKarim-x2f1o,❤Anis mapud perisidin baik bagus ngerti agama islam❤❤❤😂❤❤❤,0,2026-04-19T09:39:01Z
@susrikamila9771,"Yaa betul, kalau mau memperbaiki tentunya tidak ada keinginan bubar.",0,2026-04-19T08:52:50Z
@diahsari9977,"masalahnya disekeliling prabowo para penjilat semua, pgn duduk nyaman dan enak..mrk menjijikkan",0,2026-04-19T08:32:36Z
@susrikamila9771,"Senang sekali, menyimak pembahasan ini .",0,2026-04-19T08:26:44Z
@rojikin-d5t,Satu paket kita makzulkan,0,2026-04-19T07:50:22Z
@SajaUjang,Mestinya prabowo INTROPEKSI DIRI kanapa di suruh mundur karna kibijakan nya menyengsarakan rakyat,0,2026-04-19T07:18:54Z
@abdulrahim-hd1tf,"Mantap pak fropesor Mahpud MD.telah mewakili rakyat dari Sabang hingga merauke.kalau gak ada tokoh2 rakyat yg turun tangan  menyikapi,hal2 negatip di dalam pemerintahan skarang yg sudah amburadul.🙏",0,2026-04-19T06:54:39Z
@prayitno6836,"Intinya Wowo itu artinya cerdas. Jadi bodoh krn ketularan/ sengaja niru wiwi. Jurus mabok ini terbukti manjur karena ""mayoritas"" rakyat juga masih bodoh.",0,2026-04-19T06:53:19Z
@SriHidayati-me4su,"Betul pak Mahfud MD.pak Prabowo harus mengambil sikap dg tegas,pejabat yg tidak benar memikirkan rakyat dan bangsa pecat dan singkir di tindak,salah hukum dan penjara kan..angkat yg lain yg Lbh baik ,semangat,patriot,cinta pada rakyat dan tanah air, bangsa.jgn takut.kalau TDK berobah alamat akan runtuh dan benar2 hancur.",0,2026-04-19T06:39:30Z
@suwandituban6837,Gm fungsi DPR sebagai pengawansanx,0,2026-04-19T06:17:52Z
@MiftahRifai-x5x,Boti dijadikan presiden bikin risih,0,2026-04-19T05:30:53Z
@CristianSukemi,"BENAR PROF ,HRS DI INGATKEN .NKRI MUMPUNG BELUM HANCUR.",0,2026-04-19T04:27:38Z
@MualifHaroni-e3k,"*Sedikit-sedikit makar sedikit-sedikit makar...makar kok sedikit*
Bravo bapak Mahfud presiden berikutnya yang memenggal kepala koruptor jika mereka ngawur menyalahgunakan kekuasaan",0,2026-04-19T01:56:44Z
@YusufPutra-h5r,Pak .mahfud trs semangat sangat jelas dan gamblang bisa diterima masyarakat luas .salam sehat sellu,0,2026-04-19T01:17:00Z
@agungprasetyo6205,"Menurutku, rasanya kerugian besar bagi kita bahwa seorang Mahfud MD tidak dikehendaki menjadi Wapres kita, semoga ke depan masih ada kesempatan orang pinter dan baik ikut memimpin kita. 😊",0,2026-04-19T00:00:44Z
@IstiAtin-i8j,"Sekarang ini sdh jelas pk... pimpinan2 maling banyak duduk di kursi empuk😃. Dari tingkat bawah saja... pimpinan desa saja sdh banyak, apalagi pimpinan2 atas 😇",0,2026-04-18T23:47:05Z
@JejeAdriellll,Indonesia amburadul.....hukum sudah morat marit..,0,2026-04-18T23:01:22Z
@YusupHidayat-b8r,PK Mahpud waktu menjabat diam saja setelah tidak menjawab apalagi kalah dalam pilpres anda sekarang banyak bicara tentang pemerintah gimana tuh ??? Yang niat dan upaya menggulingkan presiden itu sudah makar brow 🫵🏼🫵🏼🫵🏼☝🏼☝🏼☝🏼😩😩😩,0,2026-04-18T22:48:59Z
@kasimankasim9724,"Ini baru master hukum,tlong kasih masukan buat pemimpin Jagan anti kritik tlong pak presiden saya ikut milih soalnya jdi saya ikut berdosa jika presiden keliru ato salah menanggapi kritik,tlong pak presiden pertimbangkan masukan dri pak Mahfud,tlong tegakan hukum yg adil,yg bikin gaduh tlong nasehatin pak presiden,jgan Padang bulu,trimakasih assalamualaikum",0,2026-04-18T22:21:56Z
@onelayt,"Pembanngunan KDMP 1,6M TANPA TENDER ... ?.............. bocorrr tercecer sunat menyunat kemana2",0,2026-04-18T17:44:10Z
@onelayt,dari negara KONOHA menjadi negara OMON OMON .. MBG dan KDMP bocorrrrr tercecer dimana2 ... BANYAK ORANG KAYA BARU dari proyek MBG,0,2026-04-18T17:43:10Z
@diegosantoss9160,Sayang pemikiran pak Mahfud kalah dgn yg modal oke gas 2 tahun lalu... Semangat terus mencerdaskan bangsa pak Mahfud. 💪,0,2026-04-18T17:39:57Z
@a.tatangdachlan2920,Masalah yg dipelihara....,0,2026-04-18T17:23:05Z
@aliafandi151,"Saya mau tanya ke prof mahfud
Menurut prof mahfud  ucapan mengjak melengserkan presiden lewat jalanan bukan lewat konstitusi itu ucapan yg benar apa tidak menurut hukum dalam penilaian prof mahfud",0,2026-04-18T16:46:35Z
@miryamhanum2515,"Benar pk Mahfud naseht kpd pk prabowo bpk jngn keras n kehendak  sendiri ini negara yg d titipkn rakyat d jlnkn dengan baik bkn  seenknya ni bpk melenceng k hendak sendiri jngn gengsi n jngn ter pengaruh dngn bisikn "" sadar pk prabowo msh ada wkt",0,2026-04-18T16:20:30Z
@marwotoclp5177,DPR 2026 tidak produktif. Tidak terlihat memperjuangkan aspirasi rakyat Indonesia NKRI,0,2026-04-18T15:52:07Z
@wahyuwibisono6416,MAFUD JADI PRESIDEN BELUM TENTU BAGUS HASILNYA. KALAU DI LUAR PEMERINTAH MEMANG GAMPANG BICARA . WAKTU JADI MENTRI AJA SAYA TIDAK MELIHAT HASIL DAN PRESTASINYA. SAYA TATAP MENGANGGAP SAIPUL MUJANI MAKAR DAN MENGAJAK MAKAR. MENGHASUD UNTUK MAKAR. INI PENDAPAT SAYA. KARENA DEMOKRASI SAYA JUGA PUNYA PENDAPAT YANG BEBAS SAYA SAMPAIKAN DILINDUNGI UNDANG UNDANG,0,2026-04-18T15:14:40Z
@faqihashri3729,Ada yg punya link buku dari pak Mahfud itu?,0,2026-04-18T12:11:26Z
@HAROMAENPETUALANG,👍👍👍👍👍👍👍,0,2026-04-18T11:32:56Z
@tonynabur,"Gmn kbr reformasi polri, pak?",0,2026-04-18T11:22:58Z
@kucingfavsanti,Orang ahli Hukum.pasti mutar balik hukum.,0,2026-04-18T10:42:00Z
@giat765,DPRnya DOBOLSEMUA,1,2026-04-18T08:24:32Z
@yucedianatriwahyuningsih4353,"Benar apa yg beliau katakan, skrg ini visi"" presiden tdk jelas dan DPR diam, sedih sekali melihat semuanya",0,2026-04-18T08:03:49Z
@yucedianatriwahyuningsih4353,"Semoga pak Mahfud sll sehat,dan tetap menyuarakan kebenaran dan keadilan sangat mencerdaskan bangsa",0,2026-04-18T08:00:34Z
@ranggareviella5999,"Reformasi polri ini apa kabar pak?
Btw tlg sebutkan juga prof program pemerintah apa yg jalan 1,5 th bisa berhasil 100%?  
Kalau tdk ada, maka kita ini memang harus bertambah sabar nya atas program2 itu, MBG bgaimanapun juga sdh melahrikan 1,4jt , ekonomi lokal bergerak.",0,2026-04-18T05:47:12Z
@yadijayadi2503,"OMON OMON TULEN KGK BSA DI NASEHATIN ,SEMAU MAUNYA AJA , KENYAATAANNYA TERBALIK,DI KRITIK MARAH",0,2026-04-18T04:35:26Z
@AkunSaya-e5n,M.B.G=MaalliingBaangssaatGaarroong,0,2026-04-18T03:04:18Z
@AkunSaya-e5n,M.B.G=MaalliingBaangssaatGaarroong,0,2026-04-18T03:03:59Z
@lierudypranata4801,Tuhan tolong lindungi Indonesia ku... Dari rezim yg jahat dan bodoh..,0,2026-04-18T02:36:11Z
@nyoman8033,"DPR GAK USAH DI PILIH BUBAR KAN SAJA DPR, PILIH DPR YG BARU DN YG AMANAH DN DINPERKECIL ANGGOTA DPR",0,2026-04-18T02:18:22Z
@supriyono6459,"Dari awal saya sudah memprediksi, setelah Prabowo jdi Presiden ganti KAPOLRI & PANGLIMA TNI.... ga mau denger sih.",1,2026-04-18T01:01:17Z
@MochRomli-g8i,Prof Mahfud MD mantap 👍👍👍❤❤❤,0,2026-04-18T00:58:50Z
@uumsujana2422,"Alhamdulillah masih ada  orang sekelas pak mahpud,yg bisa menjelaskan dan dimengerti oleh rakyat,semoga jadi pemimpin di masa depan🤲🙏🏻",0,2026-04-18T00:26:35Z
@SuparnoAmbeh,"Dulu aku berharap waktu mendampingi pak Ganjar,pak Mahfut buatku udah pas banget menegakan hukum dan menegakan NKRI. Soal makar era prabowo menurutku yg prabowo sendiri, pemerintahan amburadul.",0,2026-04-18T00:10:29Z
@bangrobet-st6yt,"MBG itu harusnya di bubarkan 
Di ganti dengan pendidikan gratis",0,2026-04-17T23:53:40Z
@hefninasir925,"Ampuun, sampai ke bukunya jadi omon omon, nyatanya ga sinkron dg kerjanya..",0,2026-04-17T23:30:05Z
@SitiElviyah-mu2cd,"Betul kata professor....
Negri ini pejabatnya banyak yg bajingan...sepi teroris tp berkembang biak premanis",0,2026-04-17T22:53:50Z
@HartonoGajah,"Para aktivis maju terus demi rakyat ,memang pemimpin AROGAN",0,2026-04-17T22:29:44Z
@sofyanmkr2259,"Mungkin karena anggota dpr nya nggak nangkep nggak nyambung nggak berani dg partai takut dipecat.......sementara biaya utk jadi dpr mahal......
Pimpinan kampus diam apalagi mahasiswanya....ukt mahal..m",0,2026-04-17T20:07:36Z
@NugrohoSupriyanto-ge5yb,Carilah pemipin yg waras biar lebih baik jangan pemipin omon2 janji doang 😊😊😊,0,2026-04-17T19:38:57Z
@bengkel57motor78,Programnya bagus. Tapi memang bener perlu di evaluasi. ❤p mahfud,1,2026-04-17T18:18:06Z
@chaishilasulistyo5618,"Ternyata kata ""omon - omon"" yang terlontar dari mulut Prabowo ketika masa kampanye merupakan cerminan dari dirinya sendiri
Karena memang sekarang sudah sangat banyak bukti dari apa yang disampaikan bertolak belakang dengan apa yang dikerjakan
Dan itulah yang dimaksud ""OMON - OMON""",0,2026-04-17T17:47:38Z
@komengkoclak7711,"Munafik menggambarkan kerusakan menyeluruh pada moral seseorang. Semoga bencana besar segera tiba menimpa kita semua. Kepunahan adalah keadilan yg sebenarnya saat ini. Tanpa itu, masyarakat kecil saja yg terus jadi korban kebiadaban para pemimpin negeri ini yg sepenuhnya biadap.",0,2026-04-17T16:46:18Z
@arisris7827,Boleh bilang keliru tapi tidak bilang diturunkan,0,2026-04-17T15:31:53Z
@MZiyaul,Prof Mahfud genius jujur apa adanya berani dan familiar,0,2026-04-17T15:10:24Z
@Paklasiman-w9c,"Sama ja dia juga gila jabatan,yg namanya penghasut,makar sama jahadnya indonesia dah aman damai maunya di hasud....",0,2026-04-17T14:16:08Z
@Paklasiman-w9c,"Sama ja dia juga gila jabatan,yg namanya penghasut,makar sama jahadnya indonesia dah aman damai maunya di hasud....",0,2026-04-17T14:15:43Z
@esuryana5235,"Mahfud MD mancal menclelah,pernah jadi team sukses kemenangan probbowo,kalah ga ngaruh nyalon presden kalah , emang penting untuk nyimak omonganya gue ga penting",0,2026-04-17T13:23:10Z
@gunawanwawan3923,"Kalau hakim n Jaksa ditekan sang boz maka pasal apapun bisa jd pasal makar  ... 
Msih ingat kasus MK soal gibran  kan guys  ....",0,2026-04-17T13:16:58Z
@tarjanaltaher7162,"Contoh makar yg jelas pd zaman dulu yaitu PKI & PRRI semua di zaman orla.
Siapakah keturunan nya   ?",0,2026-04-17T12:13:52Z
@jajatsudrajat9285,Wowo kena kritik bukunya sendiri....ibarat senjata mkn tuan bukunya😅😅,0,2026-04-17T10:06:26Z
@aguspawitno8689,"Mengajak utk menggulingkan presiden apakah itu di sebut kritik. Sy ngk paham pak Machfud, kritik itu setahu sy,  menyampaikan kebijakan yg ngk berjalan dg baik dan menyampaikan solusinya. Memang ngk ada merubah susunan pemerintah tp efeknya kata2 mengajak itu yg berbahaya.",0,2026-04-17T09:53:35Z
@dreamies09,Di-counter attack pakai bukunya beliau sendiri🤣,0,2026-04-17T08:50:42Z
@YasinSucipto-b4d,"Seluruh politikus ini tidak yg mampu memimpin negara ini, kecuali diam,kecuali orang siap berjuang  dg harta bendanya,kalau masih cari gaji sama aja bohong",0,2026-04-17T08:05:47Z
@YasinSucipto-b4d,"Sekarang pembicara ini lahir dan batinya seimbang ya,",0,2026-04-17T08:01:45Z
@UjangRohman-x5e,"Prabowo Gibran mundur,jangan Prabowo ajah salah tu,dua2nya harus mundur",0,2026-04-17T06:26:54Z
@BenhardPaulBolung,U,0,2026-04-17T05:33:25Z
@opihidayatullah9368,Udh people power sebelum tambah rusak negara ini oleh omon omon,0,2026-04-17T04:31:11Z
@drnengah9587,Mantap pak prof Mahfud  jangan kritik  dikit dikit Makar,0,2026-04-17T03:11:07Z
@silverphoto8554,"Kemakmuran Rakyat indonesia & kejaya'an Negara ini kunci nya ialah : RUU perampasan Aset bagi koruptor di Sahkan lebih dulu lalu di miskinkan , ini kunci mutlaq . Jangan berharap indonesia jaya kalau ini di abaikan.",0,2026-04-17T01:46:24Z
@adisanjaya3066,Gas..mahfud,0,2026-04-17T00:09:30Z
@andithandjoenk6295,Mahasiswa sekarang pada sibuk joget tiktok sama mabar EMEL,0,2026-04-16T18:58:29Z
@kusmantaradewa8525,ORANG orang kalah demokrasi lagi bicara....kita dengerin saja....😂😂😂 BENER2 deh kalo dikasih hati minta jantung. Presiden pilihan rakyat....malas denger orang orang sakit hati bicara...lihat rekam jejak Mahfud saat menjabat apa yg sudah dilakukan.,0,2026-04-16T15:41:13Z
@hidayataja3084,Rakyat biasa saja yg awam sdh bisa menilai bahwa pemerintahan era prabowo ini sama sekali tidak membawa kemajuan sama sekali dan marak sekali korupsi nya,0,2026-04-16T15:28:43Z
@UmuHanik-i9b,Pk Mahfud tutup MBG naikkan gaji pansiyunan pk????,0,2026-04-16T13:42:20Z
@SahiyarSahiyar-r8m,Mantap pak mahfut,0,2026-04-16T12:40:59Z
@enoksitirahmisdn2lengkongk252,"Ya alloh lindungi bangsa dan negara tercinta ini,",0,2026-04-16T08:50:23Z
@ChelsieOkta-n1u,"Sesungguh nya langkah pertama presiden saat ini  Setop MBG saja sudah BERES 👍
Cuman RAKYAT nya meminta  dengan baik2 sudah tidak didengar itu masalah.. karena memang MBG hanya lahan KORUPSI BESAR BESARAN rakyat sudah lelah merasa di buta kan oleh Presiden nya
Satu contoh Aceh terjadi bencana belum beres Papua butuh mobil jenazah malah borong mobil motor truck sendok piring dan kaos kaki hanya buwat MBG saya rakyat awam saja miris MENILAI KEBIJAKAN PRABOWO",0,2026-04-16T07:56:29Z
@limwenliang7735,Saya setujuh bpk Mahfud MD  dgn bpk A Hok dicalonkan president dan wakil president indonesia yg menjadi lbh baik .,0,2026-04-16T03:32:49Z
@IsmailIsmail-iw2he,Mahpud md ini waktu jadi mentri  kayak kacung semua permasalahan dia tau semua tapi seolah olah tidak tau tapi sekarang berkoar koar,0,2026-04-15T23:46:52Z
@AgustineRizalArofat,"Baguslah pak kalau begitu pernyata'an bapak.. Semua memang harus di lihat dg fakta, dan kenyata'an yg ada.",0,2026-04-15T22:37:02Z
@Yono06-y1k,Lebaran selesai kok ribut lagi.,0,2026-04-15T19:27:12Z
@PutraPratama-n7u,Dimata Prabowo 2030 indonesia bubar ditangan Prabowo. Bs jadi sblm 2030 indonesia BS bubar,0,2026-04-15T18:28:15Z
@tutumi864,"Bener Pak Mahfud kami udah ga marah lg dgr mrk gini gitu..tp lbh ke mual,geli..Gila aja dr 280jt penduduk yg mimpin gini amat yg bantu2nya gitu bgt..jd mikir yg ptg skr selamatkan keluarga masing2,brusahamandiri pangan,nanem2 di pot,batesin brita yg bikin geli cmn dgr podcast tertentu PCast Bp,Gita Wiryawan, bertani organik,kesehatan..yg asbun2 ga mo denger pokonya 😅",0,2026-04-15T18:19:52Z
@HokyKiat,Klo sy jd rakyat kgk srh prabowo mundur tp minta tegas setegasnya benahi hukum n sikat hbs pr oknum jendral yg nakal2,0,2026-04-15T18:07:30Z
@AlimanIman-ry3wz,"Pemerintahan Prabowo semakin TDK jelas
Macan ompong",0,2026-04-15T16:20:00Z
@fachrizalfnu8607,"Prabowo selagi pegang  kekuasaan kalau mau benar2 baik thd NKRI , tinggal tunjuk dan rubah kebijakan2 yg berpeluang banyak MALING spt harapan di BUKUnya sendiri. Tapi Prabowo TAKUT dan bahkan ikut dlm mengambil kesempatan MALING.",0,2026-04-15T16:06:54Z
@kolonglangitinfo,Jadi pemimpin itu harus siap dikritik makanya setiap kebijakan wajib pro rakyat jangan hanya omon2 doang siap mati demi rakyat tapi yg diuntungkan malah mafia2,0,2026-04-15T15:35:56Z
@Readmi12-vu4dz,"Prabowo inikan presiden paling tolol, Omon-omonnya tidak sesuai Fakta dilapangan",0,2026-04-15T14:26:38Z
@Saepudin-nb9kd,JANGJI PRABOWO MENSEJATRAKAN RAKYAT  HANYA OMON2 TIDA ADA BUKTI.,0,2026-04-15T13:56:45Z
@toniisk5982,"Kami sudah lelah sama pemerintah saat ini, benar benar ga becus! Ga ada niat utk memajukan negara sama sekali, cuma mikirin korup korup aja!!! Mana udah ga ada malu malunya mereka korupsi, terang terangan sekali..",0,2026-04-15T13:05:09Z
@sarjono-vf5uo,Komentak pak Mahfud md cerdas mantab ❤❤❤,0,2026-04-15T12:23:20Z
@MulYono-m1p,Sering sering PK mahfud memberi pencerahan kepada rakyat adem rasanya,0,2026-04-15T11:59:23Z
@MulYono-m1p,Presiden kok mikirin sepeda listri Mikin rumah harus atap genteng.suka suka masyarakat mau sepeda listrik mau atap genteng,0,2026-04-15T11:56:34Z
@MulYono-m1p,Prabowo sudah tua gak sampe akalnya untuk memikirkan negara orang klu di atas 70 ke atas akalnya sudah kembali ke anak kecil lagi,0,2026-04-15T11:48:05Z
@MulYono-m1p,Indonesia di tangan Prabowo hanya omon omon,0,2026-04-15T11:40:27Z
@Abahfir65,Berjuang terus pa Mahpud MD !!! Rakyat ga bisa apa apa,0,2026-04-15T08:22:17Z
@DedihSunardih,RAKYAT...WAKTUNYA...MELAKSANAKAN HUKUM RIMBA...THDP KORUPTOR...,0,2026-04-15T05:21:55Z
@DedihSunardih,UTK KORUPTOR...HRS HUKUM RIMBA SAJA....,0,2026-04-15T05:17:18Z
@DedihSunardih,DPR...TDK ADA MANFAAT UTK RAKYAT....PERCUMA...,0,2026-04-15T04:59:17Z
@hassanart9225,"Sssstttt..., pak Prabowo itu tidak punya kuping. Dan dia sekarang dia sedang tidur. Nyenyak sekali.",0,2026-04-15T03:43:12Z
@yulianayuli-y7m,mamut md mau di kemuut.,0,2026-04-15T02:37:25Z
@DuniaHewan028,"orang awam pun bisa menilai jika Murjani CS bermain api ‼️‼️‼️‼️‼️‼️‼️‼️‼️
rekam jejak digital juga masih bisa di cek siapa si Murjani di Tahun 2024 saat Pilpres ‼️‼️‼️‼️‼️
( salah satu timnya paslon Ganjar- mahfud ) jadi sangat wajar jika membela tim nya 🤣🤣🤣🤣🤣",0,2026-04-15T01:41:00Z
@bapaklukito1295,Hala Mahfud itu di era nya pak Prabowo  baru brani ngomong ...coba era nya jackowi.mega ...langsung di copot mengembala sapi di Madura 😂😂😂,0,2026-04-15T01:14:19Z
@YosepSagur,"Pedas jga kritiknya pa mahfud ya, lanjut pa mahfud jangn cape.",1,2026-04-14T23:46:25Z
@MarhabanIbrahim-x2f,Assalamualaikum pak  mahfud saya ini marhaban ibrahim mantan seorang birokrat pensiun 4 e pada usia 60 dan skrg usia daya 70. Saya tak pernah lelah mencintai idealisme. Pak mahfud bagaimana klo saya bergabung dg bpk. Klo bpk berkenan. Saya akan merapat ke bpk. Saya tunggu kabar. Tks wass,0,2026-04-14T23:04:40Z
@aaronramzy4456,Sangat cerdas penjelasan bpk M .,0,2026-04-14T22:11:48Z
@rajawali7878,"Habis berapa duit harta pribadi pa Mahrud untuk modal pilpres kemarin ?
Lebih baik ikhlaskan duit yg SDH dipakai untuk pilpres  drpd selalu berpikir  sakit hati karena pilpres dan kebencian KPD pemenang pilpres .klo perilaku spt ini diteruskan bisa jadi penyakit yg menyerang tubuh lebih baik ikhlaskan dan terima kenyataan .TDK jadi wapres pun dunia TDK kiamat pa Mahfud .perbanyak. Istigfar untuk mengikhlaskan",0,2026-04-14T19:08:09Z
@tamansu2686,Tentang REFORMASI POLRI sampai mana dan apa REKOMENDASI dari Team ke Presiden... ❓‼️,0,2026-04-14T18:38:31Z
@ahdanofnof8510,"Intinya Agen CIA udah beroperasi di Indonesia . Ini cerita Clasik. Dimana negara aman damai pasti cari  cuan susah, mereka mencari orang sakit hati sebagai pion  dan mendanai mereka untuk bikin rusuh kalau bisa negara Keos. Baru mereka Cari Cuan.",0,2026-04-14T18:03:59Z
@ratumedusa2889,Prabowo terlalu percaya sama orang,0,2026-04-14T18:01:37Z
@JunaediSomad-vx2vo,Betul kata pak makfud,0,2026-04-14T17:21:46Z
@UmiYuyun-c4u,Setuju prof dikit2 makar klw mulyono gak disentuh smp skrg dah jelas ijazahnya palsu apa penegak hukum gak ada taring,0,2026-04-14T16:27:52Z
@Gustian-b6x,bagaimana kalau yg mengkritik itu tunggangan dari asing,0,2026-04-14T15:58:27Z
@muhammadrasul7822,Prabowo musuh koruptor dan mafia migas,0,2026-04-14T15:21:32Z
@SuYatno-u9r,Karna kamu Mahmut gak di PO akae sakit apa m4iyang..masarakat udah tau  anda gak dipake .semua presiden gak ada yg berani tangkap koropsi.anda pengganti amin  raes.tangkap pembuat gaduh negara.prabowo bukan pilihan  makmur. Yg milih rakyat kecil.,0,2026-04-14T14:54:17Z
@jesicadirra5207,Mantap,0,2026-04-14T14:25:02Z
@tarna123,NegarA di kuasai fir on .stop mbg .,0,2026-04-14T14:11:20Z
@HadiPrasetia-z6r,"Pemerintah banyak program tapi pelaksanaanya mana belum terasa, bahkan saat ini sembako cenderung mencekik rakyat.",0,2026-04-14T14:01:39Z
@RenolAribandi,Prabowo menghisap darah rakyat dan memalukan,0,2026-04-14T12:55:14Z
@JNKmusik,Alhamdulillah 75% puas 😊,0,2026-04-14T12:25:53Z
@novrisyamsudin9221,Klo presiden/wapres tidak bisa menjalankan hukum yg berkeadilan apalagi melanggar mandat/amanah yg dipercayakan sesuai janji kampanye berarti prediden dianggap tidak layak dan dpr/mpr berhak melengserkan/impeachment !,0,2026-04-14T11:22:06Z
@aniskurli1090,semangat prov untuk mencerdaskan bangsa,0,2026-04-14T11:20:18Z
@hamsil5854,"Pelaku makar hukumannya kuman mati ,silahkan klau  berani mau makar ....negara harus tegas menjalankan undang undang",1,2026-04-14T11:05:09Z
@hendriprananda6837,"Saiful Mujani dulu bantu Mahfud, sekarang Mahfud bantu Saiful mujani😂😂",0,2026-04-14T09:33:12Z
@samlanmasdor5628,Ya sekitu lemah nya pemerintahan Prabowo masih merasa terhutang budi dan takut sama Jokowi,0,2026-04-14T09:13:27Z
@MuhammadFaesal-w2n,PRESIDEN OMON OMON TIDAK BISA DI PEGANG OMON OMON NYA 😂,0,2026-04-14T09:03:50Z
@musanti8384,"Mari kita bersama cari solusi utk NKRI jgn cuma bisa unjuk rasa protes asal bicara, dan utk apa DPR MPR kalau gak bisa diajak kerja sama demi tegaknya negara kita bersama itu gunanya ada bawahan kt kalau tdk saling mengayomi demi untuk kemajuan bersama 👍👍🙏",0,2026-04-14T08:19:26Z
@WidiSuseno,"terbaru semoga di bantu UP oleh pak Mahfud, tersiar kabar dan tengah rame dimana mana Indonesia mengizinkan pesawat militer AS melintasi wilayah udara NKRI dengan bebas. ini membuat saya sebagai rakyat justru merasa tidak aman di negara sendiri dengan situasi global sekarang.

kenapa info ini justru di dapatkan dari sumber berita luar negeri dan pemerintah dengan sengaja tutup mata (diam-diam) dengan keamanan rakyatnya sendiri.. menurut saya ini sudah sangat berbahaya sekali. semoga pak Mahfud bisa up berita ini dan berikan kami pencerahan",0,2026-04-14T07:35:56Z
@arta2127,Hati hati pa mahfud nanti d siram air keras,0,2026-04-14T06:55:08Z
@AbuhasanMuhammadumar,"Prof... setelah 1,8 tahun, nilai kemaren yg 11 dari 100..bertambah atau malah di pasin aja?",0,2026-04-14T06:29:08Z
@wayansusila-j7k,Rakyat sdh begitu mangkelnya thd pemerintahan Pak Prabowo sampai pak Saiful menyatakan turunkan Prabowo. Wakil rakyat di senayan sdh mati suri sdh tdk bs diharapkan.,0,2026-04-14T05:33:22Z
@Wanpurtha123,"JANGAAAAN, PRABOWO JANGAN MUNDUR JADI PRESIDEN, NANTI MALING2 BISA BERJAYA LAGI. KAMI SUDAH MUAK DGN PEJABAT2 MALING.",0,2026-04-14T05:32:25Z
@riditandayu9841,"Mundur secara terhormat dgn mengundurkan diri, atau mundur secara Pengecut karena Demo dan Desakan Masyarakat.",0,2026-04-14T05:26:41Z
@SunahAja-w2r,"Jokowi Prabowo
Adalah orang yg sama..... Pemikiran yg sama.... Asal senang asal dapet untung.... Rakyat sebodoh amat... Mo nyungsep juga😂😂😂😂",0,2026-04-14T05:07:28Z
@Rectkiri,"Itu ketua BGN asli ganti aja makin ancur anggaran sma dia, bisa bisa nya beli motor listrik tampa sepengetahuan dpr dan menua, trus tablet apa yg harga nya 17jt",0,2026-04-14T04:40:29Z
@Sayrodji,DPR nya sudah semua SDH kualisi ..hanya dari pdi ..yang oposisi,0,2026-04-14T04:30:30Z
@Sayrodji,Ya semoga pak Prabowo ..mendengar   dari pak Mahfud..,0,2026-04-14T04:29:08Z
@Sayrodji,Alhamdulillah semoga pak mahfud sehat selalu selamat mperjuangkan  demokrasi..,3,2026-04-14T04:26:43Z
@saffanaarcelia8509,"Kenyataannya gak sesuai dengan bukunya pak, ngurus minyak goreng aja gak bisa padahal kita penghasil sawit terbesar ke2 didunia koreksi kalau salah",0,2026-04-14T04:19:25Z
@balosuwarno1492,"Pak Mahfud sudah baik2 kok konten ini pembicaraannya  memberi ruang manusia seperti Saiful Mujani  cs itu bukan kritik lagi yg jelas itu ajaan untuk menurunkan presiden Syah,.",0,2026-04-14T03:57:17Z
@AkhmadYudi-m8m,Kalau keliru bapak langsung  laporin aja.....kenapa hanya sekedar podkest.... Cari cuan dengan isu politik di YouTube ya pak...... Jadi artis aja pak hahaahaah,0,2026-04-14T02:49:30Z
@rifkyfaisal359,Hantaman yg sangat keras,0,2026-04-14T02:45:56Z
@selaraspati5554,"paradok yang nyata terjadi, 

dulu sebelum menjabat,  teriak bagaiamana

saat ini begitu menjabat melakukan apa

pengalaman memang mahal",0,2026-04-14T02:31:59Z
@Asep-b7k2k,"Saya pendukungnya prabowo gibran.. Demi allah aaya kemaren coblos prabowo gibran.. 
Tapi saya sangat s7 dengan kritikan pa mahpud ini, di luar politik pak mahpud sendiri..  Apalagi progr MBG ituh, sangat burudul ituh dan akan jadi bumerang buat pa prabowo sendiri,",0,2026-04-14T02:15:57Z
@MachNiam,"Prof Machfud mantab..........., pejuang kejujuran.............",0,2026-04-14T02:12:10Z
@bennyhartono8416,"Mantap prof , terus edukasi kami rakyat yang cinta dengan negaranya",0,2026-04-14T01:44:39Z
@endatvsubulussalam226,Dimana beli bukunya,0,2026-04-14T01:10:49Z
@SukriMuhammad-h5s,"Nyiram aktivis pakai air Kras itu makar juga mau matikan demokrasi, ijazah palsu juga makar mau matikan pendidikan, orang bodoh sok jdi pejabat publik makar juga mau matikan hak orang yang berkompeten , bearti yg triak makar juga ternyata lebih sadis makarnya 😛",0,2026-04-14T00:55:15Z
@Karbala-i9g,"Orang pinter pada ngomongnya sok membangun bangsa kenyataan nya madu dan Racun di berikan kepada Rakyat,  coooy kalau pak prabowo di lengserkan korupsi akan pada bangkit dari gua hantu coooy 😂😂😂",0,2026-04-13T23:14:21Z
@stepanussukidjo,Mantap pak Mahpud semoga bapak sehat selalu,0,2026-04-13T22:49:34Z
@askananta,Pengalaman cara memberhentikan Presiden  Sukarno dan Presiden Suharto itu  sudah dianggap benar ?,0,2026-04-13T22:29:58Z
@budhisetiawan7602,BRAVO - PRESIDEN PRABOWO SUBIYANTO .,0,2026-04-13T22:00:10Z
@SunMustasanah08,A.MBISIPEMIMPINJAUHDARIUMAROK...🤷‍♀️🤷‍♀️,0,2026-04-13T20:17:33Z
@SunMustasanah08,ITUOTAKTEKOTRAM🤷‍♀️,0,2026-04-13T20:15:07Z
@artronikfc7933,"Rezim rampok harus segera dipenjarakan, jelas terang2an korupsi depan mata, dilegalkan presiden",0,2026-04-13T19:33:16Z
@hermanmnur8200,Mbg hikan aja biar dana nya utk dudidi bmm aja sama bangus industri banyak2 biar ada lapangan kerja,0,2026-04-13T19:05:25Z
@sandysnz.7,"Prabowo gampang tersinggung, jadi anti kritik.",0,2026-04-13T18:57:37Z
@DEDISISWANTO-o1c,Seseorang yg tidak di kasih jabatan pasti akan mengkritik secara halus... kejelekan di negara ini adalah kompor²...,0,2026-04-13T18:05:13Z
@ekassindarto4228,Mimpi jadi preseden ....jadi presiden jalanya di dalam mimpi,0,2026-04-13T17:25:22Z
@SupardiOoo-n6k,"Terimakasih P. Mahfud semuga banyak masukan demi perbaikan bersama untuk Indonesia tercinta dan KUHP di telaah kembali, karena di  buat kesempatan oleh pihak yang mau jatuhkan lawan, maka kejadian dibikin agar pas dgn kejadian",0,2026-04-13T17:21:52Z
@Nuryanto-h8q,Bobrok Mbg kalau tidak di hentikan,0,2026-04-13T16:52:40Z
@edycawas,andai presiden indonesia adalah pak mahfud. .ungkin gak sekacau ini tatanannya,0,2026-04-13T16:40:49Z
@droffer6335,"Capres Mahfud MD 
Cawapres Ahok
👍",0,2026-04-13T15:43:55Z
@srimin6358,"Marmud kelompok sakit hati akibat kalah pilpres, waktu jadi Menkopolhukam apa yg dilakukan , hasilnya Bluug.
Congore thok sing apik",0,2026-04-13T15:33:07Z
@Kasiono-s6c,Terlalu bnyak yg di skip ccokk,0,2026-04-13T15:29:50Z
@PaklePakle-p6y5p,hasil alam melimpah. rakyatnya banyak yg miskin,0,2026-04-13T15:22:43Z
@ramadanaditia4481,BRAVO PAK MAHFUD MD 🤙💪💪,0,2026-04-13T15:10:59Z
@Pocong_Letoy,Terang terwoco sudah.. Tinggal tunggu tanggal mainnya.  Belepotan semua narasinya..,0,2026-04-13T14:47:23Z
@mulyadishaw6127,saya pilih Bapak kemarin Pak!!!!!!,0,2026-04-13T14:45:07Z
@BaseriMadumar-rj3yr,Kami TDK perlu makar kita menuntut pemerintah segera untk mengesahkan UU hukuman mati para pelaku koruptor rampas aset nya.,0,2026-04-13T14:44:17Z
@SupriYadi-m9r3r,"Masalahnya dari atas sampai kebawah semua kebagian uang korupsi 😅, encerkanlah uang biar yg dibawah ga tercekik",4,2026-04-13T14:43:47Z
@imassuryati8471,Kalau gitu gimana bubar kan saja pak mahmud  yg jujur ipemerintah  rezim kabinet merah putih karena terlihat malah tambah kacau rakyat nya seperti terlihat susah yg kulihat itu lagi anak anak muda itu byk pengguran mungkin sudah lulus s 1 tapi byk yg ngangur dan bahan poko naik mungkin karena saya tukang keliling pasar 😂😂😂😂🎉🎉🎉🎉,0,2026-04-13T14:37:31Z
@dewi1769-u4r,"Buku dibuat jaman 
sebelum Wowo blm jd presiden,skrg sdh jd presiden lupa dgn itu semua,lihataja sebentar lg Wowo yg akan dibubarkan pemerintahnya oleh rakyat",0,2026-04-13T14:19:41Z
@Asep-f4u,"Klw pak Mahfud yg bicara, sy anggap pernyataannya soheh dan banyak sependapat.",0,2026-04-13T13:44:01Z
@TakimKu,Untung masih ada pak purbaya tegas dan bisa di percaya .,0,2026-04-13T13:25:40Z
@Gelo.Com.MyGelo,Terima kasih pak,1,2026-04-13T13:09:16Z
@ChikoAdam,"Jangan sampe prabowo kepilih lagi..
gilaaa kalau sampe ada yg milih lagi !!!",0,2026-04-13T13:07:11Z
@ChikoAdam,ini BUKTIKAN BAHWA PRABOWO GA BECUSS JADI PRESIDEN ! JADI PRESIDEN GA MAU CHECK CUMAN NRIMA LAPORAN !!! MBG KACAU BALAAUU DIBILANG BAGUSS DASAR STRESSS,0,2026-04-13T12:23:44Z
@b-aragala,Terima kasih Prof.Mahfud sudah menjelaskan BUKUnya Pak Prabowo SEBELUM jadi Presiden. Sangat KEREN sesuai dgn kenyataannya SEKARANG setelah beliau jadi Presiden 😅,0,2026-04-13T12:19:18Z
@RedianaBaok,Mahmud tdk ada apa apanya dari dulu,0,2026-04-13T12:17:02Z
@anikurniawan-o4f,pinter ngomong tapi berbelit yg ngajak  orang untuk mruntukan nama tetap aja makar,0,2026-04-13T11:50:39Z
@herimprasetyo7439,Kalah memang sakit dan menyakitkan ya pak....,0,2026-04-13T11:17:43Z
@EndahSulistiani-rr4dk,orang plin plan bapak ini sekarang ora keno digugu blas pak Mahfud sekarang?,0,2026-04-13T11:10:27Z
@Tradersumenep,"Sekarang banyak omong, dulu di pemerintahan gak kedengeran batuknya pun.",0,2026-04-13T10:40:23Z
@FachrianIcha,"Saya gagal fokus dengan gelas kopi nya, ada yang tau ga itu brand apa ? pegangannya unik",0,2026-04-13T10:21:18Z
@BasukiAsmono,Faktanya hsl pemilu yll 2024 itu cacat hukum.....coba Kita kaji ulang tokohnya siapa yang lakukan cacat hukum lho pelakunya maling teriak maling....udah diulang aja pemilanya,0,2026-04-13T09:55:39Z
@madahbiha2811,Mantap Pak Mahfud..🎉🎉,0,2026-04-13T09:48:04Z
@Jontralala_2023,"Komisi Reformasi polri apa kabar nya??? Panas panas ta*ayam tenggelam gak ada HASILNYA,, BUANG ENERGI DAN TENAGA, dana ,, YG ADA KEPALANYA MASIH TETAP BERKUASA LISTYO DAN CARUT MARUT YG LAIN GAK ADA TUNTASNYA",0,2026-04-13T09:32:27Z
@rodiroyrodi7464,"Buat Pak Probowo tolong baca buku anda lagi, kalau akal anda masih berfungsi anda bisa bercermin di situ",0,2026-04-13T09:19:50Z
@yonkychandra335,Mshfud-Ahok 2029,0,2026-04-13T09:19:44Z
@intanintan106,Akan Kacau kalau Demikian,0,2026-04-13T09:05:28Z
@intanintan106,"Ada Presiden Baru 
Diturunkan Lagi 
Terus saja begitu kalau Pemikirannys Demikian",0,2026-04-13T09:04:03Z
@intanintan106,"Ada Presiden Baru 
Diturunkan Lagi 
Terus saja begitu kalau Pemikirannys Demikian",0,2026-04-13T09:03:33Z
@intanintan106,"Ada Presiden Baru 
Diturunkan Lagi 
Terus saja begitu kalau Pemikirannys Demikian",0,2026-04-13T09:03:32Z
@intanintan106,"Ada Presiden Baru 
Diturunkan Lagi 
Terus saja begitu kalau Pemikirannys Demikian",0,2026-04-13T09:02:54Z
@intanintan106,Kalau gitu nggak usah ada Pemilu Buang2 Energi,0,2026-04-13T09:01:27Z
@Yovita1946,kenapa bukan pak Mahmud sendiri yang lgsg mengingatkan presiden.Prabowo??,0,2026-04-13T08:08:37Z
@MuhammadRidwan-nu7to,Bravo Pak Mahfudz,0,2026-04-13T08:08:02Z
@budiwarso376,"Buku Paradoks Indonesia hanya untuk pencitraan dengan gaya berbeda dengan sang mantan presiden
Ungkapan Tiyo Ardianto sudah tepat: Maling Berkedok Gizi
Pada dasarnya presiden memelihara kleptokrasi Indonesia, untuk tetap berkuasa, dengan mengatur perampokan sumber daya alam dan menguras habis APBN",0,2026-04-13T07:59:43Z
@gembelmantulchannel6531,Seorang pemipin g akan bagus  dan baik pagi pedukung yg kalah apa lagi sakit hati ....,0,2026-04-13T07:58:33Z
@M.HAIKAL-b3r,itu politik tidak sehat Prabowo itu pas bagi rakyat,0,2026-04-13T07:48:34Z
@sutararian6752,"Semoga selalu sehat pak Mahmud, dan Istiqomah dalam ke jujuran, Indonesia kerisis orang  yg jujur yg banyak sekarang ini jadi bebek, jadi gedibal / keset dan setengah DAJJAL yg menghancurkan rakyat dan negara.",0,2026-04-13T06:53:33Z
@supriatnoprio8237,"Terus berbiara pak makfud, penjelasan pak makfud sangat terang dan jelas",0,2026-04-13T06:25:33Z
@saepudinujang4388,Bowo hoooyyy ......lihat didaerah pedalaman masih banyak guru yang hidupnya masih miskin dengan gajih hanya 250rb s/d 300rb/bln ngajar tiap hari udah puluhan tahun luh engga lihat apa .....😡😡😡,0,2026-04-13T06:03:59Z
@mohbudi8897,"Tak sedikitpun terpikir adanya MAKAR.
Kami hanya mikir cara cari MAKAN yg halal.",0,2026-04-13T05:57:53Z
@SlametRiyadi-vb6sp,Wow gaspoll...,0,2026-04-13T05:51:53Z
@AjiBagol-t8d,"Emg Prabowo sok berkuasa ,emg negara ini miliknya . Negara ini yg punya rakyat Wooooo ,bkn milik  sampeyan dan geng solo .  Jgn memancing rakyat supaya marah ,kl rakyat sdh arah apa yg akan terjadiiiiii ????????",0,2026-04-13T05:36:34Z
@NikodemusLopo,MBG jika ditiadakan berarti mba tidak merata dinikmati oleh semua masyarakat karena sampai saat ini ada daerah daerah tertentu belum berjalan masih mempersiapkan dapur baru bisa berjalan terimakasih,0,2026-04-13T05:33:20Z
@kantatv.channel,Sangat setuju dengan pernyataan bahwa aset terbesar bangsa adalah penegakan hukumnya!,10,2026-04-13T05:28:13Z
@SupriYanto-mx2mv,"Karena dpr-nya lulusan paket C dn S1 serta S2, S3 beli di pasar Pramuka makanya disenayan cuma tidur atau longa plongo saat sidang utk rakyat, hanya bermanfaat suara qorum dalan rapat",0,2026-04-13T05:01:39Z
@Anto-i9h9f,KLO dikit2 Makar jadi KLO masarakat miskin tak terurus lagi gimana nanti protes untuk negara ini jadi baik makar dengki tros gimana ini nasip rakyat ini wah2 ya repot KLO d sikat dikit2 makar,0,2026-04-13T04:46:57Z
@imamfauzi613,Sedih indonesia di oimpin orang2 rusak,0,2026-04-13T04:23:42Z
@ArisSuwarna-z4e,Udah,0,2026-04-13T03:38:53Z
@arsuniatibltg9802,Harus baca kembali bukunya sendiri.....😂😂😂😂🤣🤣🤣,0,2026-04-13T03:36:28Z
@ekosusanto490,Makasih pk Mahfud udah mewakili suara rakyat kbanyakan mau suruh pak Yusril bersuara sekarang udah d SILITNYA pak Prabowo Ga bisa d harapkan lagi,0,2026-04-13T03:35:49Z
@hariwidariyanto315,"Kalo besok pak mahfud nyapres pasti saya pilih,",0,2026-04-13T03:30:30Z
@standiali1472,"Siapa yang nyengir pak mahfud ngutif isi buku paradoks indonesia ? 
Paradoks prabowo 
Wkwkwkkkk",0,2026-04-13T03:26:38Z
@PeldaSalim-id4mn,Mahfud ketularan bohong,0,2026-04-13T03:24:49Z
@rohmaniacitra_30,cek out dimana bukunya ?,0,2026-04-13T03:01:03Z
@tofanyunindar618,Saya pribadi Jujur klo seluruh rakyat indonesia per KK di kasih uang bulanan 5jt saya ga sakit hati dengar berita korupsi....,0,2026-04-13T02:55:46Z
@riezalauliahakim,udah hancur prof 🤫,0,2026-04-13T02:20:10Z
@JinanPasya,Dari dulu tiap pergantian presiden. Pasti yg udah jadi disuruh mundur,0,2026-04-13T01:03:03Z
@krisnayarsaputra1574,"Sudahlah pak, si omon itu lbh baik tdk usah diingatkan, percuma.",0,2026-04-13T01:00:42Z
@AgusEnv,Biasa ...😂😂😂😂,0,2026-04-13T00:48:10Z
@Tisna_sntr87,Wowo kok tidak seperti yang diharapkan rakyat Indonesia jauuhh,1,2026-04-12T23:49:06Z
@zainnudin436,"Ayo para adik mahasiswa dan aktivis, bergerak Demi KEUTUHAN NKRI Keadilan sosial Bersama bagi seluruh rakyat Indonesia",1,2026-04-12T23:04:59Z
@Syafrizal-o9g,Ya jgan omon2 seperti anak kecil yg ngambek,0,2026-04-12T22:55:59Z
@Sisno-l3n,Pak jangan membuat gaduh,0,2026-04-12T22:13:42Z
@belkaClok-j6p6e,Mas penanya sya kira Bruce Willis 😊😊😊 content nya padat ...asyiklah,0,2026-04-12T20:35:18Z
@alexandrakirana7390,"Yg jelas, Prabowo sedang diincar kaum Koruptor untuk dilengserkan .

Yg ngotot... pastilah kaum yg dibayar para koruptor.... koruptor SAKIT HATI dengan penyitaan hasil jarahan mereka, oleh pemerintahan Pragib padahal kaum Koruptor Sudah menjegal agar lembaga DPR tidak berani mengesahkan UU penyitaan aset koruptor dan hukuman mati.

Masa setaraf mantan menteri tidak faham ....aneh dan tidak masuk logika banget??????",0,2026-04-12T20:04:29Z
@sultancastello3818,JADII PRESIDEN KITAA YANG LEMAHH!!!,0,2026-04-12T18:39:09Z
@erhikchannel,cukup 1 periode aj.sebelum negara ini menenggelamkan rakyat kecil seperti saya ini,0,2026-04-12T18:37:12Z
@AmrilDesi,Klw kita  bebas bicara dan dijamin undang2klw gitu sya bisa bilang orang2 yg ingin memaksul kan pak prabowo adalah orang2 yg tidak menerima kekakalahan gimana pak termasuk  pak mahmut sendiri gimana pak.apa salah karna yg ingin pak prabowo di turun kan bukan lah masarakat banyak anyalah segelintir manusia yg metasa terancam dengan tindakan tegas pak prabowo.,1,2026-04-12T18:32:32Z
@diaarief811,Sahkan undang2 KORUPTOR hukum MATI.  RAKYAT setujuh KORUPTOR hukum MATI.,0,2026-04-12T18:16:15Z
@YunNus-q9m,Selama diowmerintahan kok tak sevokal sekarang pak mahhh,0,2026-04-12T17:40:12Z
@NabilRusydan-p2g9b,Kritik nya  membangun    jangan jangan menjatuhkan ya,0,2026-04-12T17:10:39Z
@rudisetiawansetiawan3916,"Pa Mahmud itu wacana itu bukan termasuk bughat tapi rencana  mengkonsolidasikan masa ,ancaman , untuk penghasutan di muka umum apakah bisa di hukum pak Mahmud?",0,2026-04-12T16:38:39Z
@SuhutPutra,"Kelebihan dan kekurangan para politisi Indonesia selalu ingin menjatuhkan dan melengserkan RI 1.yg selalu mencari sela dan celah agar dampak dan terdampak sekecil dan sebesar apapun itu masalah negara .kalaupun negara ini milik kita bersama ,marilah kita memperbaiki bersama .bukanlah memojokkan bersama .sebab setiap manusia itu bersipat silap dan kesalahan .sehingga manusia itu tidak ada yg sempurna .",0,2026-04-12T16:21:06Z
@ruqybilbarkah2009,"Klo pemikiran Mahfud MD sprt itu, dan Prabowo-Gibran benar2 digulingkan, kemungkinan besar pemerintahan selanjutanya akan dijatuhkan jg, begitu selanjutnya. Negara gk akan pernah stabil dan itu yang diinginkan oleh asing, biar Indonesia mudah untuk dikendalikan.",0,2026-04-12T15:58:00Z
@R.Pramudya08,"WOWO ITU APA YG DIKATAKAN GA SUSUAI DGN HATINYA,ANTI ANTEK ASING BUKTINYA PAKAI ANTEK ASING,BILANG EFISIENSI TERNYATA MALAH BUANYAAAKKKK...MENTRI DAN WAMENYA,BELUM RAFI AHMAD,QUDORI DLL SEMUAT DI GAJI LOH😮😮😮",0,2026-04-12T15:45:56Z
@MUSLIADIMUSLIADI-u6k,kalau belum dapat jabatan bagus..banyak ngoceh kritik pemerintah....sadar kek..udah bau tanah...bagus bagus aja ya...karna nanti di hari akhirat ngak bisa bersilat lidah...,0,2026-04-12T15:33:25Z
@setyamsetyam4276,Kalau kemarin bisa nyoblos akan saya pilih pak prof md,0,2026-04-12T15:27:48Z
@PakEko-l6u,Kl prabowo diturinkn mk siapa yg akn menggantinya. Apa wakilnya itu....waah haibaat Bosss,0,2026-04-12T15:27:35Z
@WongsiniLa-z7m,karna orang2 kemaren merasa kalah jdi semua mw kritik,0,2026-04-12T15:25:20Z
@WongsiniLa-z7m,kmi udah tw smua PK Mahpud md karna kmi rakyat Spil mna yang benar mna yang salah dari jaman PK Harto banyak koroktor cuman PK pribowo yang bisa Brantas koroktor kenapa presiden pribowo GX cuma crta tp kenyataan kenapa presiden baik malah mwrmaksul ap it bukan,0,2026-04-12T15:22:14Z
@midunkureta9690,"Pak Mahfud ini kadang2 suka lucu .. UU HAM saja berlaku setelah pak harto lengserrrr... Terus demokrasi negara mana yg diterapkan pak? UU dulu baru tindakan atau tindakan dulu baru UUnya??

Tadi bilang makar kalo ada pergerakan,, terus pak amin rais waktu ikut mengerakan rakyat untuk lengser tidak disebut MAKAR?

Sampai kapan indonesia itu MABOK DEMOKRASI... Ingat SILA pertama adalah KETUHANAN YG MASA ESA, jadi ATURAN dan KONSEKWENSI sudah melekat di Kitab Suci (contoh nyolong itu konsekwensinya di potong tangannya)... Mau berubah SILA PERTAMA jadi LIBERALISME Yang Masa Kuasakah...

Coba dech baca lagi UU demokrasi itu mencangkup apa saja. 
Salam diskusi sehat dan membangun NKRI",0,2026-04-12T15:21:35Z
@Syarifudin-pn9sr,Jika mau jatuhkan dan menghujat Prabowo apakah itu keritik ? Kami msrkt jauh didesa bingung maunya gimana. Pak Prabowo bukannya terima Presiden yg baru merdeka tetapi menerima NKRI yg sdh hancur dari Jakowi.,0,2026-04-12T14:54:09Z
@YonoYono-l9q,Politik itu politik.semoga politik selalu cerdas adil membangun negara.,0,2026-04-12T14:45:42Z
@ahmadjidni448,"Pak Prof,,, kalau ada yg mengajak mengajak menurunkan suatu Pemimpin... Apa itu kritik Pak Prof???",0,2026-04-12T14:43:00Z
@Awallll207,"Astaaagaaaaa knp bukan bapak ini jadi presiden dan wakilnya pak ahok..... 
Koruptor ketar ketir 😅",0,2026-04-12T14:41:47Z
@Syarifudin-pn9sr,"Jika menghalalkan segala cara dgn dalih demokrasi utk menjatuhkan Pak Prabowo. Apakah tdk sebaiknya kita tuntut Pidato beliau utk berantas korupsi dan berantas mafia hukum. Pak Machfud hrs ingat ketika jabat Menkopolhukam gimana justru politik, penegakan hukum dan korupsi semakin parah ?. Aku lahir thn 1947 merasakan hidup dari era Soekarno dan pendapat aku Presiden yg terbaik hingga hari ini cuma Pak Harto.😊",0,2026-04-12T14:41:30Z
@heryyantodr7279,Pemerintahan omon2...😢,0,2026-04-12T14:36:08Z
@aan.0129,Saiful mujani kan tim suksesnya Pak Mahfud. Jadi pernyataan beliau tidak objektif. Statementnya saiful mujani itu jelas sekali makarnya kok,0,2026-04-12T13:51:10Z
@riskidestrian-k1w,Berarti ini memang presiden omon omon ya?...😅😅😅😅😅,0,2026-04-12T13:47:30Z
@adikormod4037,presifen ke 7 kenapa aman aj y,0,2026-04-12T13:15:34Z
@noymuhammad155,Barisan sakit hati,0,2026-04-12T13:14:43Z
@kanaumi2099,❤❤❤❤❤👍👍👍✊,0,2026-04-12T13:07:54Z
@MulyohadiAgresmi,"Lihatlah rekam jejak merek""? Itu,layakah diikuti / didukung ?????",0,2026-04-12T13:06:03Z
@simarmatamisdin4900,woalah pak mahfud orang plin plan..selama jadi mentri gk jelas hasilnya...,0,2026-04-12T12:49:32Z
@wantekgokil7771,"Pintar,yah pintar,karena kamu tidak ada jabatan,koar koar ketika ada jabatan hilang koar mu",0,2026-04-12T11:55:52Z
@prasetyohaditomo7611,Gak sabar nunggu 2029,0,2026-04-12T11:31:44Z
@cunwinto9515,Kritik bagian dari demokrasi. Apa yg disebut makar ada unsur unsur nya. Tidak semua kritik disebut makar... Belajar itu membuat cerdas dalam melihat sesuatu... Mempimpin nwgara besar spt Indonesia butuh pengetahuan... Ilmu.... Hukum itu untuk harnonisasi.. Kalau tidak diatur dengan aturan nagara ribut.... Ramai,0,2026-04-12T11:17:37Z
@cunwinto9515,Lebih pintar Prof Mahfud dari Presiden kita. Apa yg disampaikan terukur dari pesepektif tata negara.. Hukum tata  negara...,0,2026-04-12T11:15:29Z
@KamidPrijono,"14 dari 15 orang politisi itu pembohong
Ya sebab niat mereka jadi politisi bukan unt berjuang. Tapi mencari pekerjaan. Mencari uang. Mencari kekayaan bahkan menumpuknya",0,2026-04-12T10:09:42Z
@budiarthana1226,Ini baru pencerahan sehat selalu Pak Mahpud,0,2026-04-12T09:32:03Z
@harieswelly1437,"Prabowo ini sudah pikun
SDH terbatas wawasan nya..mestinya mundur jangan memaksakan diri
Nanti akan sakit sendiri",0,2026-04-12T09:13:12Z
@jefrisafrudin2123,Ayo tanggung jawab tuh yg pilih PS 🤭,0,2026-04-12T08:52:09Z
@UsmanUsman-tq9dt,Jauh panggang dari api,0,2026-04-12T08:26:18Z
@YonoSentot,DPR itu sekarang suda jadi perisai industri besar memonopoli dalam negeri semua harga di luar nalar makanya pemerintah impor mobil murah untuk operasional koperasi.,1,2026-04-12T08:24:29Z
@berkahmandiri7405,hentikan MBG pak krn sudah sangat kacau!!!,0,2026-04-12T08:21:04Z
@xjkkang6811,Setuju 😂😂,0,2026-04-12T08:19:30Z
@AlNgongo,Perlu dengar orang orang yang keritik dan dipanggil untuk membicakan,0,2026-04-12T08:18:16Z
@diykangocep3184,"Wowo, prog mbg dan kop merah putih, membuat korupsi dimana mana dan itu utang kepada parpol kwalisi yang dukung 2x presiden gatot, kalau rakyat ga di dengar, satu satunya, digulingkan seperti mertua nya ya",1,2026-04-12T08:08:40Z
@unfrezeehyper7759,"Pas ngejabat kena ""skak"" Bambang Pacul. Pas jabatan dan selesai jadi idealis lagi. 😅",0,2026-04-12T08:05:57Z
@glintsteel123,bismillah,0,2026-04-12T07:55:50Z
@smsunga5171,pak mahfud MD dari dulu omonganya plin-plan alias SENGKUNI.,0,2026-04-12T07:36:21Z
@wdewekk6488,"Pa mahfud itu kayaknya buku fiksi cuma angan-angan pa prabowo saja, jadi yaa kita sebagai gen z udah muak dengannya 26:59",1,2026-04-12T06:50:04Z
@maulanamuzaki9692,Presiden mundur bosss LEBIH terhormat...,0,2026-04-12T06:49:53Z
@aldiedo2354,"Ini kumpulan orang-orang yang tidak bisa move on. Yang satu 24 sekian persen, yang satu lagi 16%. Lalu bawa² nama rakyat. Padahal jelas-jelas namanya pilpres yang menang ya yang mayoritas. La ini yang minoritas sok mau ngatur negara. Move on woooiiii.... Klo tidak puas masih ada 2029😂",0,2026-04-12T06:04:00Z
@AndiMulya-o2x,ngerusk konstitusi saja bukan  makar.di Mk .knapa harus cari2 yg lain.yg sering makar justru kekuasaan.di negara ini..,0,2026-04-12T05:56:16Z
@ImaMarbi-gf6qi,😂😂presiden mbg kita bukan budek dan rabun lagi..tapi udah buta dan tuli 😂😂😂😂 ..presiden udah tua y gitu kelas nya Donal bebek .suka pikun sendiri ...😂😂😂 Presiden mbg  paling 1 prioden ini aja kalau memang jujur tu pemilu,0,2026-04-12T05:52:44Z
@nyomansugiarta1877,Dewan Penipu Rakyat menjarah uang rakyat rame3,0,2026-04-12T05:49:30Z
@corynadieck1635,"Pidato nya bocor bocor,, MBG itu suatu kebocoran yg nyata. Pembuangan duit sia-sia. Terbaru heboh,, pengadaan kaos kaki 100.000.. 😂",0,2026-04-12T05:45:03Z
@ilopies,"Ketika ambisi dan obsesi seorang pemimpin mengalahkan logika berpikir , yang pesta pora para kroni nya , yang jadi korban rakyat 240 juta jiwa.",0,2026-04-12T05:34:54Z
@Suntoyo-t9s,Seandenya. Kang emput  GK ikut bubarkan FPI yg GK pernah badok uang ngr  nm y baik bagi umat Islam bs2😮 JD persiden ada anak bangsa di bunuh jkw kok GK bela malah bikin  sakit org islam,0,2026-04-12T04:40:30Z
@Widodo38-r6c,Sangat cocok kedepan  ANIS Berpasangan dengan Pk MAHFUD. BERIMBANG. Insyaa Alloh  JADI.. ❤,0,2026-04-12T04:17:27Z
@AchsanPudjiMuljono,"Alhamdulillaah, sy dapat buku ""Paradox Indonesia"" yg ditulis Pak Prabowo itu.
Appreciate dgn Prof. Mahfud MD, cara mengkritisinya elegan, intelek, positive minded, bukan dgn emosi, provokasi, etis, tidak ada kata2 yg jorok/tidak etis. Prof Mahfud juga jujur, masih mampu melihat sisi positif pemerintah, tdk hanya yang negatif. Semoga pemerintah memperhatikan kritikan Prof. Mahfud & mampu mengkoreksi kekurangannya. Terima kasih & respect Pak Mahfud.",21,2026-04-12T04:14:49Z
@charleschuchannel1208,Keliru jalan akibat ketidak tahuan...atau keserakahan..???,1,2026-04-12T04:14:32Z
@ojagggamer5268,Dan ternyata wowo cuma bacot...asulah wowow,0,2026-04-12T04:12:22Z
@agustinusjho3816,itu urusan beliau pak selama bapak monjabat jadi apa mana ada apa mala kita selalu sarang mapia dan korop,0,2026-04-12T04:00:45Z
@tokomocaf,"mungkin ini alasan Pak Mahfud , tidak mau gabung dengan Pemerintahan Prabowo, karena setelah baca bukunya Prabowo.",0,2026-04-12T04:00:15Z
@ramaehafidz1419,KALAU NGOMONG MAHMUD ORANG SAKIT HATI KALAU PILPRES...BELA SAEFUL MUJANI...... BOLEH KAN?????,0,2026-04-12T03:55:46Z
@anawidi4401,pemerintah manapun kalau msh bagi2 jabatan ya gni terus ga bakal ada eprubahan yg ada malha kemunduran,0,2026-04-12T03:44:02Z
@NurhayatiAtika,"Memang bagus & ses aturan yg dibicarakn p mahfud, masalah nya  di Indonesia ini dr bawah sd atas spt nya penuh dgn orang2 yg sdh biasa & bangga menggunakn uang negara utk pribadi & kelg nya, ... 
Sebenar nya sy kasihan  dg p Prabowo sendirian ingin Indonesia bersih,... 😭 
Sdgkn sekitar nya  yg dianggapnya sbg tangan nya tyt org2 lama yg sdh mencengkeram negeri ini,... 
Yg sdh biasa berbuat mengatasnamakn p Prabowo,....  
Kl sampai p Prabowo capek siapa lagi yg benar2 baik lahir batin nya utk bangun negeri ini,.... 😭
Sementara orang2 yg biasa kritis ujung2 nya kl sdh dpt jabatan akan diam seribu bahasa,...😭😭😭",0,2026-04-12T03:32:29Z
@abuabdullahali4248,"ini tanda bahayanya tiupan makar saiful dan islah. Buktinya bkn cuma pakar2 ecek2 yg bicara tapi seorang sosok mahfud aja ikut angkat bicara,coba melemahkan gerak aparat terhadap mereka berdua. Ayo aparat gercep korek isi otaknya dia berdua, yg sy yakini isi otaknya lebih berbahaya dr mulutnya yg nampak. Jangan sampai tiupan makar ini sampai ke rakyat di luar sana.",0,2026-04-12T03:31:54Z
@Bijoetv,"KKB TPM MAKAR, MELANGGAR UU MAKAR, MEMBERONTAK DENGAN SENJATA UNTUK MELAWAN PEMERINTAH YANG SAH,  MENGAPA SAAT BAPAK MENJABAT TIDAK BISA DISELESAIKAN DENGAN SUKSES DAN BERHASIL SAMPAI KE AKAR-AKARNYA. LANJUT PEMERINTAH SAAT INI JUGA NGAK SELESAI MALAH TAMBAH KUAT PEMBERONTAKAN NYA.",0,2026-04-12T03:11:08Z
@ahmadfairobi9243,Kagak yakin saya itu tulisan dari Prabowo langsung.... Karena kenyataannya bertolak belakang... Koruptor dikejar? Lah.. kenyataannya mau dimaafkan kalo dibalikin hasilnya....,0,2026-04-12T03:08:45Z
@akalsehat4753,"Kita lihat aja pertumbuhan ekonomi kurang dari 5% dan IHSG anjlok, bahkan investor lebih memilih Vietnam dan Malaysia karena kepastian hukum nya jelas regulasi nya gak berbelit belit seperti konoha 😂, Vietnam sana pertumbuhan ekonomi nya udah 8% dan bentar lagi 9% ,bahkan Vietnam pendidikan nya no 2 di Asia Tenggara dan selalu memenangkan event sain skala internasional peringkat 1 dan 2 selalu bersaing dengan Singapore sedang kita jangan ditanya bahkan peringkat pendidikan dibawah Malaysia dan thailand 😂, kalau dibaca sejarah kemajuan  Singapore bukan investasi pada makanan namun yg mereka sibuk perbaiki kepastian hukum mengenai investasi mempermudah regulasi, dan investasi pada pendidikan, sedangkan kita sibuk mengurus Koalisi partai sama korupsi dan nepotisme gak kesudahan 😂 .",1,2026-04-12T03:08:12Z
@akalsehat4753,"gemana gak defisit MBG 330 Triliunan, beli mobil di India puluhan ribu 30 triliunan padahal mobil lokal ada 😂
belum lagi bayar hutang cina 120 triliunan kereta cepat, belum lagi bayar gaji DPR Ri ratusan puluhan triliunan pertahun belum lagi impor minyak belum lagi bayar gaji ASN tiap tahun 😂
kalau negara ini waras harus perbanyak kilang minyak dan kembangkan biodiesel skala nasional bukan ngarapin impor minyak Arab mulu 😂
kalau lebih waras lagi jika mbg 330 triliunan ada berapa kilang minyak kalau di bikin 😂
coba lihat negara Malaysia sebelum sana walaupun kecil justru kilang minyak nya lebih banyak dari kita 😂😂

gaji besar di konoha hanya bisnis ketering mbg, jika saja keuntungan nya 3 ribu sampai 5 ribu lu kalikan saja 1000 piring sehari, itu baru sehari lu kalikan sebulan bahkan setahun, 😂itu baru satu ketering gimana 5 ketering 🤣
lu tau kagak yg namanya makan siang dimana pun di negara maju yg kelola itu pihak kantin bukan di kelola Koalisi partai, polisi , TNI apa lagi ormas NU saking gak ada kerjaan nya 🤣bahkan makanan makanan penjara Jepang lebih enak wajar aja mereka negara waras beda sama konoha terlalu banyak masalah bahkan keracunan gak jelas belum lagi insiden makanan basi yg buat keracunan 🤣🤣
bukan masalah pajaknya kita terlalu banyak korupsi anggaran 8 ribu perpiring gizi nya dimana cobak bahkan ekonomi katakan itu investasi keluar nya di WC 😂😂 ,",1,2026-04-12T02:55:44Z
@akalsehat4753,"​ menurut bank dunia 60% rakyat konoha itu miskin tapi gaji dewan nya ke 4 terbesar dunia bahkan melewati Amerika dan Singapura 😂 , sedangkan gaji gurunya negara konoha cuma 3 jutaan paling rendah 400 ribuan cuman negara konoha ada sistem honor sejak lama walaupun udah di hapus , bahkan gaji guru negara konoha paling rendah se asia Tenggara dibanding thailand dan malaysia, bahkan pendidikan negara konoha juga paling rendah di Asia Tenggara sudah ketinggalan oleh Vietnam nomor 2 pendidikan nya di Asia Tenggara dibawah Singapura, coba lihat Singapura gaji gurunya bisa 30-60 juta sedangkan gaji DPR nya 180 juta itu kesenjangan tidak terlalu jauh , dibandingkan negara konoha gaji dewan nya 100-400 juta sedangkan gaji guru nya 3 jutaan itu kesenjangan luar biasa gak heran artis berbondong-bondong masuk politik orang yg dipilih berdasarkan popularitas bukan kualitas bahkan pelawak juga bisa jadi dewan, jangan heran negara ini dikelola dengan bercanda 🤣🤣
di Vietnam guru di pelosok dibayar lebih besar dari pada di kota karna di pelosok punya tantangan sendiri bahkan kualitas guru di Vietnam jangan di pertanyakan lagi bahkan ada kontes guru terbaik setiap tahun di Vietnam guru yg terpilih akan dapat penghargaan apa di negara konoha ada model gini justru dengan ada nya kontes ini guru guru termotivasi untuk lebih baik dan terus lebih baik kedepan nya untuk mendidik pelajar nya
apa lagi mau jadi contoh Malaysia pendidikan di Malaysia juga maju semua gratis di sekolah Malaysia baik buku buku maupun peralatan sekolah lainnya , bahkan pelajaran bahasa Inggris disana anak anak SD saja dituntut berbahasa Inggris agar kualitas nya bukan hanya nasional tapi internasional. 😁

maksudnya maju untuk kepentingan pribadi ya untuk menjajah semua sumber daya alam lalu masuk dompet pribadi, papua tidur dibawah emas tapi rakyat nya tetap miskin, riau tidur dibawah minyak dan batu bara serta gas alam maupun sawit bahkan minyak riau dan batu bara udah nyumbang ribuan triliunan untuk negara tapi apa apbd riau hanya puluhan milyar, dan banyak orang miskin disana, Sulawesi kaya akan nikel tapi apa rakyat tetap miskin, bangka belitung kaya akan timah bahkan bisa rugikan negara 271 akibat korupsi tapi apa rakyat tetap banyak yg miskin semua sumber daya alam negara konoha masuk 10 terbesar dunia jarang negara maju masuk 10 besar duni seperti emas sedang emas negara konoha masuk 10 terbesar dunia , tapi rakyat tetap miskin , ini bukan masalah rakyat nya tapi sistem yg buruk dulu Singapura itu bagian dari Malaysia tahun 1970 tapi apa sekarang Singapura lebih maju dari Malaysia tidak ada yg tidak mungkin bahkan presiden cina sendiri belajar pada Singapura negara kecil lee kuan yew saat itu , sedangkan negara konoha itu tidak mau belajar dari negara manapun  apa lagi eropa, di negara Nordik mereka cuman eksportir ikan dan sayur mereka mampu jadi negara maju, bahkan Arab Saudi hanya sumber daya alam dari minyak rakyat nya sejahtera semua fasilitas publik gratis termasuk rumah sakit dan pendidikan sampai jenjang tertinggi bahkan dikasi oleh negara insentif pada pelajar nya 😂
Kita hanyut mimpi mau maju , maju apanya korupsi aja jadi budaya di negara konoha😂 ,",1,2026-04-12T02:54:01Z
@akalsehat4753,"gua bagian orang menyerukan kepentingan bernegara bahkan kepastian hukum buat korupsi itu penting buat membuat membangun negara agar uang  yg di pakai hal penting tepat sasaran tidak diselewengkan oleh para koruptor, salah satu contoh negara singapura awal kemajuan nya di mulai tahun 1965 karena pemimpin seorang visioner yg memikirkan 100 tahun kedepan untuk generasi mudanya bukan memikirkan kesenangan sementara dengan korupsi , apa yg di perbuat pemimpin negara nya lee kuan yew  singapura 1965 yakni menekan keras korupsi dengan kepastian hukum kuat, walaupun di samping lain ada kebijakan kontroversial dengan kenaikan gaji pegawai nya dengan syarat tidak korupsi dengan kepastian hukum kuat yg menekan keras korupsi salah satunya UU perampasan aset memiskinkan para pencuri uang negara , korupsi tidak bisa di tekan keras dengan kepastian hukum lemah, saya tidak lah bodoh membandingkan geografi konoha dengan negara singapura yg jadi patokan hikmah yg kita ambil sosok pemimpin singapura yg visioner dan semangat yg melebihi para pejabat kita. sebelum 1965 singapura itu masih bagian dari malaysia karena mereka dipandang rendah karna tidak ada nya sumber daya alam bahkan penduduk Singapura waktu itu tidak bisa membaca dan mayoritas miskin mereka di pojokan , dengan semangat yg pemimpin yg mereka punyai mereka merakak menuju negara maju bahkan sekarang mereka jadi kiblat kemajuan negara asia Tenggara😂, kita bisa jadi negara maju jika hal kecil di mulai seperti sahkan UU perampasan aset, maju kan sektor pertanian dan majukan pendidikan, jangan ada kesenjangan gaji guru Dan DPR nya harus setara dan jadilah negara bersih tanpa korupsi ,negara tanpa korupsi politik itu akan stabil tidak ada lagi politik uang karena masyarakat udah sejahtera politik terbentuk dengan jujur dan transparan di negara tanpa korupsi😁😁

Indonesia emas hanya bullshit kalau tingkat pendidikan masih rendah bahkan tingkat membaca negara konoha ini masih paling rendah di asia 😂

Alasan kuat kenapa asing enggan berinvestasi dan terlihat membatal investasi nya  karena negara konoha ini kepastian hukum nya masih lemah , di banding kan dengan negara sekecil singapura kepastian hukum nya kuat melebihi apapun dan hukum di junjung tinggi di negara singapura dan hukum di negara tersebut mutlak, sedangkan negera konoha ini lebih suka korupsi jika liat dolar 😂

dulu kita menyalahkan belanda kerja paksa ternyata setelah di teliti oleh ahli sejarah kerja tersebut di bayar belanda hanya saja orang lokal pribumi sendiri korupsi dan tidak memberikan, sungguh ironis 😂

dpr  aja mental miskin UU perampasan aset aja enggan mereka sahkan , coba contoh singapura kemajuan nya di mulai tahun 1965 pemimpin nya berani menekan keras hukum kuat dengan kepastian hukum yg mutlak, singapura hanya perlu 30 tahun jadi negara maju era lee kuan yew dimulai tahun 1965  tentang kemerdekaannya dari Malaysia dan tantangan awal untuk bertahan hidup sebagai negara kecil yang miskin dan tidak memiliki sumber daya alam yg menentukan nasib mereka sendiri, Malaysia memisahkan singapura karena ada perbedaan ideologi tahun 1965, Lee Kuan yew sebagai pemimpin singapura saat itu memohon dan menangis bergabung dengan Malaysia namun tetap ditolak Malaysia karena Lee kuan yew takut akan masa depan negara nya namun dengan tekat luar biasa Lee Kuan yew mampu membangkitkan negara nya menjadi maju bahkan melebihi Malaysia sendiri,sekarang singapura bahkan jadi kiblat kemajuan negara di Asia Tenggara, yg membuktikan bahwa jika negara tersebut dikelola dengan benar dari aspek kepastian hukum untuk korupsi pasti negara tersebut akan maju dan memikirkan kesetaraan antara gaji guru dan Pejabat negara nya harus setara jangan ada kesenjangan luar biasa besar negara itu akan maju sedang kita gaji guru hanya 3 juta gaji DPR 100 juta lebih justru itu dinamakan kesenjangan , sedangkan di negara maju singapura gaji guru 30-80 juta dan Gaji DPR nya hanya 180 juta itu lah setara tidak ada kesenjangan terlampau jauh disana, coba indonesia mau mencontoh hal ini bahkan 30 tahun kita bisa jadi negara maju karena kita punya potensi didukung sumber daya manusia muda melimpah, sedangkan sekarang kepastian hukum kita lemah bahkan sekelas perusahaan apple lebih memilih vietnam dan singapura untuk investasi dari pada negara konoha tanpa investor bagaimana cara menambahkan lapangan kerja, kalau hanya nyuruh generasi berdagang doang itu bukan tugas negara, tugas negara itu harusnya menciptakan lapangan kerja karena meningkatnya pertumbuhan manusia nya, pemerintah dan pejabat negara kita masih aja melek dengan fakta , tanpa mikir jangka panjang hanya mikir kesenangan sementara dengan korupsi 😂😂

hidup di negara IQ 78 yg disalahin pihak luar mulu padahal pejabat negara aja yg kotor korup dan suka membuat kebijakan seenaknya sesuai kepentingan🤣🤣😂😂

negara nordik seperti Eropa hanya Penghasilan nya dari eksport sumber laut dan buah buahan dan sayur bisa sejahtera sedangkan kan kita punya semuanya sumber laut melimpah, timah, nikel, batu bara, bauksit, tembaga, gas alam, sawit, emas bahkan semuanya kita melimpah dan masuk 10 terbesar negara di dunia semua sumber daya alam kita, tapi apa menurut bank dunia 60% rakyat miskin sumber daya alam hanya dikuasai untuk segelintir orang  memperkaya diri 😂🤣

kemajuan itu hanya semboyan bukan realita di negara yg jadikan korupsi itu budaya 🤣

dengar kata lee kuan yew negara yg korup itu negara yg gagal karena pemimpin nya lebih sibuk memperkaya diri dari pada membangun bangsa nya 😂

kalau kita lihat negara yg korup itu biasa negara berkembang seperti Zimbabwe, negara afrika sekitar, semakin maju sesuatu Negara maka tingkat rasa malu nya juga tinggi , jangan heran Jepang itu bisa maju jauh hari mereka menjujung rasa malu bahkan sejak zaman samurai mereka punya agama nama nya shinto mengutamakan rasa malu kebijaksanaan, jangan heran juga teknologi Jepang itu bagus mereka sangat teliti dalam hal hal terkecil sekalipun ini lah budaya yg selalu dipertahankan leluhur mereka rasa malu dan kebijakan setiap tindakan 😌

beda sama orang Jawa dulu masa penjajahan katanya ada kerja paksa ternyata duit nya di korupsi penduduk lokal bupati lokal dan itu sudah dibuktikan oleh ahli sejarah naskah kuitansi pembayaran oleh gubernur belanda saat itu sedang di pelajaran sekolah seakan itu di pudarkan bukti sejarah bahwa kerja paksa benar ada tapi apa orang lokal sendiri korup gak bayar upah pekerja 🤣🤣

jangan katakan nenek moyang kita itu pelaut tapi koruptor 😂


Indonesia maju itu cuman angan angan dana haji aja dikorup , belum lagi pajak di korup tadi bahkan liga korupsi dipegang pertamina jauh hari belum lagi pejabat paling bawah seperti kades sering menyimpangkan anggaran 😂😂

di pulau Jawa saja banyak yg miskin apa lagi ngurus di luar pulau kenapa bisa gini karena pejabat kita korup suka memperkaya diri contoh saja sumber daya alam melimpah kesehatan masih bayar sumber minyak banyak tapi kilang gak gak ada, 80 tahun merdeka masih aja membedakan sekolah swasta dan negeri 80 tahun merdeka guru di pelosok tidak pernah diberikan penghargaan padahal guru ujung tombak kemajuan suatu negara coba lihat Vietnam dengan waktu singkat pendidikan bisa maju karena jelas mereka menghargai peran guru bahkan gaji guru pelosok di Vietnam lebih besar gajinya dari pada di kota 😂😂
negera sekecil Malaysia saja kilang minyak nya banyak sedang kita negara besar kalah banyak jumlah kilang minyak dari pada Malaysia padahal sumber minyak kita banyak, padahal udah 80 tahun merdeka,bahkan di Malaysia pajak mobil jauh berkali lipat murah nya dari pada negara konoha gak heran negara malaysia rakyat nya cuman beberapa pesen orang miskin, karena mereka kelola negara dengan transparan bukan kayak Indonesia menteri agama aja korup dana haji 🤣🤣


kemarin ada yg keracunan, mau dapur yg bermasalah program ini lahan basah korupsi dan tidak ada output untuk 100 tahun kedepan hanya jadi taik lupikir hidup itu hanya sebatas makan siang, kedepan nya itu anak setelah habis masa sekolah dia harus kuliah dan itu perlu biaya besar dan itu juga perlu di gratiskan 😂
pendidikan itu dijamin konstitusi makan siang tak ada di jamin konstitusi bahkan aneh nya dana pendidikan di potong untuk makan siang jangan heran banyak honorer yg menerima gaji jauh dari kata layak puluhan tahun ini lah kesenjangan sosial 😂
kalau negara waras yg harus diperhatikan itu dulu nasip seorang guru lu tau negara Jepang kan gak tau Google aja saat mereka kalah perang negara nya hancur kena bom atom Kaisar berkata berapa jumlah guru yg selamat bukan dia tanya berapa infrastruktur yg masih tersisa , karena Kaisar tau mereka kalah perang karena mereka masih bodoh dan tidak belajar Karena itu begitu penting peran guru di negara Jepang lihat sekarang 80 tahun kemudian setelah kena bom atom Jepang bangkit jadi raksasa teknologi manufaktur baik mobil motor alat elektronik , sedangkan negara konoha apa cuman ngurus korupsi dan nepotisme gak ke sudahan bahkan investor sulit masuk dibanding negara seperti vietnam bahkan pertumbuhan ekonomi nya sudah 8% dan bentar lagi 9% , sedangkan kita bangga dengan pertumbuhan ekonomi kurang dari 5% bahkan itu sejak pria solo mimpin 10 tahun yg lalu sampai sekarang 🤣🤣",1,2026-04-12T02:53:26Z
@akalsehat4753,"kalian bangga dengan makan gratis sedangkan kuliah saja masih bayar peralatan sekolah masih bayar kesehatan masih bayar hidup itu gak sebatas makan siang doang tapi kuliah juga harus gratis 🤣🤣
lu tau negara singapura kan gak tau Google aja mereka maju cukup 30 tahun jadi negara maju baik dari segi pendidikan maupun ekonomi, sedangkan kita 80 tahun merdeka masalah nya itu itu aja korupsi dan nepotisme😂
lu tau kagak pertumbuhan ekonomi kita itu hanya kurang dari 5% itu sejak joko mimpin 10 tahun lalu sampai sekarang , lu tau negara Vietnam, gak tau Google aja bahkan mereka pertumbuhan ekonomi nya sudah 8%
dan pendidikan nya no 2 di Asia Tenggara dibawah Singapura .
katanya kita sumber daya alam melimpah tapi 60% rakyat miskin menurut bank dunia semua itu hanya di kuasai segelintir orang
bahkan dari data nikel kita no 1 terbanyak di dunia sawit kita terbanyak di dunia no 2 Malaysia, gas alam kita no 8 dunia bahkan emas kita masuk 10 terbesar dunia belum lagi sumber daya alam seperti bauksit timah yg kemarin juga banyak yg di korupsi kemarin rugikan negara 271 triliunan bahkan kita punya cadangan minyak melimpah di riau itu pun kadang dijual mentah ke Singapura lalu kita lagi impor minyak dari mereka 🤣🤣 80 tahun merdeka kilang minyak baru dibangunin sekarang Malaysia yg negara kecil jauh hari sudah banyak kilang minyak nya, bahkan Malaysia jadi negara penentu harga sawit dunia karena pabrik teknologi buat kelola ada disana semua sawit kita di antar ke Malaysia untuk di jual murah 😂, tanah sumatra itu hanya tempat tanam sawit bahkan sebagian sawit di kelola di Singapura untuk dikelola untuk minyak masak kemudian kita lagi beli minyak kemasan mereka 🤣, sedangkan rakyat masih banyak yg miskin, bahkan riau sudah sumbang ratusan triliunan hasil minyak bumi nya dan lahan sawit tapi APBD riau hanya puluhan milyar ini lah kesenjangan sosial 🤣🤣
konyol nya negara Nordik seperti Denmark dan Finlandia hanya ekspor ikan sama sayur bisa jadi negara maju 🤣🤣
dulu kita menyalahkan belanda kerja paksa ternyata setelah di teliti oleh ahli sejarah kerja tersebut di bayar belanda hanya saja orang lokal pribumi sendiri korupsi dan tidak memberikan, sungguh ironi 😂",1,2026-04-12T02:52:55Z
@akalsehat4753,"pendapatan dari negara aja 80% dari pajak yg kata bank dunia 60% rakyat kita miskin,sedangkan dari dan 20-30% dari sumber daya alam 😂 aneh nya bps katakan 15 ribu sehari belum miskin sekarang aja udah 17 ribu per dolar 😂
coba lihat negara Nordik luar sana cuman ekpor sayur sama ikan bisa jadi negara maju 😂😂
sedangkan kita sawit paling banyak di dunia melebihi malaysia, gas alam kita no 8 di dunia, emas kita masuk nomor 10 terbesar di. Dunia, belum lagi nikel terbanyak nomor 1 besar dunia, tapi apa rakyat kita 60% miskin 😂, 80 tahun kita merdeka kilang minyak baru di bangun sekarang , malaysia yg negara kecil sebelah sana kilang minyak nya lebih banyak dari kita kan konyol🤣🤣, kita tiap tahun expor sawit mentah ke malaysia sedangkan harga sawit dunia malaysia yg tentukan padahal sawit kita terbesar di dunia karena jelas malaysia sejak tahun 70an sudah punya teknologi buat kelola sawit skala global 🤣
:negara yang gagal adalah negara yang korup karena pemimpin nya sibuk memperkaya diri dari pada membangun bangsa nya dikutip perkataan'Lee Kuan Yew presiden Singapore. 
lihat negara korup yg sudah hancur Nepal dan Srilanka dan terakhir Zimbabwe mata uang nya kena inflasi saat beli telor satu papan aja butuh 1 gerobak uang 😂, Indonesia tinggal pilih mau jadi nepal, Srilanka atau Zimbabwe 😌
kalau negara ini waras harusnya dia belajar sama singapura yg disalahin rakyat mulu yg buat negara itu waras atas kebijakan negara nya sendiri ibarat aturan hukum mati koruptor hukum orang buang sampah sembarangan di penjara seperti negara Eropa siapa yg berani buang sampah sembarangan bahkan hampir seluruh negara Eropa itu ada bank sampah botol botol yg di tukar pemulung bisa jadi koin 😂",1,2026-04-12T02:52:14Z
@akalsehat4753,"kita sendiri gak bisa jaga alam kita?? fungsi hutan aja sudah jadi lahan sawit ilegal sama tambang ilegal, coba lihat negara waras seperti Jepang 1 pohon aja di tebang wajib di tanam ulang lagi dan izin tebang pohon di Jepang itu ketat, beda cerita di konoha percuma ada polisi hutan, hutan aja di alih fungsikan dijadikan sawit semua sama tambang ilegal, tanpa memikirkan dampak yg akan di timbulkan, saat banjir datang yg di salahin hujan, 🤣🤣",1,2026-04-12T02:51:13Z
@akalsehat4753,"kalau mau bandingkan?? 1 bulan gaji DPR itu setara 1 tahun gaji PNS itu mau lihat perbandingan kesenjangan sosial 😂
coba lihat di Singapura gaji guru nya 30-60 juta sedangkan gaji DPR hanya 180 juta kelipatan jaraknya tidak terlalu jauh beda sama DPR kita banyak tunjangan ini itu bisa ratusan juta sedangkan guru nya 1 juta sampai 3 juta gaji nya 🤣🤣
penghasilan PNS kita itu hanya 70 juta setahun itu kotor nya gemana kalau dibersihkan dengan biaya kehidupan 😂

pertumbuhan ekonomi aja gak naik lu tau negara Vietnam pertumbuhan ekonomi nya udah 8% bentar lagi 9% sedangkan kita sejak era joko ampe sekarang dan kita bangga pertumbuhan ekonomi kurang dari 5% 😂😂🤣🤣
punya minyak melimpah dijual ke Singapura nanti dibeli lagi bentuk BBM, punya sawit banyak dijual murah ke malaysia padahal bisa dibikin solar 🤣🤣",1,2026-04-12T02:49:51Z
@JoniDaswarman,Hampir 2 th pemerintahan prabowo berjalan tidak ada kemajuan bahkan makin mundur yg ada cuman kritikan2 disemua kebijakan yg tidak menyentuh akar permasaalah bangsaini.pemerintahan ini sudah gagal.,0,2026-04-12T02:47:49Z
@ujangrismansh908,"Inilah Politik..
""KEPENTINGAN"" diatas segalanya.

Mahfud..bukan Akademisi murni..sudah jadi PARTISAN politik(capres)",0,2026-04-12T02:32:35Z
@PapaNico-o2z,@Saya warga negara Indoneisia Saya masarakat Biasa Sejak pencalonan Pemimpin Negara Saya berpikiran positip saya orangnya Yang tdk gampang percaya Saya jelas Meliat Rekam jejak bkn Omon omon ternyata inilah Hasilnya.,0,2026-04-12T02:30:18Z
@PapaNico-o2z,@Kami tau Gizi apa yang pants di Konsumsi Anak Anak kmi kami bth Lapangan kerja dan Hukum di terapkan Usut Pencuri Uang Rakyat  jangan cuma Bicara kmi butuh Bukti.,0,2026-04-12T02:23:35Z
@08bpak,"Y elah kemarin kan itu yg ngomong itu ,,, anak buahku waktu pilpres,,,TPI MSI skit hati karna kmu kalah..",0,2026-04-12T02:19:18Z
@TriyanaAna-w1h5s,"Mantap pah mahfud,semoga pak prabowo melihat video ini.",0,2026-04-12T02:18:31Z
@azizahtulmuna5769,"Wes ... Skenario barisan sakit hati,PAK ANIES PRESIDENnya,PAK MAHPUD wakilnya.mangkanya pak Prabowo harus dijatuhkan.skenario barisan sakit udah kebaca.😂😂😂",0,2026-04-12T01:44:53Z
@karlimdlt9849,si Owok mah sa enggeus kolot mah pan didikan si Kowi ya kerja na pasti sarua moal jauh termasuk pelindung koruptor.,0,2026-04-12T01:27:37Z
@LenyTuasela-v2r,Bismillahirrahmanirrahim assalamualaikum pak Mahfud semoga bapak Mahfud di lindungi Allah SWT sehat selalu benar sekali pak amin amin amin ya rabbal lamin,0,2026-04-12T01:22:20Z
@pnjridwan3867,Sukses dan sehat selalu Prof. Mahfud❤,0,2026-04-12T01:10:59Z
@nicojagad7981,',0,2026-04-12T01:01:58Z
@sahidunamrin1965,Semakin rusak pak😮,0,2026-04-12T00:58:35Z
@ulinnuha5766,"Yang mencoba makar itu pendukung Ganjar Mahfud, mrk msh blum move on atas kekalahan pilpres termasuk Mahfud",0,2026-04-12T00:36:32Z
@ulinnuha5766,"Yang mencoba makar itu pendukung Ganjar Mahfud, mrk msh blum move on atas kekalahan pilpres termasuk Mahfud. Tangkap mereka",0,2026-04-12T00:36:21Z
@ulinnuha5766,"Yang mencoba makar itu pendukung Ganjar Mahfud, mrk msh blum move on atas kekalahan pilpres termasuk Mahfud",0,2026-04-12T00:35:52Z
@ulinnuha5766,"Yang mencoba makar itu pendukung Ganjar Mahfud, mrk msh blum move on atas kekalahan pilpres termasuk Mahfud",0,2026-04-12T00:35:34Z
@Suroto-h2i,"Dulu saya dukung Prabowo Subianto sekarang no wee. Saya kecewa Prabowo Subianto sudah melanggar konstitusi negara Indonesia UUDS 45 .Prabowo Subianto sudah nggak layak jadi presiden RI  , Prabowo Subianto salah urus semua . Kerja kabinetnya tak sesuai aturan negara kita Indonesia. Amin✴️ 🚩",0,2026-04-12T00:25:30Z
@AAjh0n,"Kalah memang menyakitkan😂.
Teriak demokrasi tapi bikin rusuh mulu. President bilang tunggu 2029.
😂😂😂
Kritik tapi mau bikin rusuh bulan juli. Itu bukan makar. Terlalu pintar apa gmn ini😂😂😂",0,2026-04-12T00:19:37Z
@didinarya3283,Mantul Prof.. Lanjutkan.. 😅,0,2026-04-12T00:10:18Z
@salmanjawara,Ketika memilih para menteri saja telah membuat kecewa banyak kalangan masyarakat.,0,2026-04-12T00:09:11Z
@tohirtohirin923,"Pak Mahpud di lihat dulu kata2ny ,beda kritik dg kata2 yg yg menjurus ke makar",0,2026-04-11T23:56:26Z
@giribatjo5362,"Assalamu'alaikum Pak Mahfud. Saat Pilpres 2024 saya memilih Paslon 3 karena saya meyakini apabila menang dan berkuasa pasti bisa memperbaiki Negara ini terutama masalah hukum. Saya sepakat kalau penerapan hukum tidak baik, Negara ini menuju kehancuran. Sebenarnya sistim politik Indonesia presidential harusnya partai dibatasi maksimum 3 partai bila perlu 2 partai saja. Dari pd saat ini presidential dgn koalisi besar, Presiden sewenang wenang bahkan melanggar UUD'45 tak ada pertanyaan dari Legislatif sehingga Rakyat yg berdaulat akan marah.",0,2026-04-11T23:05:30Z
@Ihsansarif-w1y8h,"Mahfud MDj ini orang yng sakit hati karna tidak terpilih oleh masyarakat tidak ads yng senang,mudah2an Prabowo terpilih lagi untuk ke dua kali , Amin 3x",0,2026-04-11T22:47:23Z
@Tukang_Gacha44,Intinya mereka yang menduduki kursi pemerintahan berkepala besar,0,2026-04-11T22:39:14Z
@bapakdaroini4179,Biang kerok sepuluh thn terahir nkri rusak  kedaulatan hukum  sumberdaya alam ekonomi demokrasi  di serahkan sama oligarki rejim busuk jokowi perusak nkri oke,0,2026-04-11T22:30:03Z
@NabirePapua-m3c,Knp Malaysia Singapura Brunai. Negaranya maju rakyatnya makmur sejahtera negara tersebut TDK ad satupun rakyatnya yg bekerja buruh ke luar negeri sedangkan Indonesia kekayaan alam yg luar biasa rakyatnya miskin. Korupsi udh  hal biasa mayoritas,0,2026-04-11T21:31:10Z
@ralfiepinasang7768,"Kami berpandangan prof mahfud cerdas,. Tp beliau ini kalau dlm kekuasaan bayak diam tapi saat tdk masuk dlm kekuasan bicara kemana2 kritik pemerintah kemudian mnggu dipanggil pemrintah",0,2026-04-11T21:16:48Z
@ralfiepinasang7768,"Kami berpendapat ; Prof Mahfud , sebaiknya bicara mnyejukan bangsa bukan mngeritik tp tdk mmberikansolusi…",0,2026-04-11T21:11:18Z
@ebensunarko855,Coba dikasih jabatan .....mingkem,0,2026-04-11T21:00:10Z
@DodoWi-ls5dq,Turunkan saja Prabowo,0,2026-04-11T20:33:24Z
@AnasAnas-q3s,"Semenjak prabowo-gibran jadi pemimpin negara RI. 
Bahan pangan naik dan banyak sekali para pedagang kecil pada mengeluh. 
Apa lagi masyarakat umumnya (konsumsi) dipastikan pada mengeluh dengan harga tidak lagi bersahabat.",0,2026-04-11T20:23:06Z
@NurFaizdin,Kalau kritiknya suruh menurunkan presiden ya bahaya itu,0,2026-04-11T20:12:24Z
@Hery_Indra_S,perang dunia sekalipun diawali dengan kata2....bgmn kata2 bs dihilangkan eksistensinya? yg benar saja Fud...,0,2026-04-11T19:24:01Z
@Agis-f7d,Ada agenda terselubung ingin mengkudeta presiden probowo demi dinastinya Jokowi berlanjut lewat fufufafa,0,2026-04-11T19:21:45Z
@Tuan_Muda_ke-13,"Bapak: Bowo... Bowo, kamu bisa apa?😂😂😂
Anak: Aku bisa merugikan, Pak.",0,2026-04-11T19:09:03Z
@NgadimanDiman-t1b,"Indeks korupsi saat ini parah, teramatparah,",0,2026-04-11T18:41:22Z
@AlinPameling-v3x,Banyak kelompok² berkolaborasi yang mencari CELAH memanfaatkan keadaan.,0,2026-04-11T18:39:47Z
@NgadimanDiman-t1b,"Memang benar, hukum dibuat  untuk suka2 penguasa,",2,2026-04-11T18:35:43Z
@harrypontoh7353,Segala rupa saja pak2 ini,0,2026-04-11T18:35:18Z
@harrypontoh7353,"Bukan nanti sdh terjadi baru di tangkap, baiknya skarang sdh diantisipasi pak",0,2026-04-11T18:34:56Z
@kusnoto,negara udah hancur krna mulyono dan ditersukn makin hancur oleh prabowo...yng teriak ter iak hidup jokowi,0,2026-04-11T18:34:30Z
@harrypontoh7353,"Prabowo hebat , tangkap saja pak itu makar",0,2026-04-11T18:34:12Z
@harrypontoh7353,Mengarah ke majar berucap,0,2026-04-11T18:33:37Z
@NgadimanDiman-t1b,"Pidato Prabowo, omonomon,.",0,2026-04-11T18:26:42Z
@Serdadu007,"Klo demi kepentingan rakyat jgn pernah takut utk bertindak... 
Pak Prabowo....!!! 
Jgn terlalu gubris gerombolan manusia² yg suka bikin gaduh dan endingnya hanya sebagai bergaining utk mendapatkan jabatan dan kekuasaan... 
Kayak gk tau Mahfud MD dulu dpt jabatan dgn cara gimana... 
Namanya perjuangan dmn aja seperti itu, siapa yg ikut berjuang layak utk mendapatkan bagian dari hasil perjuangan, itu alamiah....!!!",0,2026-04-11T18:22:33Z
@NgadimanDiman-t1b,"Memang benar Prabowo melenceng, senkanan malah belok kiri, yatabrakan,..",3,2026-04-11T18:22:32Z
@johanmasriki-u9i4p,Banteng orange  resah 😂,0,2026-04-11T18:22:17Z
@NgadimanDiman-t1b,"Buku Paradok Prabowo itu pandangan Prabowo, ituseharusnya menjadi visi dan misi presiden dong, tapi kok berbanding terbalik kenyataan negara masih seperti ini, gonjangganjing, tkmenentu, rakyatmau dibawa dibawa kemana ya, rakyatkecil menjerit, pengangguranmembengkak, infrastruktur jalan rusak parah,,",0,2026-04-11T18:17:38Z
@jhonsononly12,Ahok mahfud maju 2029 🔥🔥🔥,0,2026-04-11T18:08:44Z
@Serdadu007,"MAHFUD MD BODOHNYA KUMAT LAGI, mungkin sdh mulai sering minum ES KOPYOR...😀😀😀
Kritik hak semua warga, tp klo sdh rencana membuat gaduh dan onar serta memprovokasi massa yg bertujuan makar hrs diproses hukum.... 
Mahfud MD gk ngerti konstitusi dan hukum tata negara... 
Dasar hukum dan alasan utk menggulingkan pemerintahan yg Syah itu apa...??? 
Klo hanya alasan sakit hati dan iri dengki atau faktor kebencian dibuat dasar utk menjatuhkan pemerintah yg Syah itu namanya inkonstitusional...😢",0,2026-04-11T18:02:25Z
@suparnoparno-o7z,hati2 kalau misal prabowo di turunkan secara konstitusi Gibran naik jd presiden dong ....apa ngga lebih kacau lgi ...,0,2026-04-11T18:01:06Z
@Nurhayatihm-h8t,Kalau Jokowi sudah diadili bangsa Indonesia akan pulih titik,0,2026-04-11T17:52:45Z
@Nurhayatihm-h8t,Semoga Alloh membebaskan bangsa Indonesia dari cengkraman para pengabdi setan,0,2026-04-11T17:50:52Z
@Nurhayatihm-h8t,Semua Elit sudah keracunan kecuali prof Mahfud,0,2026-04-11T17:46:12Z
@Nurhayatihm-h8t,Orang Indonesia terakhir yang mempertahankan kemerdekaan!!! RI,0,2026-04-11T17:45:00Z
@dayatkisaragi4725,baru dua tahun indonesia di pimpin prabowo tanda tanda bubar sudah terlihat.,0,2026-04-11T17:38:17Z
@santrikandangkebo,"Jika MBG diganti dengan menggratiskan anak berprestasi sampai dengan S1 sesuai kepentingan strategis negara, kemudian menaikan anggaran beasiswa S1/S2/S3. menaikkan anggaran ristek diatas 7 persen, niscaya elit nasional /global takut bangsa ini sebagai admin dunia. BERANI BERSUARA, BUNG?",0,2026-04-11T17:25:49Z
@KokoKoko-k6e1z,"Btl pak , pemimpin ini pada rusak , 10 THN LBH ini makin parah , kita rakyat ini bukan kumpulan org bodoh , program g jelas , menyusahkan rakyat",0,2026-04-11T17:06:49Z
@AlSaki-et7xo,"Itulah pernyataan orang yg pingin JD presiden  tidak klakon,,",0,2026-04-11T16:34:20Z
@hbrejeki,"ILMU itu AMANAH maka dengan ilmu idealnya MANUSIA itu menebar HIKMAH bukan AMARAH, MENERANGI bukan MEMPROVOKASI, OPTIMIS bukan PESIMIS.",0,2026-04-11T16:32:22Z
@AlSaki-et7xo,"Apo LG  Mahpud md ,,,katonyo orang pintar kok semakin konyol to,,,",0,2026-04-11T16:31:56Z
@supanji9848,Semoga pak makfut md selalu dalam lindungan Allah SWT dan selalu buat kebaikkan untuk selamanya amin yarobal allahmin,0,2026-04-11T16:18:13Z
@mastejo-5,saya mulai benci dgn maghlug ini Mahfud MD ..manusia plin plan..klo dikasi jabatan luarbiasa menjilat tuannya,0,2026-04-11T15:59:15Z
@WiekenZhang,"Ingatan si Mahfud Keling ini luar biasa tajam, nggak kaleng-kaleng.😯",0,2026-04-11T15:52:50Z
@abdulrasid7049,Semoga Indonesia makmur dan sejahtra kedepanya,0,2026-04-11T15:49:49Z
@AhmadMuliaHasibuan,Jelas keliru perokram nya hanya menimbulkan korupsi dan hanya untuk menguntungkan segelintir orang bukan rakyat yang susah,0,2026-04-11T15:33:13Z
@AhmadMuliaHasibuan,Pemerintah jaman sekarang rakyat Indonesia jadi oposisi di bikin Prabowo,0,2026-04-11T15:27:59Z
@Ramlidatuela,Seharusnya kritik dijadikan masukan memperbaiki kekurangan .,0,2026-04-11T15:19:41Z
@asrikustinah1010,Mksh pak Mahfud MD SHT sll,0,2026-04-11T15:18:05Z
@Ramlidatuela,Salam Alaikum wr WB minal Aidin walfaizin ❤,0,2026-04-11T15:13:59Z
@BudiFalsAmbulu,"trump kalah dari iran ngaku menang, mbg korat karit ngaku sesuai planing. dari sini apa kesamaannya🤔",0,2026-04-11T14:59:24Z
@imangarmana690,Gimana DPR mau menegur presiden bila kebijakan nya tidak sesuai dgn UUD wong semua anggota DPR nya cuma kader partai sementara presiden & para menteri nya dijabat oleh ketum partai nya ini konspirasi dlm bernegara sengaja mereka kondisikan trias politucal nya dikebiri,0,2026-04-11T14:58:12Z
@AdaMlaku,"Wowo termakan oleh narasinya sendiri yg terlulis dalam buku yg dibuat, itulah manusia tak konsisten dan munafik.",0,2026-04-11T14:30:10Z
@Dodosugiharto,Mungkin udah pikun,0,2026-04-11T14:15:13Z
@AliSabana-y8c,"Presiden pikun. 
Katanya macan asia nyatanya macan sirkus😂😂",0,2026-04-11T14:12:44Z
@difaananta2111,Kalah pilpres ss prof,0,2026-04-11T14:09:15Z
@EdiPurnomo-z2l,Emangnya mmpu menggulingkan Prabowo,0,2026-04-11T14:04:19Z
@jalaludin8446,Mahfud dulu di pemerintahan apa yg anda perbuat.. 😂,0,2026-04-11T14:02:14Z
@AbdurrahmanRahman-y1c,Puekapegahwo,0,2026-04-11T13:53:16Z
@khuluqulamin3296,"dari isi buku paradoks indonesia yg d paparkan pak mahfudz, kok saya jadi curiga jangan"" itu bukan tulisan prabowo sendiri.....",0,2026-04-11T13:43:09Z
@kecerdasanbuatan3095,Setelah dengar prof mahfud menjabarkan buku hasil tulisan prabowo yg terbit tahun 2017 maka Terbukti sekarang bahwa Prabowo adalah Preeiden aji mumpung bahkan presiden omon omon 😂 jenderal kardus 😂,0,2026-04-11T13:43:05Z
@RenoKarno-r1p,Mahmud ini kan udh stres gara2 gagal jd wapres,0,2026-04-11T13:38:12Z
@eddysuprapto9155,Memang betul2 pemerintah yg brutal dalam segala hal....,1,2026-04-11T13:37:56Z
@KhrisPraing,"Pa mafud harus jujur jg bahwa Prabowo sdh bekerja utk rakyat , jgn asal beda saja bp",0,2026-04-11T13:36:28Z
@tuminganaja7452,"Mahfud itu bisanya ngoceh aj, kelihatannya pinter tpi nyatanya tdk. Lagian kontribusinya buat negara ini apa mahfud.....?!",0,2026-04-11T13:33:30Z
@wiwikindayanti3503,Prabowo Presiden Omon2 MBg . Berani dgn gebrak meja,0,2026-04-11T13:24:35Z
@Shaka-Shaquell,"Pejabat yg saya sangat percaya Urutan pertama ya itu Pak Mahfud,Pak Ahok yg ke 2,Bapak Aing yg ke 3.. Sisanya bingung jawabnya🫣🙏🏻🙏🏻",0,2026-04-11T13:21:43Z
@muhammadhasanudin3221,"pakk, perlukah cetak uang baru dan redenominasi?
karena dah banyak beredar uang2 palsu dan uang2 koruptor buat bayar demo2 anarkis, 
uang2 koruptor ribuan T ditaro di bawah kasur gabakal bisa di tuker ke bank kalo kita redenominasi dan cetak uang baru",0,2026-04-11T12:59:10Z
@NoName-l1s2t,"Presiden Prabowo dilengserkan , beliau gak RUGI ,karena tujuan pokok / utama ,  Prabowo memutuskan  mengangkat presiden  Soeharto SBG pahlawan nasional",0,2026-04-11T12:56:21Z
@NetCore22,Rasanya Presiden tidak ngerti apa yang harus diKerjakan menjadi seorang Presiden itu persoalanya,0,2026-04-11T12:52:41Z
@KatnoTambera-bb1pd,Pak Mahfud kamu cuma pinter ngomong,0,2026-04-11T12:47:36Z
@UdinKomarudin-re6vr,"Ucapanya sudah mengarah keinginan , artinya ada rencana makar fud",0,2026-04-11T12:02:41Z
@UdinKomarudin-re6vr,"Fud kalo udah kalah itu berbesar hati tidak usah nyonyor ke pemenang itu lebih berwibawa ,",0,2026-04-11T12:00:47Z
@dicky4568,"""Inflasi pengamat"" Kata yang itu🙏🏼🙂🙂🙂",0,2026-04-11T11:54:06Z
@AdangJunaidi-h2r,Mput sebainya capres kemarin menang pasti indonesia jauh lebih baik dan semuaj rakyat sejahtra,0,2026-04-11T11:49:13Z
@asri4513,Semoga Pak Mahfud selalu sehat dan selalu betbagi wawasan untuk rakyat luas. Trima kasih Bapak 🙏,8,2026-04-11T11:46:50Z
@ikomangkindra-de3xl,"P mahpud👍👍👍👍mantap
dan semangat bang saiful mujani,, teruslah besuara,,,, 👍👍",0,2026-04-11T10:46:23Z
@haryobembi8136,Ada gak yg sama dgn apa yg saya rasakan bahwa : kok rasanya malu jadi WNI dgn pemerintahan saat ini.,0,2026-04-11T10:42:23Z
@jagungalas2267,Pak Mahfud. Bukanya dl anda mendukung revisi uu kpk yg sekrg ini.,0,2026-04-11T10:14:24Z
@SuriantoEgor-w1x,Jangan jangan Prabowo. Baik lanjutkan sampai dua ribu sembilan kalo yg mengganti lebih buruk dari yg sudah ada ini presiden Perabowo baik ko,0,2026-04-11T10:00:03Z
@HamidiDidi-o6y,"Masih ingat kata prof Mahmud, negara bisa kasih tiap-tiap warga negara nya 20 JT / BLN, Kalau manajemen nya mantap",1,2026-04-11T09:25:58Z
@LutfiQ-j2e,beri arahan agar lbh cerdas,0,2026-04-11T09:16:03Z
@thefallen5742,Warisan eramu buobrookkkk....,0,2026-04-11T09:13:05Z
@Kombollombok,jelas makar menghasut memprovikasi kalo punya data keluarin dong salah pemerintah itu secara real,0,2026-04-11T09:07:05Z
@ardhirakhimi5696,mikir aja MBG 15000 yg di trima masyarakat 8000 itupun masi di ambil untung lagi mungkin yg di trima hanya 6000. coba deh di kasi ortu kiranya di kasi 15000 di masakin ortu 13000 pasti lebih sehat isinya jika di pantau dg guru yg faham gizi,0,2026-04-11T08:56:19Z
@umbikayu,0RABOWO JANGAN DIJATUHKAN PAK NANTI GIBRAN RI 1 DONG . DUUUUH INI MAH SOLO KESENENGAN MEMANG SKENARIO NYA GITU,0,2026-04-11T08:39:19Z
@IrvanZuhri-f4e,Mahasiswa dan rakyat hrs sgr turun lengserkan Prabowo omon2  Krn DPR kerjanya hanya tongkrong2 saja,0,2026-04-11T08:36:51Z
@DAditn,"HARUSNYA DENGAN MASUKAN PROF.MA'FUD MD ,DPR MEMBERIKAN MASUKAN KE PRESIDEN PRABOWO SECARA KONSTITUSIONAL DAN BENAR KATA PROF.MA'FUD MD JANGAN ADA KATA-KATA MAKAR, HATI-HATI....",0,2026-04-11T08:22:21Z
@PurWadi-k5d,Pengalihan isu ijasah palsu Jokowi .,0,2026-04-11T08:18:44Z
@cahyononews75,"Maa proff mahfuddd,... Saya mengagumi proff. Mahfud dan sangat hormat karena argumen2 proff selama ini sangat bermanfaat buat kita fakyat Indonesia,... Tetapi terkait pidato2 di depan publik dan beredar di medsos dilihat semua netizen itu jg harus dipilah2 efeknya buat persatuan NKRI,... Dan dilihat dulu saat ini kondisi geopolitik di dunia jdi ya yg bermanfaat dan membangun narasi yg menyejukan supaya tidak bikin gaduh",1,2026-04-11T08:14:03Z
@TjDamz,Prabowo memang Tuli dan Arogan,0,2026-04-11T08:03:40Z
@BossSukses-w2i,"Siapa yg menghancur negara Indonesia. 
Org Indonesia juga",0,2026-04-11T08:01:47Z
@underground9633,Prabowo sdh terkontaminasi pemikiranya jokowi!!!,0,2026-04-11T07:55:07Z
@M_Hsym,48:53 Bu Mega menolak itu kyknya Prof...,0,2026-04-11T07:53:38Z
@andregunawan912,Iya mundur dari organisasi BOP...... Semenjak dukung Israel jadi kurang rispek sama pak prabowo,0,2026-04-11T07:28:29Z
@musrimus3661,Omon omon otak dengkul,0,2026-04-11T07:17:23Z
@livetradinggoldnasdaq1002,"Izin pak Mahfud, bpk oan memahami masalah knteks bernegara. Usul pak, jika kita mengajukan undang undang tentang class action bila pemerintah dan atau penyelenggara pemerintahan bila mereka tdknbisa menjalankan amanah nyavsecara profesional. Harus ada standard pelayanan oublk, agar sbg penyelenggara negara juga tidak arogan membuat program yg tdk sesuai dg kebutuhan masyarakat",0,2026-04-11T07:09:59Z
@leochefamily,"Kalau presiden pilihanmu tidak sesuai ekspektasimu waktu kampanye, atau ada penyimpangan dari keinginanmu kepada kepemimpinan Prabowo saat ini, atau kamu baru sadar salah pilih pemimpin, saatnya gulingkan Prabowo.
 Jadi Pilih calon presiden yang bener itu harus punya visi misi sbb
1. Punya target mandiri pangan, mandiri energi dan mandiri teknologi
2. Jamin kesehatan seluruh rakyat dengan gratiskan BPJS kesehatan kls 3 utk seluruh rakyat karena itu perintah konstitusi
3. Jamin penghidupan lansia 60thn keatas, disabilitas, ODGJ tanpa syarat, dengan BLT per bulan 1 juta/bulan
4. Jamin pendidikan dengan sekolah gratis, dari SD sampai perguruan tinggi negeri, gratis uang sekolah, buku alat tulis lain, seragam.
5. Jamin umur produktif 20-55 tahun bekerja. Umur produktif berhak menerima pekerjaan dari negara, klo belum dapat pekerjaan dijamin penghidupannya 1 jt/bln bagi belum menikah 3 jt/bln untuk yg sudah menikah 2 anak.
6. Korupsi minimal 1 milyar dihukum mati, termasuk keluarga yg menikmati korupsi tsb dan termasuk aparat yang terlibat
7. Pajak penghasilan 20-50% kepada orang berpenghasilan diatas 1 milyar. Klo tidak membayar pajak dianggap korupsi dan hukumannya mati spt koruptor 
8. Gratiskan transportasi umum untuk orang miskin, lansia, disabilitas dan ODGJ
Kalau Prabowo tidak mau melaksanakan 8 item diatas ya gulingkan saja, ganti dengan Gibran kalau bersedia melaksanakan 8 item tersebut. Mekanismenya jelas survey ke seluruh rakyat siapa yang setuju 8 item tersebut diatas, kalau lebih ada minimal 51% rakyat setuju lengkap datanya dengan no NiKnya, maka lewat DPR lah Prabowo dimakjulkan, buat keputusan DPR dan MPR supaya Prabowo mundur digantikan Gibran yang mau melaksanakan 8 item tersebut. Jadi tidak perlu demo demo, mengganggu jalan orang mau bekerja. Simple kok kalau mau ya survey tapi kalau tidak mau maju, enggeh enggeh terus dibodoh bodohin terus sama presidennya ya nikmati saja negara ini ga maju maju.",0,2026-04-11T07:06:15Z
@darisilma1159,"bantu ngomong ke pak prabowo dong prof gmn kondisi nyatanya ini Indonesia, sudah ambradul",0,2026-04-11T07:04:17Z
@jayengendut768,"terima kasih pak mahfud,udah bersuara kadang kita lihat orang kalo ngak berkuasa ngemis2, udah berkuasa semua orang ngak suka sama dia disebut makar",0,2026-04-11T06:56:16Z
@RynIsshoni,Takut banget diroasting Pak Mahfud. Rasanya kaya diiris pake pedang sendiri 😂,0,2026-04-11T06:55:57Z
@tegaklurus-dq9yw,Mahfud ini jg ga bisa di percaya ocehan nya sama plin plan/ mencla mencle,0,2026-04-11T06:51:16Z
@JaniSetiadi-r2y,Kalo m enurut saya salah satu rakyat berpendapat  bersabar dululah sampai 2029 toh sekarang pemerintah secara nyata bekerja demi rakyat toh keliatan selama 2 tahun sampe 2029 programnya demi rakyat kalaupun disana sini ada kekurangan yang harus dibantu oleh semua pihak... terutama UU perampasan aset dan hukum mati bagi koruptor dan para mafia disegala bidang demi rakyat harus di nomor satukan utk kepuasan rakyat,0,2026-04-11T06:34:23Z
@SunartoLeginah27,"yang sangat penteng !!!!!!  mbg perlu ditinjau kembali  melalui riset  ,manfaat, anggaranya, dan lain lain",0,2026-04-11T06:10:27Z
@SugiyoPrayitno-y8u,BP ini bisanya nyinyir aja coba klu di kasi jaban diam,0,2026-04-11T06:08:49Z
@apriyono4662,bagi yg waras lahir bathinnya tentu merasa tercerahkan & tdk mudah dibodohi oleh politikus busuk & munafikun!!!,0,2026-04-11T06:07:51Z
@proboanggoro5938,Cawapres gak jadi.... Gelandangan politik jadinya,0,2026-04-11T06:00:54Z
@paryono7445,Halah mapud kalau ceramah iya tp mapud SDH ga masuk perintahkan  wajar jago ngoceh...,0,2026-04-11T05:59:18Z
@nusantaramembangun9850,Hanya pak mahfud MD org bersih di Indonesia,0,2026-04-11T05:30:55Z
@NurMei-d3j9f,"Intinya bagi seluruh rakyat Indonesia dari Sabang sampai Merauke yang merusak negara ini bukan Jokowi bukan Prabowo Subianto tapi yang merusak negara adalah seluruh elit partai politik yang paling merusak negara ini adalah PDIP partai wong licik PDIP kan yang menlonkan Jokowi tanpa melihat kecerdasannya 
Untuk itu cara satu satunya membubarkan seluruh partai politik atau membubarkan DPR yaitu di pemilu 2029 nanti seluruh rakyat Indonesia 
Akan bersatu untuk melakukan golput nasional dan ingat ini bukan ujaran kebencian dan juga bukan makar tapi ini demi kebaikan bangsa dan negara di pemilu nanti yang bertani silahkan bertani yang nelayan silahkan 
Melaut yang berdagang silahkan berdagang kosongkan TPS di seluruh wilayah Indonesia!!!!",0,2026-04-11T05:26:03Z
@arimbi320,Mau ganti sejarah...dng sekolah rakyat,0,2026-04-11T05:17:39Z
@yustinalidiasuharlini8970,Mundur tdk mundur kuncinya adalah misi menyelamatkan ijazah jokowi. NKRI darurat kemunafikan. Fakta,0,2026-04-11T05:16:54Z
@DendykusumaRahadi-zs8gu,Apa selama ini gak pernah jujur,0,2026-04-11T05:02:31Z
@DenisPhakoy,Tolong jangan jadikan pak Mahmud jadi pejabat....kayaknya efektip di luar kekuasaan,0,2026-04-11T05:02:21Z
@susminiratnawqatiSusmini-x8t,SAYA MENDUKUNG PAK PRABOWO...UNTUK MEMBENAHI NEGRI INI DARI PARA KOROPTOR..M,0,2026-04-11T04:51:04Z
@FarikFikri,Giliran Prabowo menjabat presiden di lupa dengan tulisan nya sendiri 😢😢,0,2026-04-11T04:30:12Z
@SutejaSuteja-u3c,"Pencerahan yg cukup gamblang dan mendidik bagi semua warga, baik warga maupun penguasa",0,2026-04-11T03:32:37Z
@arrumi_shaqueena,Ptabowo identik dengan otoriter.....,0,2026-04-11T03:10:24Z
@banuredjasy,"Wkwkwk rezim ini parahnya dobel-dobel dari rezim-rezim sebelumnya 

Triliunan uang dibuang dan menjadi kotoran tanpa ada kejelasan fungsi bagi masyarakat. Korupsi yang terang-terangan dilindungi oleh presidennya langsung 😂",0,2026-04-11T02:43:28Z
@banuredjasy,"Wkwkwk rezim ini parahnya dobel-dobel dari rezim-rezim sebelumnya 

Triliunan uang dibuang dan menjadi kotoran tanpa ada kejelasan fungsi bagi masyarakat. Korupsi yang terang-terangan dilindungi oleh presidennya langsung 😂",0,2026-04-11T02:43:13Z
@sirwantosadono5496,"Kalau Prabowo Subianto mau bikin Negeri ini maju , Reshuffle orang 2 Jokowi, dan ganti dengan yang pernah di copot saat Jokowi JD presiden , seperti Susy   , Gatot Nurmantyo, dan Anies , Sudirman Sa'id, dan lain nya yg Indonesia banget lahhh",0,2026-04-11T02:33:01Z
@UthoeZimantak,"Memang orang Indonesia tak ingin dipimpin oleh orang2 yg tepat ... pengennya manusia2 pencitraan yg omong manis yg bertindak spt orang bijak dan adil dgn pencitraan tidak alami .. seperti  KDM, Anis dan Jokowi sbg King of pencintraan .. konoha tdk suka dgn pak Mahfud, Ahok Risma yg berbuat sesuai nurani bukan dibuat2 lalu dipromosikan .....",0,2026-04-11T02:15:53Z
@lowhi1583,Menurut sy sekarang jamannya ahli hikum pak prof. hiarij. Pak mahfud sering pakai kuhp lama. Mungkin belum belajar dan hapal dg aturan baru ini,0,2026-04-11T02:14:02Z
@golden7085,"mau komen, tapi ah sudahlah...",0,2026-04-11T02:03:46Z
@LapangBarat-z2s5k,Siapa yg protes mbg akn di proses tuh😂mbg mnyala😂oh negri qu❤,0,2026-04-11T02:02:17Z
@kukukakiku8344,"Wowo tak main2 dg wacana 2030 Indonesia bubar. Sedang dilaksanakan dg cara yg terstruktur, sistematis, masif dan dg niat yg kuat. Rakyat yg waras pasti merasakan dan melihat negara ini sedang mengarah kepada kehancuran yg pasti di bawah kepemimpinan yg tak becus dan penuh niat buruk ini.",0,2026-04-11T01:45:11Z
@dewikusumawati974,prabowo melawan subianto,0,2026-04-11T01:30:28Z
@hzainuddin9800,sudah sa atnya org2 yg ahli tata negara yg di luar pemerithn angkat bicara. karna pemerintah tdk menerima keitik dn saran org kecil,0,2026-04-11T01:24:50Z
@WijayaHadi-j5j,*pikirannya terkuras gemana bisa mengorupsi MBG.....🤪?*,0,2026-04-11T01:22:26Z
@MissIdaPakpahan,Korupsi tdk lg mampu diberantas oleh pemerintah cthnya.MBG.,1,2026-04-11T01:14:07Z
@santuycuy14,"Pak Mahfud, apa pendapat bapak mengenai pembagian ribuan motor untuk mbg ?? 
Banyak rakyat yg protes , katanya efisiensi anggaran tetapi malah belanja ribuan motor untuk mbg??",0,2026-04-11T01:10:18Z
@trendverse-f2k,"Sangat jernih, jelas, dan mencerdaskan.",0,2026-04-11T01:09:25Z
@muhammadrusli2951,"sok pintar, menjabat jg td adaapa2ny, klu hy bcara mudah",0,2026-04-11T01:02:54Z
@indonesiamaju9330,Siapa yang sudah muak dengan omongan dan kelakuan Prabowo?☝,0,2026-04-11T00:59:24Z
@birdsky-u7b,dulu sy bngga pilih prabowo.. sekarang sy jijik dg kbijkan prabowo MBG BIKIN SARANG KORUPSI,0,2026-04-11T00:58:56Z
@bellanur5400,"Biang kerok nya MBG yg di ambur amburkan uang negara yg sangat besar tapi dilapanganya ga sesuai dengan anggaranya, sarang korupsi yg terang terangan",0,2026-04-11T00:54:25Z
@bellanur5400,Pemerintah nya tuli pada rakyat DPR nya ok erbelenggu ini jelas pembungkaman suara rakyat,0,2026-04-11T00:48:21Z
@izzahniga,Nggak ada sila k 4 nya,0,2026-04-11T00:39:25Z
@vargaspwt5600,Podcast kok yg nanya team sendiri/settingan=terstruktur cari aman.,0,2026-04-11T00:38:17Z
@izzahniga,Dpr tidak mewakili suara rakyat...,0,2026-04-11T00:37:41Z
@ArunxPalak,"Kritik2 bgian dri demokrasi tpi ketika kritika sudh berubah menjdi gerakan yg mengancam negri ini maka harus di tindk..
Jangan krn skelompok org yg negri ini hancur dan stiap kekacau akn menimbulkan kesengsaraan untk masyrkt",0,2026-04-11T00:35:15Z
@GeuraTobat,Rakyat menunggu nasib atau takdir dari Alloh. Karena mau bersuara untuk kebaikan dianggap musuh.,0,2026-04-11T00:22:53Z
@gatotsuprapto2082,calon presiden ke depan pak KDM dan pak Mahfud MD..,0,2026-04-11T00:17:49Z
@cas.thanoscas.thanos5641,Pertanyaan nya 1.   Opung Luhut kemana....😂😂,0,2026-04-11T00:16:51Z
@NoEditNoCensor,"Semua yg pilih Prabowo....dengar tuh.....milih orang yg hanya pandai ngomong dan janji yah begini akibatnya. Emang iya....penonton tu selalu merasa lebih hebat dari pemain. Ternyata setelah jadi pemain baru tahu dia kalau ternyata 'bermain' itu tdk gampang....
Sepertinya pemerintahan saat ini adalah yg paling parah sepanjang sejarah bangsa ini.",0,2026-04-11T00:16:30Z
@dianekochristiawan9196,kasus kanjuruhan diera tsb mana?,0,2026-04-11T00:16:03Z
@sulhanibrahim6745,"Menurut Saya Partai Politik Itu harus dirubah keraarah yang benar yaitu cukup 2 partai politik aja di indonesia yaitu partai menang dan partai kalah, yang menang memegang pemerintahan dan kalah harus jadi oposisi ini harus diatur dengan undang..karena jika partai politik terlalu banyak terkesan bagi-bagi kekuasaan, dan sudah di prakatek di indonesia dengan partai yang banyak sudah  gagal.",0,2026-04-11T00:15:12Z
@imliemayuri,"Kritik tanpa solusi itu namanya mengeluh, bukan mengamati. Sangat mudah merobohkan sebuah bangunan dari kejauhan, tapi jauh lebih sulit menyusun batu batanya. Pengamat tipe ini biasanya mahir berteori di ruang ber-AC, namun gagap saat ditanya bagaimana langkah konkret untuk mengeksekusi kebijakan di lapangan yang penuh kompromi politik dan keterbatasan",0,2026-04-11T00:06:58Z
@imliemayuri,"Banyak pengamat yang terjebak dalam pola pikir bahwa tugas mereka hanyalah mencari celah. Mereka bertindak seolah-olah fungsi otak mereka hanya aktif saat menemukan kesalahan. Kritik yang konsisten tanpa sekalipun mengakui keberhasilan membuat mereka terlihat seperti politisi yang gagal nyaleg, bukan akademisi atau ahli yang objektif.",0,2026-04-11T00:05:51Z
@iBAMS_BAMSAKA,"ijin prof,, kembali k laptop.. intro nya mnurut saya g enakkk",0,2026-04-11T00:03:02Z
@NFchanel18,"Salahnya ane, berharap sama manusia dgn nama PRABOWO...",0,2026-04-10T23:54:45Z
@rehansaigon1848,Sy setuju kalo pak Mahfud MD menjadi penasehat presiden...,0,2026-04-10T23:52:05Z
@khomarudinalkahfi4684,"PROF MOHON DI EVALUASI ..
MUNGKIN UUD AMANDEMEN ADA YANG SALAH.ATAU UNDANG UNDANG TURUNANYA JUGA SALAH.
MISALNYA UU KEPARTAIAN.KOALISI.KETATANEGARAAN.DLL.ATAU MUNGKIN DALAM KEADAAN SEPERTI INI MASA JABATAN PRESIDEN  CUKUP 1X MASA JABATAN SAJA TERMASUK KEPALA DAERAHNYA.
ATAU JUGA SISTEM PENGESAHAN  PERUNDANG UNDANGAN JUGA SALAH.",0,2026-04-10T23:49:44Z
@khanokohadisuko3375,"Waktu p mahfud di dlm pemrintahan juga bnyak yg p mahfud g berdaya...

Intinya omong itu memang mudah..",0,2026-04-10T23:48:03Z
@Analiskampung,"Prabowo ambisius, pipa lama dibiarkan macet atau diamputasi dia bikin pipa baru untuk golongan nya,.. 5 jt nasib pppk akan jadi bom.waktu buat prabowo di 2029,.. 5 jt dengan keluarganya 20 juta pemilih yg di gantung nasib kesejahteraan nya... Program prabowo bagus cuma implementasinya lemah di lapangan,.. mbg cuma 45 persen yg bener sampai ke rakyat... Ta ya adakah petani kangkung atu bayam yg sudah suplai dapur mbg, atau adakah pembuat klepon atau jajanan bahan baku lokal yg sudah suplai dapur mbg",0,2026-04-10T23:35:43Z
@FarikFikri,Hancur Indonesia di tangan presiden Prabowo,0,2026-04-10T23:30:11Z
@ytubecdc,Apa kabar reformasi POLRI Prof?,0,2026-04-10T23:24:36Z
@idabagustamu1089,"Saya sebelumnya bangga dan kagum sama Pak Mahfud MD,tapi setelah gagal jadi Cawapres mendampingi Ganjar,sekarang sudah membuat Fodcast dan bahasan serta masukan sudah seperti orang prustasi karena tidak mendapat tempat dalam kekuasaan di pemerintahan",0,2026-04-10T23:17:28Z
@susilosusilo9310,"Mas Prabowo.S sdh tdk bisa lagi seperti pemerintahan ORBA di masa pemerintahan sang mertua , pemikiran rakyat sdh meletik pengetahuan  dan bisa mengawasi gerak-gerik pemimpinnya yang tidak bisa di terima akal sehat hanya terlihat dan kenyataan hanya omon-omon.
Memang lidahnya kepuntir apalagi wakil Gibran Jereng.",0,2026-04-10T23:14:19Z
@MuamarzaArza,"Perbaiki mujaninya masuk kabinet gitu? supaya diam gitu, 😅😅😅😅😅",0,2026-04-10T23:12:55Z
@ahmadmarzuqi4915,"Kami kok lama2 tambah ndk percaya dg pngusa dan pemerintah pak.,",0,2026-04-10T23:10:21Z
@SutrisnoTombong-v6o,MUNGKIN SAATNYA INDONESIA GANTI GENERASI MUDA.YG JUJUR,0,2026-04-10T23:06:54Z
@heripurwanto9498,Pak M16%  lbh baik tdr jak,0,2026-04-10T23:03:03Z
@AminZumadi,Berarti pembohong dengan ucapanya yah Prof.trmksh,0,2026-04-10T22:26:27Z
@KakekKarna,Pak Presiden negara indonesia akan maju kalau bpk mau melakukan repormasi uang baik,0,2026-04-10T22:09:32Z
@black.cofee17,"Intinya presiden suruh sekolah lagi yg bener..waktu sekolah mungkin banyak bolosnya,tua jadi presiden tapi sgt b-o-d-o-h..",0,2026-04-10T21:57:17Z
@fathurrohman2931,"Ass.wr.wb. pak mahfud? Sakderenge kulo nyuwun gung pangapunten ingkang katah sanget? Sebenarnya akar muaranya indonesia terdapat pada darurat 3A. 
1. Darurat acute coruption.
2. Darurat acute kolution
3. Darurat acute nepotizem.",0,2026-04-10T21:56:37Z
@henkysantoso8111,Mahfud jadi BODOH beda Harus Diganti Dengan meminta mengundurkan diri ADA APA LU MAHFUD,0,2026-04-10T21:51:44Z
@muhammadminanul8658,"Tksh pak mahfud...banyak pelajaran yg saya dapat dari bapak dan saya berharap bapak jangan pernah capek utk ikut mengawasi jalannya pemerintahan negara yg kita cintai ini.
Sehat sehat terus pak mahfud smoga hal hal yg bapak lakukan menjadi ladang jariah buat bapak. Sekali lagi tksh banyak dan i love you pak mahfud.❤",7,2026-04-10T21:38:11Z
@MbokNya,Trims All Prof Mahfud,0,2026-04-10T21:34:30Z
@HasbiYashidik-fk6li,Saya tdk setuju pak prabowo di turunkan... sebab beliau terus berbuat baik untk negri ini... jikapun pak prabowo jatuh maka yg naik nanti tdk lebih baik dari pak prabowo jg...,0,2026-04-10T20:39:59Z
@romyilham342,Itu Hilirisasi Ijazah palsu jokowi,0,2026-04-10T19:59:21Z
@PutriDayu-q2r2o,kg amud dulu waktu menjabat bnyk diam ...tp skrg knapa jadi bnyak ngoceh....mo JD mahluk penasaran ya...,0,2026-04-10T19:57:48Z
@rakarilwanu2498,"Ya DPR membahas sesuatu yg tidak fundamental 
MBG. Koperasi Merah Putih semraut
Alokasi dana tidak terlalu support utk infrastruktur",0,2026-04-10T19:46:27Z
@JupriKurniawan-y7o,"Yang Jelas Rombongan Saiful Muzani dkk itu BARISAN SAKIT HATI 😂😂😂

Prof Mahfud Belum pantas jadi president

Memang lebih pantas jadi Akademisi 😂😂",0,2026-04-10T19:19:39Z
@nerourban6966,INTINYA WELCOME TO THE NEW ORBA 🎉,0,2026-04-10T19:09:46Z
@Sandrego78,Yg lagi firal Omon Omon di tiktok Pak prof....😂,0,2026-04-10T19:08:42Z
@osofn8793,Jangan pernah lelah untuk mencintai Indonesia,0,2026-04-10T19:01:01Z
@farza_princes7457,"makar menurut kuhp

￼

￼

￼

+3

Makar dalam KUHP (Pasal 104-129) adalah kejahatan terhadap keamanan negara, yang diartikan sebagai serangan (aanslag) dengan maksud menjatuhkan pemerintah sah, memisahkan diri, atau membunuh Presiden/Wapres. Makar bukan sekadar niat, melainkan delik formil yang diwujudkan melalui permulaan pelaksanaan (tindakan nyata/kekerasan), bukan sekadar wacana. 

￼Hukumonline +4

Berikut adalah rincian penting terkait tindak pidana makar:

Pengertian Makar (Aanslag): Istilah asli dalam KUHP Belanda adalah aanslag yang berarti ""serangan"" atau ""penyerangan"" fisik, bukan hanya perencanaan.

Jenis-Jenis Makar:

Pasal 104: Makar membunuh atau merampas kemerdekaan Presiden/Wakil Presiden.

Pasal 106: Makar memisahkan sebagian wilayah negara (separatisme).

Pasal 107: Makar menggulingkan pemerintah sah (melalui pemberontakan).

Unsur-Unsur Makar:

Adanya niat/maksud (voornemen) untuk melakukan kejahatan.

Adanya permulaan pelaksanaan (uitvoeringshandeling).

Perbuatan tidak selesai bukan karena kehendak sendiri.

Permufakatan Jahat: Tindak pidana makar juga dapat dipidana jika telah ada permufakatan jahat atau perencanaan, meskipun belum masuk tahap pelaksanaan. 

￼Hukumonline +4

Dalam perkembangan hukum, terutama menurut pandangan pakar hukum pidana, makar harus dibedakan dengan aksi demonstrasi atau kebebasan berpendapat. Makar membutuhkan bukti adanya tindakan nyata seperti mobilisasi senjata atau kekerasan, bukan sekadar orasi ""turunkan pemerintah"".",0,2026-04-10T18:40:04Z
@wawanarwani9992,Anda orang baik prof md❤,0,2026-04-10T18:31:20Z
@DediDed-Pro,"Awas pak..nanti anda di bilang gak sekolah,porfesor palsu karena ngomong begini...
Kami ini udah dikatain agen soros kemaren 😅😅😅😅",0,2026-04-10T18:19:34Z
@kodarismanto9991,kaco bicara muluk muluk tp dibiarkan yg terjadi masyarakat marah mengkritik dianggap makar padahal nagih janji sendiri biar lbk baek,0,2026-04-10T18:09:26Z
@AkunAi-d2k,MOGA MASYARKAT KOMPAK NANTI GANTI PRESIDEN 2029 JANGAN PILIH WOWO LAGI,0,2026-04-10T18:05:22Z
@Iamyour_saa4,"Tidak perlu berbelit belit,  masalah siapa yg kan jdi presiden 2029, habis energi ,  itu smua hanya skenario alam nyata, 500 tnh sblm lahir nya seseorg ditentukan takdirnya, klau mmg Prabowo menang lagi apkh Klian kan menuntut sipemberi takdir",0,2026-04-10T18:04:29Z
@RobinR-f9n,Revolusi rakyat turunkan rezim!!! Negara ini sudah kacau pemerintah dan DPR pada kerjasama merusak sistem bernegara kita untuk politik kekuasaannya mereka,0,2026-04-10T18:01:09Z
@OppoFs-yx6ps,Mbg bubarin ajah saya setuju ladang korupsi saya adalah korban dapur nakal kirim bahan baku di tipu dapur2semanan2 jkt barat kali deres jahat beber saya harus nanggung utang prabowo di pulih rahyat ingat itu pak,0,2026-04-10T17:40:38Z
@testedbosku719,"kesalahan terbesar negri ini memilih Prabowo jadi presiden, alhasil baru jalan 2th sudah amburadul",0,2026-04-10T17:38:14Z
@AdziraAuraliZahira,"Namun setiap perjuangan yang baik-baik untuk kemaslahatan Negara dan Rakyat pasti ada Duri _ duri,dan Prop, Mahfud orang Bijaksana pasti mendukung💪 kritik positif demi perbaikan Negara dan Pemerintah",0,2026-04-10T17:37:35Z
@TiaraNgelo,Pa kritik yg baik itu bukan menghujat tapi kritik yang mengajak untuk meroba kebijakan yang merugikan rakyat tanpa menghujat itulah kritik yang benar pa.....,0,2026-04-10T17:35:44Z
@kodarismanto9991,betulll keijakan yg salah rakyat jd korban,0,2026-04-10T17:25:43Z
@TutikDewi-e5t,Basmi antek² asing,0,2026-04-10T17:24:05Z
@ijhulijhulzulfikar-o9g,"maaf ya pak mahfud,jangan kebanyakan bicara..
berani ga buka bukaan kenapa reformasi polri sampai sekarang belum rampung,dan beritanya bener bener sudah tidak tayang,tertutup..
pada takut ya nurunin listyo sigit..!!

tunjukin pak mahfud, buka semua ,saya request PODCAST full episode REFORMASI POLRI",0,2026-04-10T16:54:43Z
@nasruddinmo9182,"Kritikan yang sangat mantap, pak Mahfud",0,2026-04-10T16:39:11Z
@Mr.AProject9878,Presiden Byk Lip Service + Omon2x!!..😓🤦🏻‍♂️🤔💭,0,2026-04-10T16:37:35Z
@virasiregar9115,Makasih prof,0,2026-04-10T16:30:48Z
@lukiherdiyan5665,Sehat terus pak mahmud,0,2026-04-10T16:27:18Z
@akilarahmawati-h9x,"pak Prabowo tolong perbaiki aturan nya , sesuai buku pak Prabowo sendiri. saya petani yg memilih bapak, semoga bapak nanti diakhir jabatannya namanya harum",0,2026-04-10T16:13:28Z
@WeniSein,"Uang di Rampok olh pengelola MBG, brapa Triliun aja tu setiap hari,sy pilih prabowo kecewA padahal KLUARGA sy jga penerima MBG ,Bahkan satu kecamatan menyesal gara""MBG ternyata di blakangnya Maling semua pengelola MBG",0,2026-04-10T15:46:50Z
@anastarachman1346,"Begini kanda, kita sudah pasrah dengan tantrumnya pimpinan negara kita sekarang. Kami bertahan ngga gila aja uda bersyukur 😊
Sehat selalu pak Mahfud ❤",0,2026-04-10T15:34:22Z
@IbnuKholil-q5z,"Coba survei secara transparan, mayoritas rakyat Indonesia tidak setuju dgn mbg, terjadi ketimpangan sosial krn sembako naik harga, sementara banyak makanan terbuang sia2 dgn anggaran triliunan,  sementara banyak infrastruktur rusak parah, terutama jln dusun,Desa dan kabupaten akibat dd dan  tkd dipangkas brsar besaran,  Masyarakat curiga dipotong utk anggaran mbg.",0,2026-04-10T15:24:37Z
@artosugih,"Cakep juga cara kritiknya prof 😁
Isi kritik pakai bukunya prabowo sendiri 😄",0,2026-04-10T15:23:44Z
@WeniSein,"Karna MBG benar""perusak keuangan negara dan kemamuran rakyat.liat sja skrg mana ada pembangunan di plosok Desa sejak ada MBG,padahal prabowo di plh 80prsn olh rakyat kecil,bkn org menengah ke ats",0,2026-04-10T15:22:16Z
@WeniSein,"Kalo menurut sya MBG BUBARKAN,mungkin kedepanya Prabowo bisa di pilih lg,tp klo di lanjut jgn Harap prabowo akn di pilih.",0,2026-04-10T15:13:05Z
@WeniSein,Biasa ini lwn pilprez Bung,0,2026-04-10T15:10:49Z
@H369K,Kl wapresnya masih yg itu.. jangan yaa..,0,2026-04-10T15:07:20Z
@NourIndra,Tidak ada gunanya MBG,0,2026-04-10T15:05:04Z
@MartinusDakusoba,Benar pak Mahfud mbg sama koperasi kami masih bingung masa desa di Sumba marak aja dgn koperasi blm tau anggota nya sapa2,0,2026-04-10T14:32:02Z
@dkz72945,"PESAN DEMOKRASI UNTUK GENERASI MENDATANG. 
Lihatlah wapres Gibran. Begitulah yang terjadi di negara konoha tercinta ini. Semakin dibenarkan semakin terlihat busuknya. 
Karena hukum sekarang dibuat berdasarkan kepentingan politik dan keuntungan segelintir orang. Rakyat??? Apa lah arti rakyat. Mau sebenar dan selantang apapun, jika mereka yang diatas acuh, tamatlah sudah. So, rubahlah dari hal mendasar. UUD1945. Pahami maknanya. 
Keberhasilan tak harus ada di era kita, tapi setidaknya kita meninggalkan jejak untuk generasi selanjutnya. Sampai apa yang di cita citakan para pendiri bangsa tercapai.",0,2026-04-10T14:30:00Z
@marzukisitiutari,"Makanya kalau sdh diberi kebebasan mengkritik, malah sdh   kelewatan kontrol/seenaknya  menuduh pemerintah tanpa data, 
Sakit hati klh pilpres, makin buat gaduh aja.",0,2026-04-10T14:27:23Z
@DenyPrayogo-h1p,"Terus suarakan pak prof mahfud,,,,ini negara jahat dan kacau balo,,,,",0,2026-04-10T14:23:47Z
@sukardiyanto3738,Channel Bennix bagus ditonton,0,2026-04-10T14:21:26Z
@abumansyur9915,"Capek rakyat milih presiden,, hasilnya naif terus...",0,2026-04-10T14:15:54Z
@teguhdarsono4296,"Penegakan hukum di RI sangat lemah RI hrs tiru Korea Utara.RI akan maju,sejahtera.",0,2026-04-10T14:13:28Z
@SamsulHuda-e1e,Prabowo penghianat katanya membela rakyat ternyata malah melindungi koruptor,0,2026-04-10T14:11:33Z
@saripudin4100,"Bagus penguraiannya , kritik itu Bagun untuk membangunkan bangsa harus dihukum para menyiram air keras itu , korupsi harus harus sampai sekarang lenggang aja , rakyat udah kecewa",0,2026-04-10T14:07:55Z
@hantercharles1760,Presiden sawit harus mundur,0,2026-04-10T14:05:01Z
@teguhdarsono4296,"Terima kasih Prof. Mahfud, terus kritik thdp  pemerintahan Prabowo untuk mewakili rakyat agar berjalan benar sesuai UUD 1945 ,sesuai cita2 bangsa Indonesia.",0,2026-04-10T14:03:23Z
@alexingratubun4091,"Mantap Pa Prof. . 
Luarbiasa. .
Sehat Selalu pa. .",1,2026-04-10T13:50:20Z
@LutfiHabibah-m4f,"Saya Ahmad dari Sulsel dr dulu mengidolakan pak Mahfud. Ahok. Bang Adian . Sampai"" waktu pilpres tahun lalu sy sekeluarga coblos pak Mahfud. Tp syg sekali tuhan belum menghendaki.",0,2026-04-10T13:46:32Z
@Dimas-k9q,Sehat selalu pak Mahfud,0,2026-04-10T13:40:22Z
@RahmatPoernama,Mahfud lama2 jdi penghianat negara juga.,0,2026-04-10T13:34:29Z
@AbdulWahid-r4q8b,"P Mahfud ini karna ada di ruar pemerintahan.coba kita lihat di jaman pak Jokowi banyak orang"" yg di anggap makar banyak yg di hukum biar korupsi merajalela p Mahfud ini hukumnya berpindah""",0,2026-04-10T13:19:55Z
@supardjanmenganti5181,Negara Indonesia akan di bawah kemana oleh pemimpin.jok wi .Prab,0,2026-04-10T13:19:15Z
@MamaMentul-f7e6u,Antek2 asing sedang gerilya buat bangsa Indonesia nyungsep lg,0,2026-04-10T12:59:53Z
@HenriGrag,Negri ini telah mundur dlm hal demokrasi dan mengkritik  pemerintah adalah musuh negara ..korupsi halal yg biasa dan menjadi kawan pemerintah..UU penyitaan aset korupsi tak juga di sahkan...presiden itu harus pro rakyat n memakmurkan rakyat bukan bertekuk lutut thdap asing kita negara yg sangat kaya tapi kekayaan hasil bumi Pertiwi untuk asing dan sekumpulan orang2 serakah,0,2026-04-10T12:48:35Z
@meresmaik8952,Mantaaab Pak Mahpud MD,3,2026-04-10T12:45:02Z
@LusianaKurniawati-v1c6z,Perampasan aset.   Harus d lakukan BG para koruptor. ..,0,2026-04-10T12:41:03Z
@triwandoyo1889,"Indonesia2 ,,,kebijakan2 bukan nya nambah baik untuk masyarakat kok  nambah  bertahun2 tak ad perubahan,,😢capek!!!!",0,2026-04-10T12:34:41Z
@aykensiyu-n9i,"presiden kali-kali liat medsos untuk mendengar suara rakyat, ini mah udh viral di medsos juga masih diem-diem bae, jangan anteng sensiri dengan halusinasi mu",0,2026-04-10T12:06:37Z
@supriyato371,Sahkan UUD perampasan aset.. Gantung koruptor... Aman indonesia ini..,1,2026-04-10T12:06:28Z
@abrahamlicon6852,"Materi yg dilontarkan syaiful mudjani diruang publik tidak pantas sama sekali di ungkapkan diruang publik apalagi dia seorang prof ...
Cuma prof 2 yg sekarang bnyk omongan dan perbuatannya tidak selaras dgn ilmunya 😅😅😅",0,2026-04-10T12:04:03Z
@arisariyadi9774,"Pak Mahfud, jika waktu dan momen yang tepat muncul nantinya, segera bapak deklarasi sebagai calon presiden di podcast bapak ini. Jangan mau kalau hanya di calonkan wakil presiden. Untuk 2029",0,2026-04-10T12:01:45Z
@SumardiSumardi-v4q,karna masyarakat punya hukum yg tidak tertulis karna di lakukan berdasarkan situasi kondisi,0,2026-04-10T11:55:24Z
@TENACIOUS-FLY,"Katanya hanya pernyataan politik dan di lindungi UUD karena di bawah tindakan politik... 😅 Jadi Jelasss perkaranya,, kalo kalah ya kalahh aja tunggu aja 2029 siapkan calon yang kuattt 😅  Jagan menyebarkan isu jatuhkan pemerintahan yang sah.. seenaknya aja... Mending sekarang lawan aja ituu di persidangan",0,2026-04-10T11:55:14Z
@NgadirojoWonogiri-e3c,Semoga pak Prabowo dan lingkarannya mendengarkan .,1,2026-04-10T11:53:38Z
@st3tun3,Demensia,0,2026-04-10T11:49:21Z
@trihmoko,Hidup koh wie,0,2026-04-10T11:38:09Z
@trihmoko,Ganti dgn Gibran dan Kaesang plus Jokowie jadi penasehat nya,0,2026-04-10T11:37:45Z
@aristrihatnawi2494,"MBG cuma Buang 2x anggaran,kenapa ya sy punya Presiden kok sebodoh itu,kenapa Bajed MBG GK dibagikan saja uangnya ke Ortunya sudah pasti masakannya lebih aman dan Higienis sekaligus masakan pagi dimakan jam siang kan masih bagus,drpd dimasak semalaman digudang sudah pasti kebanyakan basi",0,2026-04-10T11:37:39Z
@Kencingonta-b71,"PAKDE BOWO MEMIMPIN NEGARA INI SEEENAKNYA, EMANGNYA GUE PIKIRIN LO RAKYAT, BIAR LO PADE PENING YANG PENTING KELUARGA DAN PARA KRONI GUA BISA HIDUP SENANG,  SEMENTARA RAKYAT KECIL TETAP MENDERITA
 🇮🇩🇮🇩😭😭😭😂🤣💀",1,2026-04-10T11:34:35Z
@SunarnoAstuti,Apa hasil daripada repormasi kepolisian,0,2026-04-10T11:30:36Z
@fatahnasrul4064,Prabowo hanyan pendendam politik tdk bisa apa-apa omong kosong,0,2026-04-10T11:24:55Z
@ruskiruski3230,Terimakasi prof mahfud atas pencerahan pandanganya kondisi RI atas kebijakan pemerintah,0,2026-04-10T11:18:12Z
@ALFINO-w4u,"Maaf pak Mahfud Kli ini anda ngawurr penjelasannya ,katakan slah KLO slh ktkan bnr KLO bnr .berbicara lh sesuai fakta. Mf y prof kli ini sy g setuju dgn anda.",0,2026-04-10T11:13:24Z
@wempis6549,Indonesia sudah melewatkan seorang yang sangat pintar untuk jadi pemimpin.. Sayang sekali,0,2026-04-10T10:59:05Z
@RumahIdaman_Romy,"Kerja prabowo gak jelas,.. Sibuk  jalan2 gurusin perang negara lain sementara masalah dalam negeri wakilnya tdk bisa apa2,.. Bahkan MBG amburadul gak jelas kasus keracunan bahkan sampai  ada meningal dunia ..  Tdk ada proses hukumnya. ..Padahal setiap warga negara di lindungi undang2  
Selain itu MBG juga membunuh UMKM sekolah di bawah koperasi sekolah sprt kantin2 sekolah jd krisis omset terancam bangkrut ..krn MBG,..

Seharusnya probowo lebih fokus ke dalam negeri menyelesaikan masalah dalam negeri dahulu krn wakilnya tdk bisa apa2,.. Rapikan dalam dalam negeri salah satunya MBG,..program utama prabowo yg dananya ratusan triliun uang rakyat ???? Tampa membunuh UMKM di sekolah ..",0,2026-04-10T10:46:32Z
@normanrumahorbo9510,25:24  sumpahnya melindungi tapi nyatanya dor mahasiswa thn 98,0,2026-04-10T10:44:40Z
@shellafbrynti7702,Dulu jaman nya beda.sekarang jaman canggih saya aja dulu ikut ikutan aja.gk tau msalah nya.sekarang jaman sosmed .beda jamannya.menyesal saya sampe sekarang.bukan repor masi mlah repot nasi.,1,2026-04-10T10:44:34Z
@shellafbrynti7702,"Bp.mahpud.yg terhormat bp lebih tau UUD.yg namanya mengajak org bnyak menggulingkan,Presiden.di tengah jalan munurut saya Budak Angon.itu makar.gimana klau demo meruksak pasilitas yg nanggung rakyat kecil.atau semua kena imbasnya.klau Prabowo lengser wakil naik tahta apa yg akan terjadi ke depan nya .ingat thn,1998.dampaknya sampe sekarang.siapa yg tanggung jawab.inpentasi kurang lapangan kerja kurang.saya aja nganggur dari.thn.1998sampai saiki.cari kerja susah.",1,2026-04-10T10:38:57Z
@marhotsiregar4468,"Isu ijazah palsu dapat brkembang kemana-mana , sbaiknya Presiden slesaikan isu ini , agar rakyat tidak gaduh diantara anak bangsa .",0,2026-04-10T10:22:09Z
@mokhamadkholis7975,"Bagus pak mahfud, ingatkan presiden,  masalah keamanan itu semua tugas  siapapun pemimpin nya, rakyat blm aman dari maling, begal, preman,  makin ganas",0,2026-04-10T10:21:10Z
@sheilarong9989,INILAH KETIKA NEGARA DIPIMPIN OLEH PENCULIK DAN PECATAN MILITER😂😂,0,2026-04-10T10:13:48Z
@BudiDharma-e8d,"PAK MAHFUD....SY DAH CARI ARTI ""MACAN ASIA"" DI LITERATUR, GOOGLE, JURNAL, ENSIKLOPEDI DLL....GAK ADA TUH MASUK KRITERIA SEPERTI YG DI DENGUNGKAN APALAGI SPESIFIK TERHADAP ORANG",0,2026-04-10T10:00:26Z
@yohanessucipto5576,"Pak Mahfud, bagaimana kabarnya masalah emas di Kemenkeu yang Bapak ungkap dulu, sekarang jelasnya seperti apa",0,2026-04-10T09:57:09Z
@hadizaini9055,Maju teruss suarakan keadilan demi tegaknya hukum jangan sampe kendor demi tegaknya hukum biar terang benderang,7,2026-04-10T09:57:08Z
@raihanuchiha9136,"Jngankan memberantas korupsi , nyelesain kasus ijazah asli atau palsu aja gk kelar kelar ☹",0,2026-04-10T09:48:15Z
@damrahthaib137,"Kalah pemilu, jadi oposisi",0,2026-04-10T09:44:09Z
@rifliandoastha8700,Smoga cepat sehat sakit hati nya pak kliatan dari raut wajahmu pak,0,2026-04-10T09:42:07Z
@SauduranRajagukguk,"Presiden omon"" kampanye hebat nyatanya bo'ong. Mobil india di impor. Benar"" bohong",0,2026-04-10T09:41:09Z
@VISBUYY,MBG DAN PENGADAAN MOTOR LISTRIK UNTUK KARYAWANNYA BIKIN HATI RAKYAT MISKIN SEMAKIN TERIRIS.....,58,2026-04-10T09:35:16Z
@qoniaqonia373,Mahfud md adalah salah satu orang di barisan sakit hati karena kalah pilpres jadi pemaparannya saya rasa tidak obyektif karena saiful muzani bicara konsolidasi masa seperti th 1998 untuk melengserkan pak harto,0,2026-04-10T09:14:36Z
@SuhermanBarus,Dulu waktu jabat ngapain. Amburadur prof..ngomong ma gampang,0,2026-04-10T09:10:35Z
@P.KaroKaroSurbakti,"🔝Pak Machfud luar biasa pencerahannya, semoga lekas siuman 😅",0,2026-04-10T09:08:15Z
@danieladisaputra4614,Indonesia sudah bukan negara demokrasi lagi karena trias politica sudah tidak berjalan.,0,2026-04-10T09:07:23Z
@ArnoldMolotov,Bulet pak mafut sama saja  mengajak merunkan presiden itu juga makar tapi dari jaman   kerajaan sampai sekarang yg ribut itu orang yg sudah tidak digunakan negara,0,2026-04-10T09:03:20Z
@tjongtjinen3646,Presiden tidak akan bisa membasmi koruptor karena bosnya saja tersangkut hus,0,2026-04-10T09:01:35Z
@kamekame2818,"Wah... Ada yg seneng donk klo prabowo di makzulkan
Kubu & istana sebelah pasti merestui & mendukungnya
Dana pun disiapkan
Krn klo prabowo turun maka otomatis wapres yg mrpk putra mahkota istana solo naik tahta jd presiden
Dan jkw pun kembali jd raja ngibul😝

Makanya mesti hati² dg wacana ini krn bs jd ditunggangi oleh gg solo
Bs jd antek²nya ikut bermain
Makanya hrs wapresnya dlu dimakzulkan krn alasannya lbh kuat
Bs masuk lwt kasus ijazahnya yg diduga palsu

Jd owo hrs hati² dlm hal ini dg mulai mendengarkan kritik & saran dr rakyat
Krn klo tdk hal ini akan jd bumerang yg akan dimanfaatkan oleh kubu sebelah",0,2026-04-10T08:57:51Z
@kamekame2818,"Slm itu msh wacana atau omon² ttg pemakzulan maka itu tak bs dihukum atau pelanggaran
Knp suatu wacana atau diskusi hrs ditakuti & dianggap berbahaya?
Kritik & saran adl bagian dr demokrasi

Klo ada ktdk puasan, ktdk percayaan, kritik dll dr rakyat itu adl hal wajar & mrpk reaksi rakyat akan kinerja pemerintah yg dianggap tdk maksimal & pro rakyat
Dpr yg hrsnya mnjd wakil suara rakyat skrg malah tdk berfungsi bahkan cenderung diam krn mayoritas hampir smuanya adl pndukung pmrntah
Ini jelas tdk sehat bg demokrasi
Jngan malah kritik dianggap sbg gangguan  tdk suka, kalah pilpres, antek asing dll

Bila demikian maka pmrntah sdh mulai otoriter & represif yg anti kritik & mengharamkan oposan",0,2026-04-10T08:57:39Z
@FransGulo-l2d,"Prabowo g bisa di gulingkan,kami dukung Prabowo,",0,2026-04-10T08:56:39Z
@SuhermanBarus,Adil dong prof..megawati termasuk makar tidak? Turunin gusdur,0,2026-04-10T08:49:37Z
@ventalabs3744,"jadi saiful mujani ngomong ingin menurunkan presiden prabowo gibran itu bukan makar, tetapi itu kritik, jelas ya sodar-sodar berkata menurunkan presiden prabowo gibran tidak melalui jalur impeachment adalah kritik. kritikan ingin menurunkan presiden prabowo gibran, menarik-menarik",0,2026-04-10T08:49:09Z
@KetutSumada-g8f,"Jika presiden dimakzulkan, nanti penggantinya wapres nya .... ini membuktikan kebenaran klo presiden menjabat hanya 2 tahun .... dilengserkan terus diganti wapres ..... kok bisa pas ya .....",0,2026-04-10T08:46:49Z
@SuhermanBarus,"Prof sakit hati..kualat tak kebagian apa""",0,2026-04-10T08:45:49Z
@jetproM20dpro202,RIGHT! JADILAH ELITE PENCERAHAN RAKYAT DAN REZIM KRN NKRI INI SDH MENUJU THE FALL,0,2026-04-10T08:32:23Z
@momongbocahcilik7164,"Menurut pak mahfud, saiful mujani boleh saja ngomong ingin menurunkan prabowo gibran dan kalo cuma ngomong tidak termasuk makar",0,2026-04-10T08:27:45Z
@NawawiKedungadem,Alhamdulillah mantap Pak Prof..penyambung aspirasi rakyat Indonesia yg sesuai falsafah Pancasila dan UUD 1945.,10,2026-04-10T08:26:42Z
@fajarizza3031,mobil ezemka mana pak??,0,2026-04-10T08:23:25Z
@budimandelvin7093,"jadinya president omon omon dong 😂,,,, dibuku doang demokrasi,,aslinya otoriter",0,2026-04-10T08:22:52Z
@fajarizza3031,"pak mahfud membandingkan jaman jokwi dikritisi oleh dpr, sdangkan prabowo tidak dikirtisi oleh dpr sy lihat kapasitas jokowi yg belom pas jadi presiden, bisa di setir oleh anak buahnya, pak mahfud mebaik baikkan jaman jokowi karena bliau di posisi pihak jokowi,,",0,2026-04-10T08:22:24Z
@ekoprasetyo481,Megawati jilid 2?,0,2026-04-10T07:45:11Z
@BUTOIJO222,"Ini juga profesor otak provokator....kritik yg membangun itu namanya kritik, kritik gulingkan pemerintah yg sah itu rencana makar,  PROFESOR OTAK PROVOKATOR...wkwkwkwk",1,2026-04-10T07:42:17Z
@ukiara,udah lupa sama tulisanya pak,0,2026-04-10T07:36:48Z
@DanangPra-t3b,Mbg semakin menggila yg mengadakan bukan orang trnyata robot GK punya hati apalagi otak,0,2026-04-10T07:35:02Z
@mpenktaqwa9687,MBG itu benear benar kacau,0,2026-04-10T07:32:15Z
@senobagos6611,Emng bebal,0,2026-04-10T07:22:30Z
@OrangKampung-kd5lh,"Tp ketika p.mahfud jd menkopolhukam di ms p.Jkw !! Kok  gak ada terobosan2 yg menguntungkan Rakyat mis.nya : UU perampasan aset tdk Goal, kmd pemberantasan Mafia2 migas maupun mafia2 penggundulan/ penebangan hutan juga tdk berjalan !! & banjir bandang di Sumut & Aceh, Sumbar itu kan akibat itu!! . . . Berarti mmg wkt menjabat itu & melaksanakan amanahnya!! ""Tdk segampang"" ketika omon2 dipodcas . .
Mhn maaf Pak Mahfud yth. ini sm skali ""tdk bermaksud merendahkan Bpk ya""!!!",1,2026-04-10T07:16:13Z
@adesetia2619,presiden sulit mendengar aspirasi dari bawah. mengelola apbn hanya bermodalkan kepercayaan diri bukan hasil pengamatan lapangan. hari demi hari medsos dipenuhi berita ketimpangan program yang cenderung berpihak tidak pada msy.kecil. maka sy cenderung mendukung saran pak saiful mujani karena jika diteruskan kita akan kebablasan dan fatal,0,2026-04-10T06:53:07Z
@kikiebisnetkikiebisnet3901,"Sebaiknya Pak Prabowo membaca kembali buku yang dikarangnya sendiri. Dan bisa melaksanakan apa yang ditulisnya sendiri. Kalo tidak dilaksnakan , tarik saja buku nya..utk direvisi. Pencerahan pak Mahfud sangat bermanfaat, membuka mata dan hati...",0,2026-04-10T06:52:03Z
@iamid5686,"Hukuman penyiraman KontraS saudara kita pantau terus ges, jgn sampai diringankan apalagi hilang begitu saja",0,2026-04-10T06:51:44Z
@wulandaritari9497,"Prabowo gak bisa dipercaya
Kalau begitu,,bukunya bicara A
Yang kerjakan X.

Prabowo lebih cocok jadi
MOTIVATOR 🤣🤣🤣",0,2026-04-10T06:38:02Z
@tosam7218,"Cari peluang dan berkomentar  lupa klu mulutmu adalah harimaumu, kipas banyak penonton dan rakyat  sdh semuanya pintar pak",0,2026-04-10T06:21:24Z
@arifin-u3l7e,"Kecerdasan pak Mahfud oke banget sayang saat pilpres beliau tak bagi"" duit dan bansos untuk menjaring para penjilat dan kaum tolol",0,2026-04-10T06:20:04Z
@baronsomeone8874,kami menunggu komando,0,2026-04-10T06:15:00Z
@jmello64,"Ancur , sm doi",0,2026-04-10T06:09:57Z
@jmello64,Tp prabowo tetep cuek,0,2026-04-10T06:09:30Z
@alicewolffgang,"prabowo tuh kurangnya tuh ga fokus sih selain sering ngelebih lebihin kinerja yg biasa aja atau bahkan buruk, prabowo juga ga fokus ingin nyari panggung dunia internasional, dalem negerinya kalo berpaling dikit kacau balau, balik lagi ke dalem negeri defensif mulu ga terima fakta lapangan

logikanya aja MBG tuh aneh daripada ngasih bocah makanan seharga ceban mending bikin cara gmn orang tuanya dapet duit sehari minimal ceban",0,2026-04-10T06:08:06Z
@HartoKucing-fz3dz,"Penjual sayur yg lewat didepan rumah saja, mengeluh ttg pemerintahan pak Prabowo,, katanya """" hancur ', 🥵😇😡",0,2026-04-10T05:48:41Z
@WongJowo-z5u,"kalah calon stress, ra due isin",0,2026-04-10T05:48:02Z
@jiwantokosepuhgembol,Negara ini Amburadulkah....,0,2026-04-10T05:39:11Z
@PkBgues,Kebanyakan teori ....kadang lupa akan manfaat.  Karena banyak pintar ngomong tapi GK becus kerja.....kelihatan dari narasi yg dibangun isinya 1SAKIT HATi meski kata2nya dibelokan.Meskii dia seorang fropesor.,0,2026-04-10T05:19:46Z
@mahdinmahdinmahdin3248,Baru kali ini presiden bergabung dengan penjajah😂😂😂,0,2026-04-10T05:18:05Z
@mahdinmahdinmahdin3248,Inilah kalau presidennya cuman omon2😂,0,2026-04-10T05:17:09Z
@drs.supriyanto9705,Kalau presiden Prabowo tidak logis dimundurkan tapi kalau Gibran logis untuk mundur,0,2026-04-10T05:17:07Z
@FatirHudin,Karyawan stap MBG gajihnya  5 x lbih tinggi dari pada guru HONOREER wkwkwkwkwk,0,2026-04-10T05:10:48Z
@Maryadi-n1k,"Trima kasih pak Mahfut.
Semoga bermanfa,at buat pihak pengkritik dan yg di kritik.Damai/aman slalu negeriku.🙏🙏🙏.",0,2026-04-10T04:56:11Z
@budyprayogoes5343,"Di mana Indonesia di mata 15% yang bener .. belajar yg udah"".. kemarin bilang ini skrng bilang itu entar bilang aapa lgi . 😂😂😂😂. GK usah menilai berlebihan..  lebih baik berkerja dn ikut gabung . Demi Indonesia cerah dn lebih maju itu ada udah cukup.. dri pada menilai dn ngikuti partai..😂😂",1,2026-04-10T04:54:46Z
@CecengSalamudin,Keren Pak Mahfudz. I support your  statememt so much...,4,2026-04-10T04:43:10Z
@aditathiya6383,Munafik,0,2026-04-10T04:40:36Z
@nlvlog7757,Introveksi diri sendiri pak pilpres sidah selesai. Mari kita membangun .,1,2026-04-10T04:36:35Z
@nlvlog7757,Pilpres sudah selesai Bapak Prabowo Subianto presiden RI. yg sah pilihan Rakyat 58% mendukung penuh presiden Prabowo. Jangan provokasi provokator mau' menjatuhkan presiden yg sah pilihan Rakyat. Proses hukum yang berlaku meresahkan masyarakat Indonesia,2,2026-04-10T04:34:45Z
@agungsantoso.jabrik6727,Salam Hormat dan Takzim buat pak Mahfud,0,2026-04-10T04:34:18Z
@jeremystevan0079,Prof mahfud luar biasa kyk gini kok bisa malah kalah pilpres ama gibran...itu dulu pas pilpres 2024 yg milih 02 emang goblok atau ketipu ya?hahaha,0,2026-04-10T04:32:20Z
@RadenPantura-v1f,"Ini orang belain Gus Yaqut, dulu jadi juga bela kardus durian",0,2026-04-10T04:19:29Z
@bayukusferiyanto9426,"Bila parlemen sudah tidak dapat diandalkan karena besarnya kualisi pemerintah, maka hanya rakyat yang dapat melakukan penggulingan Prabowo-Gibran..
Mari turun ke jalan..",0,2026-04-10T04:16:25Z
@iwansaputra6510,P mhajfud mengkritik dengan halus dan dengan data sehingga tdk ada yg kontropersi dlm kritikan nya.. P nyalon Lgi di 2029 dong,0,2026-04-10T04:16:21Z
@HendriZon-j7o,Bagus 😅😅😅,0,2026-04-10T04:14:14Z
@genieusgns7160,"Prabowo adalah pemimpin paling munafik pemimpi paling kacau , salah jokowi knp dulu ular di pelihara hancurr bangsa Indonesia",0,2026-04-10T04:12:31Z
@dhipagaluhpurba88,"Terimakasih, Prof... sangat mencerahkan... semoga tetap sehat walapiat 🙏",0,2026-04-10T04:06:07Z
@NengahArimbawa-z3c,"Pada akhirnya semua akan kembali kpd aturan yg lama, KL demokrasi menimbulkan keresahan dan gangguan keamanan",0,2026-04-10T03:57:21Z
@IamJambul,Guteh Sakek ateh,0,2026-04-10T03:56:04Z
@DonaDona-gr7qv,❤❤❤MARI KITA JAGA BERSAMA NKRI INI.MARI BERSAMA SAMA BAGAIMANA INDINESUA ADIL MAKMUR.SETUJU??????❤❤❤❤,0,2026-04-10T03:50:33Z
@HerodesKendi,"MBG di mata ANGGOTA DPR Republik Indonesia SEMUANYA Menutup MATA, tidak BERANI Mengkritik PRESIDEN PRABOWO SUBIYANTO, KARENA SEMUANYA TAKUT KEPADA PRESIDEN,  Terima Kasih😝😝😝",0,2026-04-10T03:45:08Z
@taufiktaufik49,BAGAIMANA KELANJUTAN DARI HASIL KERJA TIM REFORMASI POLRI PAL MAHFUD? BAPAK KAN ANGGOTANYA????,0,2026-04-10T03:43:14Z
@usmanpasaribu8080,Buku ini harus cetak lagi sebar ke seluruh dunia indonesia dak usah,0,2026-04-10T03:41:39Z
@AyundaAfareen,P Prabowo lebih baik intropeksi diri untuk menyelamat kan negara dn rakyat.presiden hrs denger dr bawah jgn percaya orang yg dekat tujuan mebelok belok kan kebenaran akhirnya konyol,0,2026-04-10T03:41:20Z
@wardibanjaran345,"Sngt setuju klu prabowu segera mundur itu hrs dg wapresnya sekali, tdk ad guna klu cmn sebuah nm presiden dn walres, tp faktanya tdk brkualitas dlm mengurus negara. Lbh bgs mundur dg sukarela drpd d mundurkn dg paksa.",0,2026-04-10T03:32:30Z
@sepcurugmas6834,Agenda menjatuhkan/menggulingkan pemerintahan prabowo SEMOGA tidak di susupi oleh pihak ke tiga lainnya yang mana cenderung ada pihak yang akan memanfaatkan agenda tersebut...MAKA apabila agenda tersebut berjalan LEBIH BAIK semua jajarannya juga dari presiden - wakilnya serta semua jajaran kabinetnya DI GANTI SEMUANYA...oke,0,2026-04-10T03:32:14Z
@syaichurozish5748,Ketua DPR Mandul semua .... kerja duduk duduk terima gaji tapi nggak mikirin Negara dan rakyat.... mana hasilnya ? NEGARA ?,0,2026-04-10T03:27:09Z
@agathanina5271,Keputusan besar lho ini...,0,2026-04-10T03:26:37Z
@sepcurugmas6834,"Jajaran di pemerintahan rezim jokwi hampir sama dengan jajaran di pemerintahan prabowo...dimana cenderung ada sedikit besarnya dari aliran/jalurnya keturunan PKI...apakah benar seperti itu ??? Apabila benar...apakah Negara ini di 2 rezim terakhir ini DIKUASAI oleh PKI ??? Semoga para tokoh serta elemen bangsa yang ada di Negara ini TERFOCUS ke hal tersebut karena sepertinya ARAH Negara mau kemana dan bagaimana pola langkahnya cenderung TIDAK MENENTU...walawpun secara adu argumen PIHAK yang di jalur/aliran PKI tersebut bisa MEMANIFULASI cita"" Negara ini untuk lebih baik...TAPI secara REAL PELAKSANAANNYA cenderung tidak sesuai dengan yang seharusnya yang ada di UU di Negara ini. Maaf ini pemikiran dari orang kampung,...ok",0,2026-04-10T03:24:16Z
@Nohadi-c7x,"Indonesia di tangan rakyat bukan di tangan presiden Kedaulatan tertinggi adalah di tangan rakyat,",6,2026-04-10T03:17:08Z
@slametsubaker4203,Sebaiknya prabowo gibran mengundurkan diri,0,2026-04-10T03:16:07Z
@ahmadtaureq3665,"Tolong Prof. Mahfud, jangan sampai Indinesia berteman dekat dengan AS dan Israel, kedua nya penipu dan pembohong besar, bahaya bagi Indonesia.",0,2026-04-10T03:15:03Z
@ibnuhajar9864,"Jijik sebagai peran kepala keluarga, apalagi kepala negara.",0,2026-04-10T03:05:42Z
@Claranyaihbasinga,Mudahan prabowo  nonton podcast ini,0,2026-04-10T03:04:49Z
@Lontong_mbalap,Buruk Prabowo dalam menjabat presiden..,0,2026-04-10T02:58:25Z
@ardiarnold5105,"semoga ini di dengar penguasa, terus bersuara kritis utk indonesia yg lebih baik, dpr ri tak bisa diandalkan yg hanya tau nyanyian lagu setuju",0,2026-04-10T02:58:05Z
@Ediwaelah-r6e,Percuma koar koar trus meski di depan nya juga hasilnya apa...... Zonk,0,2026-04-10T02:50:32Z
@kikyfaullyne,MyFav politikus dinegara ini hanya pak Mahfud keren pak sehat selalu yaaa❤❤❤,0,2026-04-10T02:49:59Z
@titinsupriatini7482,"Semoga Pak Mahfud sehat srlalu ,tetap mrnyuarakan kebenaran ,keadilan ,dan trimakasih channel yg mencerdaskan....",39,2026-04-10T02:48:51Z
@KenziArka-z5r,"Lah kapan Indonesia ini mau maju kalau setiap pemimpinnya saja (siapa saja) selalu direcoki sama orang-orang yang gak suka sama pemerintahan, memang negara ini sudah salah secara sistem sampe kapanpun gak akan maju kalau terus seperti ini cara kita bernegara.",0,2026-04-10T02:48:50Z
@KenziArka-z5r,"Lah kapan Indonesia ini mau maju kalau setiap pemimpinnya saja (siapa saja) selalu direcoki sama orang-orang yang gak suka sama pemerintahan, memang negara ini sudah salah secara sistem sampe kapanpun gak akan maju kalau terus seperti ini cara kita bernegara.",0,2026-04-10T02:48:50Z
@KenziArka-z5r,"Lah kapan Indonesia ini mau maju kalau setiap pemimpinnya saja (siapa saja) selalu direcoki sama orang-orang yang gak suka sama pemerintahan, memang negara ini sudah salah secara sistem sampe kapanpun gak akan maju kalau terus seperti ini cara kita bernegara.",0,2026-04-10T02:48:40Z
@KenziArka-z5r,"Lah kapan Indonesia ini mau maju kalau setiap pemimpinnya saja (siapa saja) selalu direcoki sama orang-orang yang gak suka sama pemerintahan, memang negara ini sudah salah secara sistem sampe kapanpun gak akan maju kalau terus seperti ini cara kita bernegara.",0,2026-04-10T02:48:09Z
@KenziArka-z5r,"Lah kapan Indonesia ini mau maju kalau setiap pemimpinnya saja (siapa saja) selalu direcoki sama orang-orang yang gak suka sama pemerintahan, memang negara ini sudah salah secara sistem sampe kapanpun gak akan maju kalau terus seperti ini cara kita bernegara.",0,2026-04-10T02:47:54Z
@BangTagor-r9l,"PARADOKS
INDONESIA, Bisa jadi Beliau sd lupa dgn tulisanx Sendiri😁",0,2026-04-10T02:41:04Z
@solehanzig9672,Bixara tapi gulingkan tdk bolehhh ...langgar hukum,0,2026-04-10T02:27:17Z
@solehanzig9672,Beartigus dur jatuh...ap benar pelakunya,0,2026-04-10T02:23:46Z
@solehanzig9672,Gus dur mundur...ap itu bukan akibat makar?,0,2026-04-10T02:22:32Z
@solehanzig9672,Hati mahfud rusakkk...kotor,0,2026-04-10T02:20:56Z
@solehanzig9672,Duh apah mahfud nyalon lagi tompes,0,2026-04-10T02:18:54Z
@solehanzig9672,UUD 1945 pasal 28..mahfud sok pintar,0,2026-04-10T02:17:52Z
@Cindara-q3v,Pengkeririk kebanyakan tidak dapat jatah koropsi karna pejabat sekarang ke banyakkan sipat nya seperti BINATANG makan uwang haram itu wajib hukum nya bagi pejabat sekarang.,0,2026-04-10T02:17:17Z
@solehanzig9672,Prabowo ❤❤❤❤,0,2026-04-10T02:14:08Z
@solehanzig9672,Beliyet liat fud,0,2026-04-10T02:13:15Z
@MuhamadArifAlmalik,KLO tidak mampu lebih baik mundur ...masih banyak  yg  mampu ...pikun kali,0,2026-04-10T02:13:03Z
@solehanzig9672,Prabowo❤,0,2026-04-10T02:12:47Z
@solehanzig9672,Mahfud stress,0,2026-04-10T02:11:58Z
@Febrizah,Iya pa w0w0 ijazah udah 3 THN ga selesai2 selama paw0w0 jadi ri 1 suharto langsung  disidang ini Jokowi masa susa si masala ijazah aja pa wowo,0,2026-04-10T02:05:16Z
@tumpalsagala6172,"Tergantung : ukuran , takaran dan timbangan( UTT )  yg di  emban  oleh  seseorang  sebagai  pejabat  tinggi negara ,  lebih - lebih menjadi  seorang Presiden. Penjelasan bapak  prof  mahpud md cukup  gamblang dan transparan. Semoga  bermanfa at.",0,2026-04-10T02:02:09Z
@a.t.a.f.s,"Pak Mahfud lebih paham isi bukunya dari pada sipenulisnya "" Prabowo "" 😂 Salut Prof",0,2026-04-10T02:00:46Z
@sumiharsitorus1459,Emang ada yg lbh baik buat gantiin Prabowo Gibran??  walau mmg Kedua pemimpin ini tdk Sempurna juga...,0,2026-04-10T01:48:53Z
@GwemingTV,PAK MAHFUD UDAH MASUK ANGIN NIH! TERUS APA IKUTIN KATA PERUSAHAAN JUSUF KALLA NAIKIN BBM???? LEMAH ANDA SEKARANG PAK MAHFUD,0,2026-04-10T01:45:28Z
@y.suwarnowarno2971,"Rekayasa persekongkolan yg tidak sehat, banyak yg mendukung, ( benar yg di katakan Pak Mahwid MD. ) mau di bawa kemana NKRI ini? Suara hati sudah pada lupa.",0,2026-04-10T01:44:56Z
@SarifuddinMambi,Bgt JD presiden malah urusi M B G,0,2026-04-10T01:32:20Z
@HSH_Indonesia,JUJUR KECEWA SAMA KEPEMIMPINAN PAK_WOWO....KAYA MACAN OMPONG.,0,2026-04-10T01:32:14Z
@urbansketchid,"Ngga aman juga, begal sekarang berani terang-terangan",0,2026-04-10T01:20:02Z
@dabelg8932,Lengserkan aja,0,2026-04-10T01:18:50Z
@AbdulGani-dl2nt,Apa kabar nya Reformasi polri,0,2026-04-10T01:17:54Z
@syahiddinds4342,Kita butuh orang yang berani menyampaikan kebenaran. Terimakasih Prof.,37,2026-04-10T01:17:22Z
@sudahnansudahnan8958,"negeri ini banyak sekali oknum pemimpin  omong kosong janjinya muluk muluk realisasinya nol. hanya cari kekayaan , menghalalkan segala cara padahal hasil korupsi sama aja makan bangkai .",0,2026-04-10T01:16:22Z
@AbdMunif-eg5rf,Ayo brkt,0,2026-04-10T01:13:47Z
@SafrudinKobar,Presiden perlu punyagbhn Krena sehak reformasi sudah dihapus,0,2026-04-10T01:07:27Z
@tommyzhang6178,"Jadi ingat kata Pak Ahok, ""Mau tau karakter asli seseorang? Kasih dia kekuasaan!!""",0,2026-04-10T01:06:33Z
@GetukSusu,Waduh mahfud g dapat tempat jd begini...,0,2026-04-10T00:58:44Z
@bambanghermanto858,Wowo dipelet geng soli jadi Linglung dan OMON OMON,0,2026-04-10T00:58:35Z
@minukyamirah4303,Rakyat benci dengan presiden karena anda beeani membayar dan tanggung jawab melunasi hutang jokowi masalah kereta cepat jakarta bqndung yg sudah jelas jelas itu kesalahqn jokowi.apalagi joķowi bekas presiden yg berijazah PALSU.prabowo wajib mundur mundur.anda tidak peduli ke rakyat,1,2026-04-10T00:54:50Z
@BumiCell-x8g,Mmg tuduhan MAKAR itu hanya untuk membungkam swara rakyat,0,2026-04-10T00:54:49Z
@rustenbanunu2987,rakyat indonesia memang sengaja di bodohi semoga dgn banyak protkes seperti ini bisa mencerahkan masyarakat,0,2026-04-10T00:43:55Z
@ZakariaZakaria-v4v,"Padahal kritik pak Saiful Mujani Bagus untuk adanya perbaikan dan perubahan dalam Pemerintahan Presiden Prabowo, tetapi ternyata Prabowo itu marah2 dalam Forum dan pidato nya sangat Anti kritik Rupanya Presiden Prabowo itu Diktator Juga anti Demokrasi,",0,2026-04-10T00:43:44Z
@hendyhuang2989,"Kalau suatu negara banyak pejabat koruptors, maka rakyat negara itu akan jatuh miskin sekali. Seperti yang kita lihat waktu jaman Suharto sebelum May 998. Rupiah turun dari Rp. 1000 = US$1, Rp. 2000, Rp 4000, akhirnya sampai Rp. 14000-15000 = US$1. Karena uang negara sudah kosong dimakan oleh pejabat koruptors puluhan tahun. Bisnis binis dan orang orang mesti kasih uang ke pejabat koruptors, maka biaya biaya yang kasih ke pejabat koruptors itu akan di tambahkan ke barang barang jualan. Jadi rakyat biasa akan lebih beban membeli barang barang yang lebih mahal harganya. Jadi sama saja pejabat koruptors makan duit dari rakyat biasa yang membelanja barang barang yang mahal itu.

Kalau suatu negara tidak ada atau sedikit koruptors, maka rakyat negara itu akan kaya dan bahagia. Barang barang dibelanja bisa kemampuan rakyat biasa.",0,2026-04-10T00:42:34Z
@zainulrizqi3589,Prabowo dan Pascabowo beda pendapat,0,2026-04-10T00:41:08Z
@hendyhuang2989,"Kalau orang yang benar benar kerja buat semua orang, pasti tidak disukai kelompak yang anti, kelompok yang terima jadi tidak mau kerja, kelompok yang suka iri orang lain berhasil, dll. Seperti Jokowi, yang banyak berusaha ( Freeway jakarta-Surabaya, Kereta cepat paling cepat di dunia, Jakarta-Bandung (Indonesia adalah negara pertama punya selain China) dan Ibukots baru Nusantara), dan  buat negara dan bangsa. Jokowi buka jalan (open door) keluar negeri, seperti Deng-XiaoPing (China) buka jalan keluar buat Tiongkok. Inilah baru ada jaman Xi JinPing yang sangat dibangga oleh international membuat negara Tiongkok jadi negara raksasa yang kuat dan kaya didunia. Sama juga Probowo sekarang banyak kerjakan buat rakyat dan negara. Banyak koruptors ditangkap dan dibasmikan, Uang kotor dari koruptors disita habis dan digunakan buat rakyat miskin. Selain itu, Indonesia sekarang lain dari Indonesia sebelum, nama Indonesia sudah terkenal di dunia dan United Nations. Orang yang benar kerja pasti tidak disukai orang yang jahat, jeleous, dan malas. Seperti di Amerika, Trump juga banyak kerja buat rakyat dan keamanan negara. Semua gang dan orang jahat, diusir keluar dari Amerika. Sebelum jaman Trump, di Amerika banyak maling curi mobil, catalytic converter, bisa saja curi converters lebih dari 20 setiap hari (20 pcs average), curi package dipintu habis usai delivery oleh carriers, dan banyak pembunuhan di mana. Sekarang jarang ketemu maling. Jarang ada pembunuhan, converter tidak lagi banyak di curi setiap hari. Tetapi banyak orang politicians, orang demokrat, dan orang yang iri tidak sukai Trump. yang dipanggil No King Day di Amerika.
Justru kita butuh President yang benar kerja buat rakyat bisa, bukan typrant dan koruptor seperti Suharto.  Mala Suharto yang typrant koruptor banyak yang suka.",0,2026-04-10T00:29:56Z
@noorbani528,Gatot dgn Mahfud MD mantap capres - cawapres ❤,0,2026-04-10T00:23:27Z
@MuhammadruchyatNasrulloh,Emang bakalan didenger kira2 oleh mereka para penguasa? Kalo saya pingennya pak Mahfud jadi presiden.,0,2026-04-10T00:23:08Z
@beenharoenbae1144,"Pak mahfudz,, apakh anda tdk stuju dgn kepemimpinan KDM ?",0,2026-04-10T00:17:11Z
@A03Samsung-b8s,"Mahfud besuk th 2029 nyslon lagi, kalo kalah lagi hrs legowo... Apa masih berani",1,2026-04-10T00:14:22Z
@vidi0816,Temui pak Harris Turino di DPR pak @MahfudMD,0,2026-04-10T00:10:29Z
@_unknown123.,kalo kerusuhan efeknya malah lebih parah.,0,2026-04-10T00:07:20Z
@ternaktaniku8388,Prabowo kan pernah viral dg kalimat omon - omon.kelak dia akan di Kenang oleh rakyatnya dg julukan presiden OMON-OMON.,0,2026-04-10T00:04:31Z
@wildanchaniefulwajiih9873,Podcast ini setara seminar 👍 ku subscribe,0,2026-04-10T00:00:15Z
@TestBbm-u4s,"Mantul Pak Mahfud, harus nya beliau lah yg jadi pemimpin Indonesia 👍, Pasti Silvester, Firli ,dalang besar penganiayaan aktifis tertangkap dan Kertas sakti raja Jack pasti beres 👍.. 
Bismillah semoga Pak Mahfud memimpin seluruh rakyat waras Indonesia the next 🤲Aamiin",2,2026-04-09T23:59:54Z
@scopy2889,Yang masalah itu bukan presidennya TAPI DPR RI nya penipu semua,0,2026-04-09T23:54:08Z
@ahmadyani1363,Kalau pemerintah gak mau terima saran dan kritik itu pertanda negeri akan bermasalah kedepannya,0,2026-04-09T23:51:53Z
@lilikdiah01puspa37,Pak Mahfud jangan pernah mau jadi presiden pak tetap di jalur penengah negara,0,2026-04-09T23:48:32Z
@jakinmulyana9296,Mantap,0,2026-04-09T23:41:56Z
@MareMilitan,Dulu K.U.D.dibangun diseluruh desa di indnsia yg berujung jadi kandang lembu tdk bermanfaat apakah koperasi merah putih akan menyusul ? Dana desa jelas2 dikorupsi bahkan terang2an tdk di tndak mbg.semrawut...rkyt menonton saja.....,0,2026-04-09T23:41:36Z
@SuprediFredi,Saya kira harus dibedakan antara kritis dg narasi2 yg mengarahkan ke area menjurus menurunkan presiden..Mahfud harusnya kasih ondangan netral dong? Jgn karena GK menjabat eh pendapat justru mendukung kaum pembenci.. arahnya kmna nih?,0,2026-04-09T23:37:53Z
@laodeabdulhambali240,"Indonesia dimata Prabowo sangat bagus dalam idenya.
Indonesia ditangan Prabowo saat ini belum ada perbaikan dalam kehidupan rakyat banyak
Indonesia dalam pemerintahan Prabowo tidak baik-baik saja",0,2026-04-09T23:35:26Z
@WarnoWarno-lz7lj,Yag merusak NKRI Jokowi dan DPR RI MPR RI dpa .merusak UUD negara itu pasal pasal di rubah .,0,2026-04-09T23:30:37Z
@agusantjorah9431,"Jika ingin ada perubahaan yg baik negeri ini, tokoh hrs hadir di pemerintahaan pusat yg berani tegas dan raja tega di antaranya,
Mahfud md
Ahok
Kdm
Serly.tjoanda
Abraham samad
Najwa sihab
Oneng
Susi f
Rangkuty.
Integritasnya masih bagus blm kena virus",0,2026-04-09T23:28:18Z
@mawarbiru2267,"Oalah pak mahfud,cara anda mendidik anak bangsa ,dilihat dari cara anda bicarapun dengan raut muka marah..,ma'af pak saya rakyat selalu dukung pemerintah.hidup prabowo gibran.",0,2026-04-09T23:27:23Z
@WarnoWarno-lz7lj,Tak bisa Prabowo Subianto hurus tegas kan  polri Sigit di copot dari Kapolri Rakyat Indonesia biar tentram.grombolan Jokowi termul 2 Projo 3 parcok.itu kok Prabowo Subianto bilang makar .yang merusak NKRI Jokowi cs.kok Maseh di ketiyak Jokowi wowo.gibran copot .program MBG.gibran,0,2026-04-09T23:20:33Z
@dedyiswadi8856,Capres kalah dan konsultannya saling menguatkan dan melindungi,0,2026-04-09T23:17:16Z
@SuwardiDi-k3d,"Prabowo ini tidak selaras dgn ucapan,mungkin SDH pecah otaknya,",0,2026-04-09T23:17:07Z
@GarudaPerkasa-q6n,KLO wakil rakyat SDH TDK mewakili rakyat LG ya rakyat hrs bertindak sdri,1,2026-04-09T23:06:38Z
@harmantoabuyusuf3703,"INILAH DINAMIKA KEHIDUPAN DI DUNIA INI YG TIDAK ADA SEMPURNANYA, ADAPUN KEHIDUPAN YG SEMPURNA HANYALAH KEHIDUPAN AKIRAT YAITU KEHIDUPAN DI SUGA  .",0,2026-04-09T23:03:46Z
@Ladoomla,Prabowo gagal membawa Indonesia lebih baik,0,2026-04-09T23:02:53Z
@yxsmn29,Pak mahfud .! Tolong suara kan saja tentang bubarkan saja negara ini .soal nya sudah begitu muak melihat negara ini .maaf pak bukan tdk bagus kritikan seperti ini masalah nya sampai kapan ???.bahkan kebanyakan dari kita berkesimpulan yg sama yaitu negara ini tdk akan berubah.,0,2026-04-09T22:59:14Z
@pupunksyaiful8865,"prabowo jelas jelas kinerjanya...berani berantas mega korupsi mafia minyak yag hanya presiden prabowo yg berani sejak negeri ini berdiri,,berantas tambang ilegal,,swasembada beras,harga BBM hanya negara indonesia yg belum naik.....jangan takut di lemahkan oleh bacot bacot yg tdk jelas kinerjanya untuk negeri ini tetap maju berantas korupsi..kuskinkanbkoruptor hukum gantung.....sehat selalu presidenku",0,2026-04-09T22:53:17Z
@natura1961,"Pak mahfud salah besar, mengajak orang menggulingkan pemerintahan yang syah adalah makar..... Pelajari hukum pidana Pak.",0,2026-04-09T22:43:41Z
@pakantok-h2p,Presiden Prabowo itu termol makax ngak mau dengar  kritikan,0,2026-04-09T22:39:02Z
@rahmatdasy9805,Pencerahan yang dibutuhkan masyarakat dari pakarnya penting diikuti.,6,2026-04-09T22:27:13Z
@nanankmetro2499,Parpol itu perusak negara,0,2026-04-09T22:23:42Z
@dwiyektiagung6664,"MasyaAllah...
*Terus Terang & Terang Terus...*",0,2026-04-09T22:22:38Z
@latiefvinlio5422,"Mengkritik dan menghina adalah dua hal yang berbeda, meskipun batasannya sering dianggap tipis. Kritik bertujuan memperbaiki dengan fokus pada gagasan atau kinerja secara objektif, sedangkan menghina bertujuan merendahkan, memprovokasi, atau merusak reputasi seseorang dengan unsur sentimen pribadi.Berikut adalah perbedaan mendasar antara keduanya:Tujuan: Kritik bertujuan membangun dan memberikan solusi (konstruktif), sedangkan hinaan bertujuan menista atau menjatuhkan (destruktif).Objek Sasaran: Kritik berfokus pada pekerjaan, kebijakan, atau pendapat. Hinaan berfokus pada pribadi/individu (harkat dan martabat).Dasar Penyampaian: Kritik didasarkan pada data, fakta, dan alasan yang logis. Hinaan didasarkan pada emosi negatif dan kata-kata kasar.Bahasa: Kritik menggunakan bahasa yang santun dan objektif. Hinaan menggunakan kata-kata kasar, makian, atau fitnah.
mereka yang merasa hanya mengkritik tetapi tidak sesuai data alias Hoax.",0,2026-04-09T22:21:55Z
@djhamal.a.koesoema,"Mahfud ini plin-plan orangnya 😂😂 dlu waktu di pemerintahan jokowi dia jg menjilat2 jokowi,, setelah kluar lalu ngekritik jokowi😂😂",0,2026-04-09T22:18:41Z
@BadriSabarr,Penyakit seorang pemimpin ( presiden ) pikun apalagi sudah tua seperti pak Prabowo sedangkan yang masih muda saja jika jadi seorang pemimpin juga lupa dengan janji-janji nya apalagi sudah tua seperti pak Prabowo,0,2026-04-09T22:11:37Z
@ZaitunSukran,"KERITIK ITU PENTING SELAMA TIDAK MENGHANCURKAN,BEKERJASAMALAH UNTUK MEMBANGUN NEGARA INI.MEMANG TIDAK MUDAH SEPERTI MEMBALIKAN TANGAN.APA SEBABNYA?JAWABANNYA ADA PADA KITA SEMUA.MANTAP PK MAHFUD",0,2026-04-09T22:09:35Z
@sugiewijadi,Kadrun semakin arogan di era Wowo Karena di biarkan MUI + menteri agama nya.,0,2026-04-09T22:05:51Z
@erdinyo6044,"MBG, Mekanisme programbya menciptakan peluang untuk korupsi, alias kebocoran. 
Uang Triliunan ujung-ujungnya dibuang ke dalam JAMBAN",0,2026-04-09T21:59:43Z
@sugiewijadi,Indonesia tambah hancur di tangan Prabowo 🔥🔥🔥🔥,0,2026-04-09T21:57:51Z
@JihanAuliaRahma-s7l,"Pemerintah Prabowo  dukungan kuat rakyat bagi kedaulatan, klo pro rakyat kelola adil transparan tidak korupsi BAIKbaik saja",1,2026-04-09T21:50:02Z
@troksichannel,Barisan kalah pilpress !!,0,2026-04-09T21:44:30Z
@nurhasyim9571,Mahfud md ini ter masuk kutu loncat,0,2026-04-09T21:44:28Z
@guchydivancouv6857,"Ada kekuatan rezim yang lalu sampai Prabowo tidak bisa melaksanakan apa yg dikehendaki, apa begitu? Coba tolong dijelaskan secara jujur dan gamblang tanpa tedang aling.",0,2026-04-09T21:41:01Z
@MPNasution-x4n,"Memang kelihatannya banyak  omon2 saja belum punya kenyataan, kurang tegas dan banyak rakyat kecewa akibatnya Masi dibawa kelek mul yono😢🎉😢😢😢 kelek",0,2026-04-09T21:40:17Z
@buyungali4472,"Media Indonesia mempertontonkan kegoblokan yang gak mendidik anak bangsa ini prof............ harus kalo mau mendidik ank bangsa.........yg juara dunia bocah 7 tahun di Boyolali gak firal prof........masa yg memperlihatkan kebobrokan institusi negara yang ngurusin ijazah dan Silverter gak bisa bereskan dgn cepat.,......gimn kasus besar Rizal kalit y lenyap begitu saja",0,2026-04-09T21:36:42Z
@pakmemet9123,"Kalau mau dengar suara rakyat pak Prabowo gak perlu mundur, kenapa orang meminta harus mundur karena beliau TDK mau dengar suara rakyat beliau hanya dengar anak buahnya.",0,2026-04-09T21:35:39Z
@buyungali4472,Pemimpin negeri ini kok gak tegas ya......dalam kasus ijazah ini...... secara tidak langsung mempertontonkan kebobrokan institusi negara yang gak bisa kerja.......kalo bisa kerja kasus semacam ini gak berlarut-2.......kok para akademisi hukum dan penegak hukum diem aja.......ini institusi kita gak bisa kerja knp di biarkan berlarut-2......pentesan aja kasus-2 besar di Indonesia gak bisa di bereskan...... ternyata institusi begini bobroknya.........negara luar udh berjalan mbahas efisiensi dan teknologi...... Indonesia masih gaduh ijasah dan hal sepele di besar-2 kan.......kasus eptein harusnya membuka mata bangsa ini hrs pintar dan jeli menghadapi masalah masa depan bangsa ini di dalam negri dan global........knp masih bahas ijazah gak kelar-2......yg perlu di salahkan dan menikmati kegoblokan ini siapa......kasus si Silvester aja gak bisa nangani gimn kasus besar ya lenyap barang bukti dan tersangka nya,0,2026-04-09T21:33:16Z
@aaranjasa569,"PAK TOLONG BAHAS KOPRASI MERAH PUTIH,masa AGARAN 1,6m buat bangunan cuma di kasih 700- 900jt...",0,2026-04-09T21:15:48Z
@yanjalali6253,Setuju pak.mari koreksi pemerintah,0,2026-04-09T21:13:58Z
@republickenari5562,Orang2 seperti pa mahfur ini seharunya masuk dlm pemerintahan Prabowo. Krna bepengalaman di pemerintahan..!!,0,2026-04-09T21:11:37Z
@terpansinaga,"Salah sih,, Indonesia ditangan Prabowo,,
Tapi bagaimana MBG di tangan probowo
Hajarrr pajak tanpa ampun 🤭😭🤣",0,2026-04-09T20:52:19Z
@IRNAIRNA-v1h,NYIMAK PROF MAHFUD .BANG RIZAL SMG PAK PRABOWO MENDENGARKANYA..YG JELAS PEMERINTAHAN SEKARANG AMPOR ADUL HRS DIPERBAIKI..SLM NKRI DR ATHENA YUNANI..❤❤❤,0,2026-04-09T20:51:18Z
@dellbaglat6420,"Ayo kita main logika2 an yuk..., Negara, Pemimpin Negara dan Rakyatnya, di ibaratkan sebagai Petani Padi. Sawah adalah Negara, Pemimpin Negara adalah Petaninya, dan rakyat adalah tanaman padinya..

Pertanyaannya apabila Petani gagal panen gara Hama, Salah kasih pupuk atau cuaca maka penyelesaiannya gimana..?

Jawabannya :
A. Petani membasmi Hama, merubah pupuk yang bagus buat tanamannya, orientasi lebih lanjut tentang cuaca.

B. Petani berhenti menanam padi.


Jawaban kalian akan sama dengan kisah di negara ini.",0,2026-04-09T20:49:34Z
@PakWadi-k3f,"Prabowo dalambukunya menceritakan dirinya ygsebenarnya, begitulah manusia siomon omon",0,2026-04-09T20:36:19Z
@articavenusia3807,"BAHASA PRESIDEN PRABOWO AKHIR 2 INI ADALAH BAHASA MAFIA / GENG 2 DALAM SEKELOMPOK ORANG YANG SEBENARNYA PEMIMPIN BANGSA, DAN HASILNYA DI LAPANGAN  
1. KUMPULKAN VIDIO 2 YANG MENGKRITIK.
2. AKAN SAYA TERTIBKAN PARA PENGAMAT 2 YANG TIDAK SENANG ATAU YANG HILANG PEKERJAAN ATAU YANG KALAH.
3. SAYA  SEKARANG  PRESIDENNYA. MENUDUH ANTEK  2 ASING LAH. INTELIJEN LAH.
0"" PADAHAL BOP, MBG, DATA RAKYAT  YANG DIBERIKAN KE ANTEK ASING, ADA APA?",0,2026-04-09T20:25:30Z
@bluemradipta1396,Ma'af pak ... Kita kan sekarang ini LG punya Presiden BEBAL yg susah banget dikasih pengertian.,0,2026-04-09T20:23:49Z
@munawarkarsoredjo6155,"Lebih cepat
Lebih baik",0,2026-04-09T20:18:59Z
@budiono5024,Pak Prabowo adalah bapak seluruh rakyat Indonesia anggaplah kritikan dari kami itu sebagai permintaan/permohonan dan perhatikan kami mengkritik karena cinta Indonesia,0,2026-04-09T20:05:12Z
@ahmadpondok140,Beda kritik beda ajakan pak..kok gs faham bahasa .anda seorang profesor pak..makanya simak dengar baik baik kalimat si jamil,0,2026-04-09T19:53:03Z
@triyanto217,"Kebijakan Prabowo berobah 190 persen dari ucapan sebelum jadi presiden kenapa,mana hasil penyitaan hasil koruptor di kemanakan, mengapa APBN tambah amburadul",0,2026-04-09T19:50:29Z
@ahmadpondok140,Dulu gw resfect sama mahfudz..tapi setelah kalah pilpres mahfudz jadi aneh...pemikiran nya mundur karena rasa kecewa....gw melihat sekarang ini banyak orang pinter keblinger,0,2026-04-09T19:50:22Z
@Komangsagungdumadi,Bapak tau program prabowo,0,2026-04-09T19:38:35Z
@sumiaregar1562,"Setuju pak, tuduhan thd  pak Saiful Mudjani sebagai ""makar"" Sebenarnya itu sebagai ungkapan keputusasaan nya thd sukap dan pernyataan pak Prabowio yang terkesan tdk menerima masukan/kritikan dan over claim thd keberhasilan nya dalam memimpin... Semoga pak Prabowo Subianto mau rendah hati menerima keluhan dan kritikan masyarakat... Amin!!! 😇😇😇😢😢😢👍👍👍",0,2026-04-09T19:37:37Z
@budiirawan1289,Pdhl di tangan dia tambah bokvrok itu FAKTA nya wooooo woo semua yg anda bicara dlm buku itu cuma omon omon woooo,0,2026-04-09T19:36:17Z
@ClarissafataniadinataFania,Harusnya rakyat bergerak masalah ijasah jokowi.kalo bisa pak mafud dan kawan kawan yg mengerakanya untuk ke adilan.dan sy rakyat tidak setuju dengan adanya MBG karena adanya MBG semua bahan pokok jdi mahal.dan MBG tempatnya maling. yg punya tempat MBG kebanyakan angota dewan.negara Indonesia ancur bawur.,0,2026-04-09T19:30:49Z
@ClarissafataniadinataFania,Kalo negara mau g hancur UUD bagi korupsi harus rampas asetnya dan di hukum mati.masalahnya orang Indonesia koar koar entar kalo udah di kasih ke dudukan jdi maling  jg.contoh 98 sampe sekarang bukanya baik malah jdi tempatnya korupsi.,0,2026-04-09T19:27:45Z
@sandynugraha313,"Assalamu'alaikum 🙏
Dengan Nama Allah ❤
Yang Maha Pengasih & Maha Penyayang
Allah Maha Esa ☝
ALLAH ADA Mahluk Tiada
Adab Lebih Mulia Daripada Ilmu 
Manusia Tercipta Sebagai Tali KasihNya📶

Hidup Mulia Atau Mati Syahid.. 
Kebenaran Wajib Ditegakkan.. 
Keadilan Harus Dinyatakan.. 
Kematian Setiap Detik Nafas..

Setiap Hembusan Nafas Ada Balasannya Dunia Akhirat🔥
Jika Dajjal Itu Buta Hati Maka Yajuj Ma'juj Adalah Tamak & Biadab 🔥
Kembalilah Kpd ALLAH Sblm Di Kembalikan ALLAH ⏰

Revolusi Kesadaran Ruhani Sejati🌹
Assalamu'alaikum 🙏",0,2026-04-09T19:21:57Z
@budiirawan1289,Rezim ini sangat bokvrok sangat bokvrok cuma ambisi saja paham yaaah semua kacau balau bokbrok,0,2026-04-09T19:21:49Z
@IbuDipa,"Mana dana pendidikan yang sampeyan rampok, jgn sok suci,",0,2026-04-09T19:18:20Z
@Mantho-i8c,"Ntar di bilang kelompok sakit hati karena kalah pilpres...
Kelompok yg menang jangan di kritik ketika kebijakannya salah.semua yg di buat suka2 dia...",0,2026-04-09T19:12:07Z
@petersiregar5910,Prabowo mempelopri efisien anggaran...eh pejabat2nya royal..pemiimpin daerah bak raja2...dprnya hedon... konyool,0,2026-04-09T19:09:49Z
@EfendiDarmawang,Siaapppp Lengserkan Presiden Omon Kosong,1,2026-04-09T19:08:09Z
@EfendiDarmawang,Makar itu adalah Makan Rakyat,0,2026-04-09T19:07:26Z
@Arifin-t7z,intinya Prabowo stop kekonyolan Prabowo memimpin negri ini ancur ancur,0,2026-04-09T19:05:06Z
@TarnadiadiTarnadiadi,Awasin terus pak model presiden yg angkuh . Jangan sampai  dia turun menghilangkan  aset2 negara  .,0,2026-04-09T19:03:50Z
@kucingfavsanti,Kalah Yo kalah pak ojok lek kalahmale wong salah dek beo.pak Machfud di mana iman anda yang dulu.,0,2026-04-09T18:43:31Z
@Suswanto-e8d5s,Tolong pak presiden kasih jabatan pak mahmud  md biar diam,0,2026-04-09T18:40:19Z
@KamaTala-u6k,Pintar dongeng 😂,0,2026-04-09T18:24:51Z
@rusmiyati6948,PAK MAHFUD TOLONG ANGKAT KE PUBLIK JG PBB JAKARTA NAIK SAAT MASYARAKAT SULIT,0,2026-04-09T18:22:32Z
@sulasmilasmi8807,"Alhamdulillah, Prof. Mahfud mantab",0,2026-04-09T18:16:03Z
@de38i,"Istilah makar kok mudah dilempar? itu artinya negeri ada masalah. itulah bahayanya. Negeri dilindungi UU, ada batasnya mengapa rakyat bersuara keras. balas dong dg rasional,vtdk dg emosional. jujur dong KL mmg yg disampaikan para pakar itu benar. jangan abaikan kohesi KL mmg negara ingin perbaikan.",0,2026-04-09T18:06:20Z
@nurhidayat9433,Kritik yg bagus. Semoga yg buta bisa tau,0,2026-04-09T18:01:54Z
@EgilGiano-vp5ju,ngga dapet kursi Mahpud galow kerja nya ngeritil doang parah ker jaan,0,2026-04-09T17:50:52Z
@DrajatsulaimanSulaiman,Gaungkan pakkk.siapa yg ntung Besar program Mbggg..siapa punya bnyk Dapurrr☝️☝️🤕☝️🤕 saya penerima ...mending uang..Skaliann..☝️☝️☝️..Apbn bkl utangggg trussssssd 😂😢😂😢😂,0,2026-04-09T17:48:20Z
@EgilGiano-vp5ju,dulu mad md bicara bagus sekarang ngomong nya nggak jelas parah,0,2026-04-09T17:48:19Z
@viralinsid,udah di bilang... negara tanpa oposisi itu suatu kekacauan demokrasi. sejak awal pemerintahan prabowo udah dikritik tentang ini. tapi prabowo dan pendukung prabowo yang faniatik denial soal ini. pdahal kita sama2 dukung dia buat bangun negeri ini.,0,2026-04-09T17:46:24Z
@kakekcabul-b9o,ini yg TKO pilpres kemaren ya😂,0,2026-04-09T17:43:14Z
@adesaputrasimanjuntak2764,Mahfud kehilangan arah.. Dia hanya mersa sensitif dan kehilanhan arah.. Anda mengkritik dan skrang anda di kritik,0,2026-04-09T17:38:23Z
@dimed3591,Jelas itu ajakan makar,0,2026-04-09T17:31:00Z
@yunanyunan6597,❤,0,2026-04-09T17:14:26Z
@IsWiranto-u3w,KEGAGALAN JANJI DAN MENGGEBU TANPA PEDULI  RAKYAT PENUH PROGRAM YANG MLENCENG,0,2026-04-09T17:11:09Z
@aikoyunichi-m7g,"Kalau Indonesia dimata Prabowo saya nggak tau tapi kalau Indonesia ditangan Prabowo hancurlah kalau nggak berubah, contoh gampangnya masuk BoP, MBG, Kopdes Merah Putih dll..",0,2026-04-09T17:06:40Z
@Maluddin-x6z,Sabarla Prof Mahfud Tunggu Hungga 2029.,0,2026-04-09T17:00:15Z
@aepsaepullah92,Sy setuju pak Mahpud!!!,0,2026-04-09T16:57:22Z
@ahmadilyas9925,"mantap pak mahfud, semoga anda tetap di luar pemerintahan pak,",0,2026-04-09T16:56:45Z
@saikhon-jx1yy,Tak kandakno mahfud MD Adeke Toni.,0,2026-04-09T16:34:32Z
@crisduijo7802,"Prof.. Saya bukan pendukung pak Prabowo..
Tapi Prof..apabila Pak Prabowo turun yang gantiin apa gak lebih bahaya? 

Saya kok ndak rela to Prof kalo bangsa sebesar ini harus chaos dan kena reset lagi ketika dunia sedang genting, 98 sudah cukup lah kita kehilangan aset² strategis bangsa. 

Saya harap kita tidak grusa-grusu dan memetakan postur global saat ini dengan lebih bijak demi bangsa Indonesia.",0,2026-04-09T16:33:55Z
@aroelst007,Keren pak. Saya sangat prihatin dg MBG. Fakta dilapangan mbg banyak keluhan.,0,2026-04-09T16:29:49Z
@putrifebby467,"Berarti pak Mahfud menyetujui terjadinya kekacauan, 
Apakah ini tujuan?",0,2026-04-09T16:24:39Z
@ahmadsubur5493,Selama ada jokowi dan kapolri Prabowo gk bisa apa apa,0,2026-04-09T16:22:20Z
@TentangCara,Prabowo Vs Mulutnya Sendiri,0,2026-04-09T16:20:15Z
@DonniNafandi,Top markotop pak Mahfud 👍..sehat selalu buat pak Mahfud 🤲💪,51,2026-04-09T16:08:48Z
@SupandiSupandi-x4s,"Prabowo hanya kerangka, mesinya jkw😊",0,2026-04-09T16:04:52Z
@ngawurtv5846,Kesalahan pak prabowo yaitu dia tidak ikut arus koruptor dan menganti mentri keuangan jika mentri keuangan tetap yang dulu pasti aman,0,2026-04-09T15:55:37Z
@SupandiSupandi-x4s,"Berarti prabowo terbukti omon2 kebalik jadi meong, karena sdh di racun oleh jkw",0,2026-04-09T15:54:27Z
@papillonamm7626,"Muak dengan DPR,  masalah anggaran puluhan milyar di masalahkan. Anggaran puluhan triliun diam seribu bahasa, 
PS melanggar UU, DPR diam.... 
Parah..",0,2026-04-09T15:48:13Z
@JaKa-l1x5r,"Sejak dulu saya kagum sama intelek handal,berani,jujur,benar,dari madura, di era pak jokowi dipertahankan sampai 2kali, jaga dan teladani tokoh negarawan pinter seperti dia ,🙏",0,2026-04-09T15:46:36Z
@LukmanHakim-u5i3u,Mundur dari hongkong malah kalau bisa seumur hidup jadi presidennya,0,2026-04-09T15:46:18Z
@HandiSaputra-e1j,"Kalo di kata kan melawan pemerintah itu gimana konsep nya?
Kalo mengritik di dasari melawan pemerintah negara salah juga.. kalo ini negara Indonesia milik bersama seharusnya bukan mengkritik tapi membantu support untuk membangun negara",0,2026-04-09T15:45:45Z
@HeriHeri-h1q,"Berdiri di atas emas 
berjalan tanpa alas",0,2026-04-09T15:42:12Z
@anisangongoloy-o2y7c,Kacau negara ini kalo banyak orang yg kritik tapi terlalu jauh sampai mau mengguling KA n presiden yg sah,0,2026-04-09T15:39:14Z
@udinhermawan9265,Terus Prof suara Prof adalah representatif rakyat di bawah❤❤❤,37,2026-04-09T15:38:47Z
@totojulianto6719,Kritikan yg sangat objektif. Selalu mengagumi ide dan kritikan prof Mahfud MD.,0,2026-04-09T15:38:33Z
@YudhaHafidz-p2n,"Kalo saya sebagai rakyat biasa berpendapat p.prabowo lebih baik ngadopsi Suharto pake tangan besi untk memimpin. orang ribut tiap hari apapun alasannya ujungnya cari kekuasaan .
Kalo ada yg provokator , ajakan² berdemo ,mengajak turunkan presiden Prabowo tangkap kalo perlu asingkan di Nusakambangan buat rakyat kecil gak masalah.",0,2026-04-09T15:36:09Z
@EkoSetyadi-m2h,Coba kalau pak Mahfud di posisi bpk Prabowo,0,2026-04-09T15:32:58Z
@bobobot77,Yang menentukan calon presiden siapa sih? Aneh memang demokrasi ini. Rakyat disuruh milih gunanya apa?,0,2026-04-09T15:27:39Z
@antosolder5353,Keliatan kesel bgt pak Mahfud,0,2026-04-09T15:26:58Z
@Heriyatmoko-y8y,Belajar dr pengalaman pahit..dulu setelah lewatnya jmn presiden Soeharto..ada presiden berhenti bkn karna Sdh selesai masa jabatannya tp karna di Lengserkan..dan setelahnya pemerintahan berjalan lama  apa presiden penggantinya bisa memenuhi ke inginan rakyat bisa LBH baik merubah keadaan ekonomi dll....ternyata yg terjadi...,0,2026-04-09T15:25:57Z
@maestroiuzallen1289,Prabowo tidak amanah karena tidak bisa pertahankan NKRI sebagai negara non-blok 🥸🥸🥸,0,2026-04-09T15:24:18Z
@sitimunjaenah5910,Prabowo nggak usah dilengserkan..MBG nya aja yg ditutup,0,2026-04-09T15:24:01Z
@bagassetiawan438,Pakk bahas polisi yg di mutasi gara² mengungkap kasus korupsi dan sekarang ia memilih mundur dan berjualan kopi.,0,2026-04-09T15:21:36Z
@fajarkurniawan9818,"Mirip Donal tramp ya ... Omongannya bertolak belakang,apa emang umur segitu...masa masanya bgtu ya....

Tp saya lihat niat dia bagus....salahnya dia terlalu percaya sama bawahan ...",0,2026-04-09T15:20:55Z
@79085,"Btw itu Menkopolhukam yang baru habis dilantik kok ilang ditelan bumi ya, blas gak ada muncul.
Ada ancaman global gak muncul, ada gangguan di dalam jg gak muncul. Ealah",0,2026-04-09T15:14:53Z
@wiratrinurula.k2216,Presiden....Melanggar konstitusi.menang krn Rekayasa pemilu 2024..dl SLL pilih Prabowo...kok.skrg malah takut dg geng🙏,0,2026-04-09T15:14:29Z
@rizkimf2992,Prabowo rajanya omon²,0,2026-04-09T15:13:45Z
@johannesmatahelemual5995,bruce willis the host,0,2026-04-09T15:12:06Z
@netizenmahbebas6667,"Dlm sejarah Indonesia 
Kpmimpinan 
Pak Jokowi adalah yg terbaik trkuat dan terhebat 
No debat",3,2026-04-09T15:09:56Z
@Jasman11-z5z,Sayang bila mana pak Mahfud MD masuk dalam pemerintahan sering lupa dan beda realitanya,0,2026-04-09T15:05:52Z
@NomoNuansa,Teori dan praktek beda,0,2026-04-09T15:05:07Z
@BaseriMadumar-rj3yr,Kami rakyat berharap KPD presiden pak Prabowo segeralah sah kan UU prampasan aset.,0,2026-04-09T15:04:12Z
@madsalim-jq5cm,"Halo pak mahfud sdh dikerjakan belum ketika dikasih tugas oleh prabowo sebagai org yg dipercaya utk melakukan tugas repormasi polisi, kok belum keliatan hasilnya, sy sadar bahwa saudara bekas lawan politik, ketika penyampaiannya kok lebih mendukung org org yg mau ganggu negara.",0,2026-04-09T15:03:56Z
@brilliandchannel3930,"Makar kalau presidenya waras.
Kalau gila wajib dan syah",0,2026-04-09T15:03:43Z
@SRIUJIATIUJIATI,Makfud  orang plin plan karena terkalah dlm pilpres. Apa yg hancur rakyat  bawa tambah makmur . Wes pak  ambil dan nikmati sendiri ilmu nya  tidak bermanfaat bagi rakyat banyak .,0,2026-04-09T14:59:54Z
@bizigganteng6376,"Kasian makpud gk dikasih jabatan ngomel2 trs.
Kemaren pas makpud ada di dlm pemerintahan bnyk bgt tuh kebijakan2 pak Jokowi yg merugikan rakyat, tp makpud diam saja.",0,2026-04-09T14:59:28Z
@bardiyonoblora9076,Masak presiden syah diminta memenuhi permintaan orang omon-omon nya si saeful mujani yang mengarah ke penghasutan dia sebaiknya segera move on dari kekalahan pilpres!,0,2026-04-09T14:56:21Z
@madsalim-jq5cm,"Keinginan rakyat segera basmi koruptor  basmi mapia ilegal, dan perhatikan rakyat  ini sdh dijalankan oleh prabowo, coba saudara sadar jaman jokowi mana korupsi dibasmi, halo mahfud klu menurut sy saudara sebagai tokoh coba berikan edukasi yg membangun.",0,2026-04-09T14:54:16Z
@bardiyonoblora9076,Saeful mujani itu termasuk penghasutan terhadap publik jadi pantas untuk di suspended supaya tidak asal bunyi narasinya.,0,2026-04-09T14:51:07Z
@MikChtz,Menkeu sekarang udah menciut nyalinya Tertekan dia sepertinya Purbaya sudah pura2 tidak  tahu Ada pembelian Molis BGN😃😃😃😇😇😇😇,0,2026-04-09T14:50:45Z
@ilhamsaputramayoro6608,😂,0,2026-04-09T14:49:40Z
@hendrikusmadokiti-de6xp,"Kepemimpinan  Prabowo  selaku Kepala  Pemerintahan, atau Sistem  Presidensil, Gaya Kepemimpinan  dalam Politik Demokrasi,  sementara sebagai Kepala negara  gaya Kepemimpinan  ada Politik hukum.",0,2026-04-09T14:45:46Z
@arsjtk9304,"Bapak ini mulai provokasi,,sabar toh Pak,,kompetisi lg 2029 ya..",0,2026-04-09T14:44:55Z
@endangrahayu709,"Banyak yg mengkritik krn gak bener , sepertinya bukan berubah tp  tambah  amburadul  tambah rusak sejak RI yg kd 7",0,2026-04-09T14:43:49Z
@madsalim-jq5cm,"Acara halal bihalal yg dilakukan oleh sekelompok org org yg tdk bermanfaat buat bangsa ini, yg jelas mereka semua sdh menjadi bagian ternak asing yg tdk mau negara indonesia maju, dan kelompok tersebut bagian dr org yg kalah dlm capres yg didukung, maka nya org org yg rusak diindonesia sdh tdk ada jiwa bernegara tp jiwa pengacau negara.",0,2026-04-09T14:40:37Z
@sm0506,Atas impor mobil DPR harus segera bersikap dan pemgimpornya periksa KPK/kejaksaan sesegera mungkin jangan  berlarut2.,0,2026-04-09T14:38:03Z
@JokoRiyanto-h6i,Setuju Prabowo di lengser kan,0,2026-04-09T14:37:36Z
@AchanGiok,Mahfud MD sudah dia bersinar lagi redup,0,2026-04-09T14:34:07Z
@ShaehaTullah,Mengingatkan pemerintah ketika salah adalah langkah terhormat sekalipun pahit,49,2026-04-09T14:28:22Z
@elina.setiatielina.setiati,"Sehat selalu pa mahfuz, suarakan terus kebenatan",0,2026-04-09T14:25:44Z
@lodonhdi591,Ayo pk mahfud benahi negRa ini,0,2026-04-09T14:20:55Z
@Amandaa-c1v,"😢lu mahfud koplak , o rang jelas jelas makar lu bela, rakyat aman aman aja , orang bersukurnya  kok nggak ada.",0,2026-04-09T14:20:16Z
@Suaradaridesa,"Di pemerintahan ini karena tidak ada nampak oposisi maka yang jadi oposisi rakyat, rakyat yang bersuara mengkritik, mempertanyakan kebijakan termasuk mobil pik up 105 ribu dari India dan tambah lagi terbaru heboh, iya itu motor listrik harga nya puluhan juta per unit jumlah nya buanyak sekali puluhan ribu jugak, disisi lain pemerintah sering ngomong efisiensi, efisensi kok hambur hambur uang pajak rakyat saat kondisi global tidak baik baik saja termasuk dalam negeri. Jujur aku pribadi awal berharap besar kepada pak Prabowo, akhir akhir ini aku dikit pun tak tertarik mendengar omongan pejabat negara, alasan buanyak salah satu nya banyak kerap blunder dll.
Tu dari saya, kurang lebih nya ... wassalam",0,2026-04-09T14:20:11Z
@SaPut-vr5ch,"Percumah rakyat mengritik .
Ga bakal di dengerin .?antek"" asing.😂",0,2026-04-09T14:19:44Z
@marlenaika6850,"Terimakasih pak Mahfud.. anda telah menyuarakan isi hati kami semua, rakyat Indonesia yang kecewa dengan pemerintahan sekarang.",0,2026-04-09T14:13:08Z
@ragenahblaz228,"dulu di UUD45 ps34 bilang fakir miskin dan anak telantar dipelihara negara.
kayaknya hrs direvisi lagi krn faktanya oligarki dan koruptor dipelihara negara",0,2026-04-09T14:09:58Z
@yahdi3787,"mungkin dia lupa ingatan kali Pak Mahfud, jadi musti diingatkan kembali dan atau dia harus dibacakan lagi untuk bukunya sendiri, atau dikasih video untuk dia denger sendiri.",0,2026-04-09T14:09:52Z
@cimeti.r9712,Rakyat sudah pada susah....bosss,0,2026-04-09T14:08:47Z
@chaeriyahakib9922,Penjelasan bpk dangat dibutuhkan saatt sekarang..dimana banyak rakyat bingin thdp langkah2 pak Prabowo.Smg banyak yg mendengar.Smg pemerintahan pak Prabowo ssuwai dg harapan2 bpk.,0,2026-04-09T14:07:35Z
@AkuSaya-t1y,"Indonesia akan hancur klo prabawo presidennya,kt bang deni Siregar.",0,2026-04-09T14:07:29Z
@usmanmasud8762,menurut saya siapa saja yang.bikin gaduh negara.itu namanya makar harus di hukum kalau.memang tidak suka dg pemerintahan pak Prabowo beri solusi,0,2026-04-09T14:05:32Z
@ariessusanti2094,kondisi negara awut awutan sejak rezim jokowi dan rezim prabowo makin hancur,0,2026-04-09T14:01:44Z
@MadHapi-q7i,Pak Prabowo Uda merasa  benar dengan adanya MBG  padahal  dengan adanya cumak menambah beban masarakat contoh di Jember gas LPG langkah dan harganya mahal . Karena di borong Ama dapur mbg . Apalagi MBGnya berantakan bukan nambah gizi anak kecil kasih makan barang basi,0,2026-04-09T14:00:50Z
@bapanabapana8327,pak mahpud MD beliau ngrtiin apa dan kenapa keresahan masarakat Indonesia👍,0,2026-04-09T13:53:08Z
@MarthasigarMartha,Mantap pak Mahfud MD 🙏👍👍👍,0,2026-04-09T13:49:36Z
@Footballsepak,"ide prabowo udah bagus, tapi masih proses gda yang kaya makan cabe langsung kerasa pas pertama gigit, belum setengah jalan  prabowo memimpin tapi ide dan gagasan nya udah bagus, intinya sebagai rakyat harus percaya sama pemimpin nya harus berkhusnuzon 😊😊😊😊",0,2026-04-09T13:46:13Z
@bundamotor,"I love pak P, MAHPUD MD",0,2026-04-09T13:42:03Z
@taufanhimanp4332,orang pintar sekali ya pak mahpud sehat terus orang2  pintar kaya beliau,17,2026-04-09T13:41:57Z
@sigitariseta1521,Di sini menjadi terbuka pikiran kita seluas puasnya,1,2026-04-09T13:39:36Z
@jhonboykicau319,Pak mahfud orang cerdas jujur dan berani cuma kurang nekat...aja,0,2026-04-09T13:37:09Z
@darmawan_sapayona,"Sehat selalu pak. 
Semoga tetap selalu jadi negarawan sejati. Bapak bangsa yng selalu dihormati dihargai dan di kagumi seluruh rakyat.",0,2026-04-09T13:36:03Z
@nafisamel,seandainya mamfuds jadi menteri mungkin lain lagi jawabannya,0,2026-04-09T13:35:49Z
@bebudak-v5l,Susah kalau mau mengikuti persepsi masing masing semua....semua orang punya persepsi....,0,2026-04-09T13:32:39Z
@baihaqiazhar137,"Parah Prabowo,bisa ngomong,tdk bisa melaksanakan.bagaimana bisa memimpin.nasib jd org indo.",0,2026-04-09T13:31:19Z
@SyahrilMandaro,BPK Mahpud klau dia bicara saya senang mndengar nya orang nya Alim jujur,13,2026-04-09T13:30:09Z
@AbdulRohman-u7r,Ya pak. Masalahnya pemimpin negri ini gak mau di kritik,0,2026-04-09T13:24:53Z
@Ujie2024,MAKAR  SI SAIFUL  MAHPUD. KALAH. FILPRES.,0,2026-04-09T13:24:27Z
@zaenalpml2386,Karena rakyatnya lebih pintar dr DPR nya,0,2026-04-09T13:21:01Z
@mohamadnurrowi4366,"pak prabowo bacaan nya apa yah/ apakah seperti ini beliau lihat juga..  apa hoby baca komik juga//  ""bertanya dengan nada bercanda!!!"" ;-)",0,2026-04-09T13:20:49Z
@supendicbn211,Mengenai MBG bagusnya dikasihkan uangnya saja demi kesejahtraan yang diberi makan giji gratis atau gratiskan dalam hal pendidikan,0,2026-04-09T13:11:03Z
@SubhanMurtadho,Kasus terorisme dan rasisme gak ada Sekarang karena pembuat nya sudah jadi penguasa😂😂,0,2026-04-09T12:57:17Z
@Jarkoni-x9o,"Kalau PS bisa membuang jauh jauh program jkw dan menyingkirkan kroninya (termul oligarki) dari pemerintahan sekarang, mungkin program PS bisa berjalan.",0,2026-04-09T12:53:19Z
@supendicbn211,"Penjelasan bapak Prof Mahpud MD itu jelas dan bisa dipahami , terang benderang,  berdasar sesuai dengan aturan yang berlaku.",2,2026-04-09T12:52:04Z
@DedySiman,inilah sifat rakyat Indonesia taunya mengkritik pemerintah..    sok sok an pandai.  padahal kepandaian hanya sekedar di tempurung lutut karna semuanya gila kuasa .  cuba kalian jadi pemimpin boleh tak..... jgn jgn negara semakin buruk,0,2026-04-09T12:51:50Z
@rinawarman7958,"Sabar pa mahfud , ga bisa semuanya dipenuhi pada wakru yg sama , saya rasa pa prabowo juga punya perhatian terhadap kritik , yg bilang makar itu kan bukan prabowo  .",0,2026-04-09T12:50:33Z
@kirdnehives,"Sy dukung prabowo, tp sy menolak cara pengelolaan MBG.

Bahwa benar ada banyak anak dr keluarga miskin yg terbantu oleh MBG, tp tidak semua anak dr keluarga miskin.
Belum lagi setiap hari ada saja murid yg tdak masuk sekolah, entah karna sakit dan lain2, tp jumlah makan siang yg diterima sekolah ttp sama. Mubazir!

Andaikan Prabowo menyalurkannya langsung ke orang tua siswa, dengan catatan diberikan pling banyak kepada 2 anak dalam 1 kk/rumah. Pemberiannya pun selektif kpd keluarga menengah ke bawah. 
Trus gimana cara ngawasinnya? Gampang, suruh aja bw bekal. Pengawasannya langsung oleh guru d sekolah. Jika porsi atau makanan yg anak bawa dengan parameter trtentu dianggap kurang layak, diberi peringatan dan bila terulang, ya cabut bantuannya. Ga perlu lg gaji  penyedia atau petugas MBG yg saya lihat amburadul dan pborosan.

Itu namanya mengadminstrasi keadilan sosial, bukan serampangan.",0,2026-04-09T12:46:44Z
@cokelatisep,"Menguliti dan menelanjangi seorang Prabowo Subianto lewat bukunya sendiri.
Cerdas memang, Prof!❤",0,2026-04-09T12:44:47Z
@MasMaksum-nd3ul,udh mundur aja bikin malu purnawirawan aja!!!,0,2026-04-09T12:44:17Z
@yusrimelon734,Gas TERUS dan tetap  TERANG berderang agar rakyat paham...,7,2026-04-09T12:43:31Z
@DaryantoPlanjan,Saya mau pak wowo mundur gk ada pendirian bangsa yg kosisten sesuai istitusi negara.,0,2026-04-09T12:39:12Z
@bambangsugeng9718,oke pak,0,2026-04-09T12:39:09Z
@arifuddinamir233,"Mengajak orang untuk menjatuhkan Presiden itu awal mula MAKAR,,😅
Tidak ada Pemerintah yang dijatuhkan diluar konstitusi kecuali pemerintah berikutnya lebih buruk,,, Soekarno, dijatuhkan, Soeharto dijatuhkan,Repormasi menciptakan koruptor lebih parah😅",0,2026-04-09T12:37:51Z
@KarenIna-k3r,MBG mnjadi Julang Tinggi walaupun Tidak suka rakyat . Bangunan2 Gedung2 Tempat SPPG  Semangkin Dubur Tumbuh banyak membangun demi MBG PRABOWO .,0,2026-04-09T12:36:54Z
@f-riyariyah-7611,"oh oh ternyata dari dulu omon"" pak wowo setelah kepili dan jadi president bulshet semua omongannya😮😮😮😮",0,2026-04-09T12:35:01Z
@fluppy_undut,"*HIDUP SESUAI JAMAN* …!!!
*KEDIKTATORAN SUHARTO 80% SUDAH TIDAK BISA DITERAPKAN* ….
*TAPI “STRATEGI MAUT” NYA MASIH BISA KAAAAAN* ….????🤭🤭🤭

*SATU SATU NYA “POWER” UNTUK MEMPERTAHANKAN KEKUASAAN ADALAH “ELEKTORAL”* …..!!!!

*”MEMBUAT “KEBIJAKAN BANCAKAN” BUKANKAH MEMPERKUAT DAN MEMPERTEGUH LOYALITAS*
*YANG BERAKIBAT KUAT JUGA PADA “KEDUDUKAN BELIAU”* ….???

*APAKAH “MBG” BUKAN PROGRAM BANCAKAN* …??? 😂😂

*APAKAH KEBIJAKAN “ETHANOL 10%” PADA BENSIN BUKAN PROGRAM BANCAKAN* …..???😂😂😂😂

*APAKAH “WAJIB HALAL” BUKAN PROGRAM BANCAKAN* …???

*APAKAH “ROYALTY LAGU” BERLAKU SELURUH INDONESIA BUKAN PROGRAM BANCAKAN ( SAMPAI SUARA BURUNG WAJIB BAYAR )* ….???

😂😂😂😂😂😂😂😂😂😂😂😂😂😂😂😂😂😂😂😂😂😂😂😂😂😂😂😂

*MELEK BRO , MELEK* ….!!! 😂😂😂😂",0,2026-04-09T12:33:23Z
@robertnainggolan596,Ini negara yg pemerintahnya tdk peduli dgn penderitaan rakyatnya yg sdg kesulitan.,0,2026-04-09T12:33:21Z
@Obeobe-y6c,"Banyak x minyaknya ,dulu masa kampanye wapres doanya terhadap bangsa israel macam mana? Kadrunkan",0,2026-04-09T12:28:20Z
@JekipribadiJeki,"Yang ribut hanya di atas😂😂😂😂 tapi rakyat biasa biasa"" Saja",0,2026-04-09T12:27:57Z
@supraptoabihay3666,"La saiki gari tuntuten prabowo,dia sekarang jadi kuasa pemegang penentu dg segala apa yg dia ucapkan yg sangat jelas.",0,2026-04-09T12:26:20Z
@MurniIndra-c3h,Benar pak makfut,0,2026-04-09T12:24:06Z
@Madewirta,"sangat sepakat dan mendukung apa yg diuraikan oleh bapak mahmud , sangat lugas, jelas , trnsparan dan apa adanya dg perjalanan pemerintaan yg amburadul...",0,2026-04-09T12:22:00Z
@Pardi-lf6dm,S mahpud tu sakit hati karena klh d pilpres makanya dukung s mujani,0,2026-04-09T12:20:59Z
@ahmadlubis5314,"PAK MAHFUD, SEBAIKNYA BAPK MENJADI UJUNG TOMBAK PERUBAHAN REPUBLIK YG SAMA2 KITA CINTAI.DPR TDK ISA DIHARAPKAN LAGI KRN SEBAGIAN KETUMNYA SDH JADI KACUNG..PLEASE MAJU PAK ,SAMPAIKAN KE PRABOWO BANYAK SEKALJ KRPUTUSAN2 YG DIAMBIL SE OLAH2 RAJA MEMERINTAH NEGARA",0,2026-04-09T12:19:53Z
@ArisKlinven,"Hai Mahmud md, kami ini kaum petani sdh bisa menilai mana yg baik dan mana yg tdk baik janganlah memprovokasi masyarakat yg lagi terjepit, kami ini sdh menikmati hasil program presiden kita prabowo",0,2026-04-09T12:09:46Z
@antohariantonufiadi8597,Kalo saya lebih baik mundur saja jadi persiden pembohong dan melanggar hukum semua diperintahannya pak prabowo,0,2026-04-09T12:08:14Z
@JamilahJamilah-l9c,"Yg patut diminta tanggung jawab atas ketidak beresan indonesia saat ini yaa, para ketum ketum partai.
Siapapun presidennya yaa sama saja.",0,2026-04-09T12:01:20Z
@owebachmid3459,"Setuju klw pak mahfud gantikann gibran😊
Krn kami butuh wapres yg bs membantu dan menghendel dlm negeri jika pak wowo jalan2 keluar negeri😮😮😮😮",0,2026-04-09T11:59:56Z
@Muchtar-s9o,Ini harus di firalkan biar pada bangun,0,2026-04-09T11:58:14Z
@dschannel9257,"maaf Pak, menurut saya Negara bukan milik bersama, krn saya blm merasakan hal tersebut, Negara ini milik mereka yang berkuasa (elit parapolitik), sangat miris Negara ini, kalau saya dikasih kesempatan diterima di Negara luar, saya pilih diluar, lebih menjamin rakyatnya",0,2026-04-09T11:47:53Z
@WawelRoman,Sebagi mana sukarno di teruskan gusdur pak jangan pernah lelah beebicara demi indonesia ini karna banyak mereka yg g ngerti tentang indonesia,0,2026-04-09T11:43:37Z
@Razaq-w5l,"Pak Mahfud !! DPR yg tidak berfungsi sebagai wakil rakyat yg tidak berfikir ttg rakyat,jadi 2029 kemungkinan mayoritas rakyat tidak berpatisipasi dalam pemilu walaupun kpu berkoar koar untuk memilih",0,2026-04-09T11:42:28Z
@titajuwita4040,Masih termasuk barisan sakit' hati Mahpud MD karena kalah  di pemilu😊😊😊,0,2026-04-09T11:39:44Z
@BangunPamuji-f1c,"intinya gini mahfud woi, yang cocok menggantikan prabowo siapa? Setau gua ga ada fud mahfud Anis atau Ganjar atau Mahfud sendiri jauh lah indonesia tambah ancur ga becus",0,2026-04-09T11:34:29Z
@variovario9124,Oh ini yg didukung isalh,0,2026-04-09T11:32:02Z
@zonaterindah6109,apa pun yang jls grombolan sakit hati emang ya udah capek  habis uang  punya utang . gmn gak sakit nya tu disini.,0,2026-04-09T11:27:11Z
@zonaterindah6109,sok paling pinter tapi pas didalam pemerintahan diam seribu bahasa . eee sekarang ngocehhh. jujur aja sakit hati kalah nyapress gitu aja justru jujur.,1,2026-04-09T11:26:14Z
@cdboentoro129,"Terimakasih Prof Mahfud atas penjelasan dan sharing yg selalu menarik dan membuat kita prihatin juga terhadap perjuangan demokrasi, perjuangan keadilan, pemberantasan korupsi  yang masih belum di jalan yang benar. Terus berjuang menyuarakan Kebenaran dan Terus Terang memberikan feedback demi kemajuan negeri kita tercinta. Salam hangat Bapak.",0,2026-04-09T11:25:36Z
@MrsAmelia1168,Pak Mahfud join yang lain buat sesuatu. Jgn diam.,0,2026-04-09T11:24:01Z
@Candlelight2020,"lucu sekali anda mahfud dn maaf saya tdk menyebut anda prof, jika anda ada didalam kabinet pasti anda akan menyebut itu makar, sejauh ini menurut saya anda itu bermuka dua, harusnya anda sadar knpa tdk menang menjadi wapres alasannya sederhana yaitu takdir karena tuhan dan rakyat tdk mempercayai anda memimpin negara ini. ingat mahfud anda ngomong diluar pemerintahan seakan pintar, tapi ketika didalam pemerintahan anda seperti tikus imut. dulu dugaan kasus korupsi aja yg 300T yg anda gembor2kan justru yg mnyelesaikan prabowo bukan anda 😊 jngn munafik mahufd, yg namanya makar itu mengajak orang lain untuk menjatuhkan pemerintahan yg sah melalui pemilu, dan jelas2 hal yg aneh seorang profesor masa tdk mngerti demokrasi sampai mengajak orng lain mnjatuhkan presiden dngn cara kotor bkn impact? negara ini aman2 aja, BBM ga naik alhamdulilah tp knp ada aja yg ga seneng BBM ga naik ya? saya paham arti pembelaan anda ini agar si profesor makar itu tdk diproses hukum sama kaya pmbelaan anda trhdap mahasiswa yg mngirim surat ke UNICEF 😂, demi allah mahfud saya bersumpah dan saya tdk akan prnh ridho anda memimpin negara ini bhkan itu tdk akan prnh trjdi..",0,2026-04-09T11:23:38Z
@zonaterindah6109,Pass anada didalam  pemerintahan dulu kenapa diammm kang sekarang kok baru ngocehhh,0,2026-04-09T11:23:20Z
@MrsAmelia1168,Cm Janji dan penuh dusta😭😭,0,2026-04-09T11:22:31Z
@rizalmuma8777,Sehat  selalu  panjang  umurnya prof mahfud MD,1,2026-04-09T11:22:18Z
@firdaahwayudin,2029 pak mahfud maju pilpres buat lawan prabowo,0,2026-04-09T11:20:01Z
@NaryotoTambakrejo,Haha,0,2026-04-09T11:19:25Z
@SubarNo-b2m,Wajah tokoh yg tidak laku jadi presiden bida berkomentar karena tidak punya jabatan apa,0,2026-04-09T11:05:25Z
@jekichean3382,Lain cerita kalo kemaren dia sama Ganjar yang jadi menang pemilu. Jadi Mentri Jokowi muji Jokowi jadi wakil Ganjar serang Jokowi 😅😂😂. Susah kalo ngadepin orang lapar jabatan,0,2026-04-09T11:02:43Z
@UdinKomarudin-re6vr,"Ngaku tokoh yg gak ada kerjaan masuk ke tokoh sakit hati , malah jadi kompor ,,, jadilah tokoh yg menyejukan buat masyaralat",0,2026-04-09T11:01:51Z
@UdinKomarudin-re6vr,"Mahpud kaya bukan bekas orang pemerintahan saja , omonganya sok paling pintar dgn koar"" banyak omong malah masyarakat resah ,",0,2026-04-09T10:59:00Z
@wiyadiwiyadi3629,Jiwa nya msih skit.....terserah ap katamu .....,0,2026-04-09T10:54:25Z
@agungfallupy7024,𝙒𝙤𝙬𝙤: 2030 𝙄𝙣𝙙𝙤𝙣𝙚𝙨𝙞𝙖 𝙗𝙪𝙗𝙖𝙧....???!!!!,0,2026-04-09T10:52:00Z
@suzuki1998-s1n,Minta mundur itu bukan makar. Yg bisa menilai kinerja seorang  pemimpin ya masyarakat  diluar penguasa. Penjilat ya tdk bisa menilai.,0,2026-04-09T10:50:25Z
@nurnuripah4858,setuju pencopotan gibran dan prabowo,0,2026-04-09T10:50:09Z
@valenskusbianto5622,"Idola saya, Pak. Mahfud. Semoga senantiasa sehat Pak. Tetaplah netral dan senantiasa menjadi garda penjaga NKRI, Pak",0,2026-04-09T10:50:08Z
@dhonira2454,"Dari dulu sampe sekarang sya suka dengan pandangan prof MD ❤❤, SHT SELALU, 2029, Indonesia BISA",0,2026-04-09T10:50:04Z
@siprianusdoni4818,Jgn hanya kritik presiden aja pa  klau BP mahfud orang yg peduli masarakat kecil ayo sama2 bantu pemerinta biar bisa maju rakyat kecil🙏,0,2026-04-09T10:32:24Z
@suhartonobinsuwata,"Terima kasih Pak Mahfud, Allahu Akbar Allahu Akbar Allahu Akbar tegakkan kebenaran kebenaran dan keadilan di negeri ini, Subhanallah",0,2026-04-09T10:27:21Z
@SalmaHabsi-yn3qq,"Baru kali ini saya lihat presiden kayak gitu jjur saya pemilih Prabowo. Dan saya nyesel udah milih dia.
Dia GK mau di kritik kayaknya dan hanya  jago bidato aja.",0,2026-04-09T10:23:17Z
@Alfiand-u9c,Jika bapak Mahfud MD di pasangkan dengan calon presiden yang layak di tahun 2029 maka saya siap memilihnya,0,2026-04-09T10:22:03Z
@ramadanbagusMaulana,"Assalamualaikum saya kelurga Besar panda wa 5  siap menjaga negeri Indonesia dansiap menjaga kabinet merah putih dan keluarga besar Gerindra termasuk 
 BP haji' jendral Prabowo Subianto dan TNI ❤❤❤❤❤",0,2026-04-09T10:19:46Z
@srijaya6914,"Ngeri buku nya,,,!¡ Tapi syang tidak pas dengan kenyataan.😂😂😂",0,2026-04-09T10:18:32Z
@SabichisMudzakir-h1x,Memang wowo itu hanya omon omon,0,2026-04-09T10:16:30Z
@ramadanbagusMaulana,Assalamualaikum BP Mahmud MD kalian tokoh bangsa jadi jangan sama kan bahasa Akademisi dan bahasa kampungan menurut saya Saipul Mujani itu bahasanya adu DOMBA PROPOKATOR  mah mud harus yang sejuk kalau bicara' bukan keritik yang sejuk  mah mud ngga usah terlalu di percaya dia orang yang k o yang telak kalah di pilpres.... Buat saya Mahmud kalau ngga di pake sama pemerintahan ngomong nya ngga bisa jadi negara WAN...... Ati ati musuh dalam selimut ati ati 1965..... Anis kalah omongan nya jadi oposisi Ganjar kalah omongan jadi oposisi....jadi baru satu tahun. Setengah kabinet merah putih.... Kropsi koruptor trilyunan para penjabat sudah salah tingkah.... Mahmud Jangan sok pinter kamu manusiawi biasa.....jadilah negara WAN sejuk buat bangsadan negara yang makmur ❤❤❤❤❤BP haji jendral Prabowo Subianto dan kabinet merah putih,0,2026-04-09T10:15:47Z
@SolehUdin-u3q,UU perampasan aset susah banget disahkan kenapa cobak trus alasannya apa kok gak disah2kan..,0,2026-04-09T10:11:37Z
@andriludwikoro6427,Keren... membandingkan apa yg dikatakan (buku) dengan apa yg dilakukan 😂,5,2026-04-09T10:10:00Z
@PakSadi-w5h1p,Sesama anak bangsa saling supot .,0,2026-04-09T10:08:45Z
@PakSadi-w5h1p,Bangunlah  bangsanya .,0,2026-04-09T10:07:55Z
@AhmadFikri-sm8zv,"Maaf sebelumnya, emang kata2mujani itu bukan makar, menurut saya itu baru rencana untuk makar, karena yang namanya makar perkataan yang di bareng perbuatan.",2,2026-04-09T10:06:27Z
@sujanmosusilo8898,Kritik dan saran dapat membantu pemerintah memperbaiki pemerintahan,0,2026-04-09T10:06:21Z
@manatapadvent2582,Ya intinya perbaiki kualitas pemerintahan agar ancaman makar bisa mereda sendirinya,0,2026-04-09T10:03:03Z
@RiandiAndi-u2z,"Sesakit itu kah kalah pilpres ya pak Mahfud,, izin bertanya pak Mahfud,, jika ingin menjatuhkan presiden pilihan rakyat sah secara konstitusional demokrasi itu bukannya melanggar hak rakyat mayoritas,,?",0,2026-04-09T10:00:08Z
@arvand26,"Saat anda berkuasa dng JKW lebih otoriter. bahkan banyak kasus dan korupsi, mafia berkeliaran. sekarang anda mengkeritik pemerintah dng rating kepuasan yg tertinggi. Sadar diri pak.",0,2026-04-09T09:59:25Z
@SubarNo-b2m,Mahmud pecundang bila tidak punya kekuasannya bila punya kuasa diam,0,2026-04-09T09:57:18Z
@atokprawito4626,"Buku prabowo yg dibuat itu berarti hanya cuman omon"".",0,2026-04-09T09:55:48Z
@Avri_09,"Mahmud itu koar² kalau gak punya jabatan, kalau di kasih jabatan juga diam 😅😅😅",1,2026-04-09T09:52:26Z
@wandisuwandi1079,"NKRI sampai kiamat akan ribut terus rakyat di bikin miskin Krn yg pegang kekuasaan para mafia jahat berhati otak kotor PG rakus yg di jamin ngga akan mati,kalo mati pun di jamin msk surga Krn kyai/pendeta pun siap mendoakan Krn nanti SDH stroke cukup tinggal ngasih suap lewat yayasan wakaf dan yg serupa terus tinggal panggil yayasan yatim piatu biar yg sakit cepat sembuh matipun di jamin msk surga Krn utk bisa kuasai yg ada di NKRI hrs dan wajib banyak uang",0,2026-04-09T09:51:05Z
@HenryBakry,yang bikin rusuh itu...karena dpr ga berfungsi dengan benar dan bersih,0,2026-04-09T09:50:53Z
@trimediadatasave,"sAIFUL mUJANI dulu konsultan nya ganjar mahfud, jd sdh pas klw pak mahfud membela saiful mujani",0,2026-04-09T09:50:10Z
@SugiantoAja-q2e,"ITU TEORI, PRAKTEKNYA TAK SEMUDAH ITU PAK....",0,2026-04-09T09:45:42Z
@ANDELIMAN,"Itu kan bukunya sebelum jadi Presiden pak. Kita tunggu bukunya setelah jadi presiden... Bukankah sudah menjadi hal yg biasa di negri ini?.? Idealisme bergaung ketika kursi belum di dapat, dan hilang ketika sudah duduk di kursi tsb?",0,2026-04-09T09:38:25Z
@HendraWidhiatmaka,"Ini Bicara apa Sih, Politik ?
atau Kebijakan Pemerintah yg Pro Rakyat ?

Yang dikritik itu Masalah apa ?
Jangan memprovokasi Rakyat untuk terlibat Politik untuk melawan semua Kebijakan Bpk. Prabowo yg Pro Rakyat dan untuk Bangsa Negara.

Apakah Pemerintah ada melakukan Pelanggaran Undang undang atau Konstitusi dalam menjalankan Kebijakan ?

Koreksi Pak, yang kumpul kumpul diHutan kayu itu bukan Orang itu semua Iblis yang ingin Rakyat Sengsara dan mungkin juga mereka bagian dari Koruptor yang anti Kemapanan.

Yang pasti saat ini Geopolitik dan Ekonomi dunia sedang carut marut tetapi Pemerintah masih bertahan dan tetap untuk bersikap untuk kepentingan Rakyat agar tidak merasakan dampak menjadi berat untuk menjalani hidup dalam situasi Ekonomi yg sulit dan tdk pasti.

Urusan UU Perampasan Asset Koruptor yang harus menjadi perhatian Rakyat untuk mendesak segera diUndangkan dan Semua Politisi dan Keroni atau Saudaranya yg Bejad dan Haram Jadah turut melakukan Korupsi segera Bertobat mau menyerahkan Asset hasil Korupsinya.",0,2026-04-09T09:32:15Z
@juharitinju6796,KALAU PERBUATSN BAIK MANUSIA SUDAH PERINTAH ALLAH DAN PEFBYATAN JAHAT ATAU SALAH DI HARAM KAN.,0,2026-04-09T09:30:34Z
@YuasJuk-y3r,👍😎,0,2026-04-09T09:27:12Z
@FidaAtila,Nurok tak laten gun remagerre tak ekening gebei gele. Keras tak akeris. Omon omon.,0,2026-04-09T09:21:42Z
@ksntridaya4267,DPR maaf maaf TDK manfaat,0,2026-04-09T09:15:11Z
@lyq232,Artinya apa? Dari awal Reformasi itu inkonstitusional,0,2026-04-09T09:13:21Z
@HadiyanaRiwukaho,Bukti bhw omon2 jauuuhhhh lebih mudah drpd melaksanakannya. Realitanya justru sangat terbalik dr omongannya. Presiden dihakimi oleh omongannya sendiri. Keren prof sindirannya yg berkelas.,0,2026-04-09T09:11:46Z
@supratiknotikno8750,Betul pak Mahfud dimikebaikan bangsa indonesia,10,2026-04-09T09:09:55Z
@ErikKillmonger-w1p,Negara ini mudur perlahan bila kita mengagungkan demokrasi. Negara demokrasi menuju kehancuran. Kita perlu pemimpin  powerful yg tegas dan keras. Otoriter perlu. Lihat jabatan dibagi2 pada multi partai dan orang2 yg tidak kompeten namun dianggap 'berjasa',0,2026-04-09T09:07:24Z
@FidaAtila,Sajen tak rokarowan gun karepa dhibik.,0,2026-04-09T09:06:00Z
@Zulkarnain-o1l,"Saya sih setuju kalau Prabowo mundur.
Dia memang ""tidak mampu"" mengemban jabatan sebagai Presiden.
Kami sebagai pendukungnya aja sangat kecewa.
😒😒😒",1,2026-04-09T09:01:49Z
@KomangDarmaya-or7wu,"Narasumbernya  mantan orang yg dikalahkan PK Prabowo di pilpres ya komenya jelas pasti  mnyudutkan,masih dendam dan sakit hati",0,2026-04-09T08:58:06Z
@franzferdinand4206,org munafik,0,2026-04-09T08:52:15Z
@syafrianasiregar2899,Aku tuh ngerasa jadi rakyat bodoh d lemah lhoo...ngerti pemimpin menteri2 dpr d mprnya salah jalan tapi gak bisa apa2 dalam doa malam ku berharap ada keajaiban dari yg maha kuasa agar negeri ini berubah total dari atasan sampai bawahannya🤲,0,2026-04-09T08:35:34Z
@JofriPadang,"Prabowo mundur NKRI akan bertambah byk para koruptor. 
Jadi Indonesia rusak karena para koruptor.",0,2026-04-09T08:31:57Z
@richardusbagong9913,Kritik keras boleh boleh saja bung mahfud. Tapi kalau sudah ada niatan ( mensrea) untuk menggulingkan pemerintahan yang itu namanya MAKAR .,0,2026-04-09T08:27:23Z
@triowkwkw1551,Jangan2 yg bikin buku buka pak prabowo😮,0,2026-04-09T08:25:01Z
@NarzoNarzo-t4r,"Kalau Prabowo masih saja tidak mau mendengar kritik rakyatnya, coba bedah isi bukunya itu didepannya. Hal itu penting karena Prabowo sudah pikun.",0,2026-04-09T08:22:02Z
@princessblessy,"lidah memang tak bertulang, jari tak punya hati",0,2026-04-09T08:21:25Z
@musaichi,"Haaa. Pak harto denger kritik ?....

Iya denger kritik . Besok nya yg kritik pak harto ILANG😂😂😂

JGN AN KN KRITIK PAK HARTO. NYANYI ISI NYA PEMERINTAH KALA ITU AJA PENJARA😂😂😂",0,2026-04-09T08:12:16Z
@slametriyadi-ut8gd,"Membenturkan Pandangam Prabowo dalam bukunya dengan kenyataan  sekarang sangatlah jauh. Benar kata orang, cuma omon omon saja.",0,2026-04-09T08:11:32Z
@poniranponiran-hc4mb,Kalau yg kala ya bilangnya tdk makar jgn minta pendapat ke orang yg kala atau sakit hati,0,2026-04-09T08:09:34Z
@nurkholik7418,Pak machfud kemama pas kadi menkopolhukam,0,2026-04-09T08:07:08Z
@florentaimc8115,"Selama prabowo jadi presiden, prabowo bikin pragram apa yang spektakuler yang programnya berpihak kepada rakyat secara umum? 
Jawabnya ; ga ada",0,2026-04-09T08:06:57Z
@ekoarieadi3227,Sakit ya Sakit ! Namanya Kalah Pasti Sakit !!!,0,2026-04-09T08:06:11Z
@Januari-r3l,Makanya bpk Mahfud MD waktu nyalon presiden tidak terpilih. Karena apa yg dikatakan pak Mahfud tidak cocok cita cita para konglomerat yang ingin mengeruk kekayaan negara,0,2026-04-09T08:01:23Z
@DadanArdiansyah-flog,Masih sKit hati😂 gara2 gk jadi wapres😂😂😂,0,2026-04-09T07:59:23Z
@AjisidikSukanto,Moga prof Mahfud MD sehat selalu amiiin yra,0,2026-04-09T07:55:34Z
@achmadyanie3857,"Yang merasa orang penting , merasa layak jd pemimpin ( pdhl belum tentu berpihak pd rakyat) mulai mengeluarkan dana untuk menggoyang kepemimpinan bp. Prabowo.... 
SEMOGA FITNAHAN, KRITIKAN MEMBUAT BP. PRABOWO SEMAKIN SEHAT, SEMAKIN KUAT DEMI RAKYAT KECIL.... 
AAMIIN.....",0,2026-04-09T07:52:19Z
@MiranaArrow-p2n,"intinya Sampai kapan pun Indonesia tidak akan Menjadi Negara Maju atau Negara kaya raya yang bisa Sukses dalam segala bidang , di Karena kan apa ??
Karena Presiden indonesia tidak ada yang Punya nyali , selalu takut melangkah selalu takut ini itu terhadap Politik , Umur kalian menjabat Presiden itu sudah tua , apa yang kalian takutkan lagi sesama orang Politik ?? kalau emang Cinta tanah Air , Cinta Negri indonesia , ya sudah apa yang di minta Rakyat yang memang Benar , ikutin dan jalankan !! UU Perampasan Aset sampe tahun 2200 juga ga akan pasti SAH !!",0,2026-04-09T07:49:37Z
@GamalPasha-uj1is,Ha ha ha ini sih cara basi utk diundang istana dan presiden tau mana yg ngoceh dari suara hati dan suara dari isi perutnya😂😂😂,0,2026-04-09T07:44:37Z
@asnabaa,Wkwkwkwkkk... pak Prabowo menulis kritikan dalam bentuk buku kepada  Presiden ke 8 Republik Indonesia.. tajak dan telak! 🤣,0,2026-04-09T07:42:42Z
@Arangstambun,Prabowo anak mama dia masih merasa hidup ketika mertuanya masih berjaya jadi bisa berbuat apa saja,0,2026-04-09T07:39:59Z
@JayFishingJF27,"Padahal pak prabowo sudah menjawab
Klau yng kerja bikin jembatan selalu ada aja yng duduk tapi banyak omong nyuruh"" Tapi dia sendiri gx bisa ngasih jalan yng baik, dan gx mau melihat yng kerja sedang apa,,,, 
Paradoknya, itulah Indonesia, 
Pak mahfud gx salah
Yng salah itu yng mengkritik tapi gx ngasih solusi( contohnya Halal bihalal kmarin )",0,2026-04-09T07:39:49Z
@dedinkamaludin2242,"IBARAT SEORANG PETANI JANJI KPD ANAK ANAKNYA. SEMUA PERMINTAAN ANAKNYA AKAN DIKABULKAN NANTI BILA PANEN.
   TAPI SETELAH PANEN TERNYATA HASIL PANENNYA TIDAK MENCUKUPINYA",0,2026-04-09T07:36:49Z
@mrjoranpoh5640,Belum ada terima jabatan 😅,0,2026-04-09T07:35:25Z
@dedinkamaludin2242,ANGAN ANGAN DI UCAPKAN KARENA DIPANCING PANCING JADI JANJI JANJI,0,2026-04-09T07:31:46Z
@dedinkamaludin2242,JANJI ITU ANGAN ANGAN YANG DIUCAPKAN.. ANGAN ANGAN SANGAT GAMPANG DIUCAPKAN.  TAPI SANGAT SULIT DI PRAKTEKKAN,0,2026-04-09T07:27:56Z
@areone2264,"yg pasti saat ini yg sejahtera adlh geng SOLO, geng WOWO , pejabat2  rakus, tamak affiliasi partai politik , rakyat hanya dapat taiknya sj ...bnyk program korupsi d jalankan WOWO , org ini licik, cerdik pintar memanipulasi keadaan seakan2 mensejahterakan d lain hal dia ttp jalankan prgram MALING .... 😁🤪",0,2026-04-09T07:26:58Z
@CDK-CX,"Saya kira malaikat Jibril pun gak mampu memimpin di negara ini...dari sejarah Indonesia, presiden. Presiden sebelumnya pun gak ada bener benernya di mata para.....😂 Gimana mau maju negara ini kalo muter muter terus di seputaran beginian terus 😂.... Saya kira sudah banyak yang sudah di kerjakan presiden.. .. faktanya bisnis propaganda di negri ini sangat mengerikan...",0,2026-04-09T07:25:45Z
@juliand7830,Prabowo kek gt kok ya dipilih...,0,2026-04-09T07:24:10Z
@ASPALRATU.,"99,99% politisi akan terlihat bobrok dan rusak bagaimana sampah setelah di uji dengan jabatan",0,2026-04-09T07:24:04Z
@yayakprayitno480,Katanya pak prabowo setiap hari bangun lebih pagi buat nonton youtube.. Mungkinkah beliau nonton chanelnya pak Mahfud ini ya?,0,2026-04-09T07:19:33Z
@salamshinoby267,Gimana kampus² ngak melemah mahasiswa demo aja di siram gas air mata,0,2026-04-09T07:12:13Z
@priyosusetyo6431,"Maaf pak Mahfud,dlm halBung Karno,merebut kekuasaan dr penjajah (pemerintahan ) Belanda ,saya TDK sependapat, Krn Belanda TDK melalui pemilihan rakyat secara demokratis. Artinya Belanda melakukan hegemoni thdp bangsa lain. Jadi rancu pendapat p Mahfud dng terbentuknya suatu negara,bahwa suatu negara adalah adanya kesepakatan warga/rakyat yg membentuk negara dng segala yg termuat didalamnya.
  Lain dng makar thdp pemerintahan yg sah, yg dengan segala cara menghimpun kekuatan ,oposisi,faksi dlm negara.
  Namun bila pemerintah sdh jauh dr UUD, atau tatanan pemerintahan yg sdh disepakati/menyimpang ,mk melakukan pergantian pemerintahan ,melalui DPR,MA, yg telah menentukan kesalahan rezim,MK menurut saya bukan makar.trm ksh.",0,2026-04-09T07:11:11Z
@dedinkamaludin2242,MENCARI PRESIDEN IBARAT CARI ISTRI. .  DAPAT ISTRI SELEKTIF TERBAIK.. TAPI SETELAH DINIKAHI TERNYATA BANYAK BOROKNYA...  APAKAH HARUYDICERAI CARI LAGI ?? ATAU. PERBAIKI YANG ADA . JIKA GANTI ISTRI APA YAKIN AKAN NEMUKAN YANG LEBIH BAIK. TERUS DAN TERUS GANTI GANTI,0,2026-04-09T07:09:46Z
@FellyMamesah-f5h,"Rakyat BERDOA agar orang-orang yg ingin MENGGULINGKAN Pemerintahan RI yg SAH dipanggil menghadap ke TUHAN Yg Maha Kuasa saja. Sebab Rakyat yg PILIH Presiden Prabowo TIDAK RELA hasil Pilihan mereka DILENGSERKAN oleh org-org yg TIDAK MEMILIH Prabowo-Gibran. Bukankah Pak Mahfud ini LAWAN POLITIK Prabowo-Gibran pd Pemilu ??? Jadi, org ini SANGAT JAHAT ; tdk sportif terhadap hasil Pemilu !!!!!!!!!!!!!!!!!!!!!!!",0,2026-04-09T07:09:36Z
@AgusXpro,"Terjebak dalam investasi yg sudah diadakan .. dapur ... Omprengan ... Alat masak ... Kendaraan 


Itu akan menjadi sandungan besar jika program busuk ini diteruskan. Prabowo sudah masuk jebakan",0,2026-04-09T07:07:06Z
@KangOHanSuhana,"Ada 3 belenggu yang harus dipahami kenapa kritik dan saran itu tidak ngefek :
1. Jabatan, seorang prajurit yang punya ide secemerlang apapun tidak akan merubah keputusan seorang Jendral
2. Kekayaan, Tukang becak walaupun dia benar berlalu lintas, menegur orang yang naik mobil mewah maka tidak akan di dengar
3. seorang intelektual, kekeliruan prof yang dibantah oleh mahasiswanya, dia akan banyak argumen dan berkelit untuk mengakui kekurangannya
4. Orang yang berumur lebih tua, tidak akan mau menerima saran dan usulan dari anaknya.
jadi Netizen tolong pahami, gunakan energi anda untuk memperbaiki diri kita sendiri dulu saja .",0,2026-04-09T07:04:25Z
@dedinkamaludin2242,SIAPA PUN YANG JADI PRESIDEN PASTI AKAN DI KRITIK BAHKAN LEBIH DARI ITU ( SUKARNO DIBERHENTIKAN .SUHARTO DIREFORMASI. HABIBI DITOLAK. GUSDUR DI INPICMEN. MEGAWATI DIDEMO DIHUJAT. SBY DIHUJAT DI DEMO JOKOWI DIDEMO DIHUJAT. PRABOWO DIDEMO DIHUJAT. ) SEKALI PUN ANDA YANG JADI PRESIDEN PASTI SAMA BAHKAN LEBIH PARAH.,0,2026-04-09T06:58:25Z
@darwinaga214,Saran saya Pak  mahmud saya mohon bersstulah dengan org2 yang sedang berjuang untuk men3gakan negri ini untuk melawan rezim yang hancur2an ini. Sekarang diperlukan seorang figur untuk menyuarakan suara kita yang cinta indonesia. Jangan sampai negri ini hancur.,0,2026-04-09T06:58:15Z
@Bintoro-q4p,Setuju pak mahfud .pemimpin itu harus mau di koreksi dong .kebijakan yang kurang bagus di evaluasi dan di perbaiki dong,0,2026-04-09T06:53:10Z
@ridwanmaskur3284,Pak Mahfudz omong doang...,0,2026-04-09T06:52:52Z
@RedmiNote9-f5n,Pak tlong para menteri yg titipannya jko wi di copot semua nanti p prabowo baru kita punya jembatan masuk klu msih pakai oranya jko wi susah ingat ini,0,2026-04-09T06:46:02Z
@ezgaming88,Penonton benix yg bocil : MAKAR!! DIBAYAR SOROSSSSS,0,2026-04-09T06:41:10Z
@pariamanpurba7323,"Gak ada dasar hukum prabowo di desak mundur,,, uud perampasan aset tugas dpr,,, kalau dpr gak mampu  mendeklarasika uud tersebut bubar aja dpr ,,,bubar bubar",0,2026-04-09T06:40:20Z
@abdullah-z1w3p,"saya merasa jangan makar, tapi bersihkan jajaran yang tidak kompetibel dan tanggung jawab pekerjaan nya terhada bangsa dan rakyat. banyak kan no kontak pengaduan untuk masalah². bersihkan birokrasi yang kerja nya tidak ikhlas.. silakan bila ada yang mau menambahi 🙏",0,2026-04-09T06:33:28Z
@agusyulianto2403,Mahfud orangnya plinplan,0,2026-04-09T06:31:37Z
@fatmawati-hy1yl,Senang mendengar  pnjlasan frof mhpud salam sehat 2 selalu prof  amin,59,2026-04-09T06:27:31Z
@harrysuprapto8907,"pak Mahfud yg sy cintai, undang Refly Harun bicarakan sengkarut negara dibawah Prabowo😊",0,2026-04-09T06:20:12Z
@WiyanoAnjar,"Masuk kabinet aja prof,,,",0,2026-04-09T06:11:27Z
@taufanpribadi1705,"Pa Mahfud mau tanya : Apakah ibu Megawati jadi PRESIDEN itu dipilih KETUA MPR atau dipilih RAKYAT ? Pasti TIDAK BISA JAWAB, karena Profesor PENJILAT, KALAH PILPRES. Biar saja jadi Pengangguran sampai mati...",0,2026-04-09T06:07:58Z
@cholissetijono8259,Nek gak dadi wong pemerintahan meloki AE  peraturan pemerintah sing wis di pilih Karo rakyat nek gak setuju ketokno kinerja untuk menuju pemilu berikutnya !!!!?!?!?,0,2026-04-09T06:01:08Z
@abdulazisbeta2595,Berapa persen MBG tepat sasaran ???,0,2026-04-09T05:58:47Z
@KingJohnTube,"Hidup paling damai menurut gua, jalani hidup masing masing. Waktunya kerja ya kerja, waktunya berlibur ya berlibur. Gaji kurang, jngan salahkan pemerintah, berarti skill kita perlu ditingkatkan. Pokok benahi diri masing masing.
Misal ada yg korupsi, tembak mati😂",0,2026-04-09T05:54:50Z
@DianIrayanti,Prof tdk salah aku m3ngidolakan jenengan ...,0,2026-04-09T05:51:13Z
@hongmilaheng5151,Tolong subianto baca buku prabowo.,0,2026-04-09T05:49:53Z
@muhammadrohmad3518,Prof.mahfud tak bisa menyembunyikan kesedihannya 🥺,0,2026-04-09T05:48:16Z
@SurtaNababan-u1x1v,"Parah memang negriku,ayo prof bersuara lah terus nyatakan ke prihatinan bangsa ini",0,2026-04-09T05:44:19Z
@Buyunghmf,Sangat Luar Biasa Pak Prof,0,2026-04-09T05:43:21Z
@bambangbudiyono7503,"Pandangannya bagus, tapi orangnya sudah Pikun jadi hanya omom2 aja",0,2026-04-09T05:41:12Z
@cis_kek,18:47 pandangan Presiden Prabowo.,0,2026-04-09T05:37:20Z
@nurhadibalen4290,"Senjata makan tuan, mirip omon omonya baklawy.
Dikala menyusun mengarang  buku masih waras, sukarang sudah pikun.",0,2026-04-09T05:36:29Z
@agusmantri6210,Maap prof .dengan segala hormat .. menurut saya dimata kelompok ini ga ada baiknya presiden2 terdahulu..tujuannya memaksakan kehendak sendiri.biarkan presiden bekerja kalau ga setuju ga cocok menangkan pemilu 2029.,0,2026-04-09T05:35:58Z
@dukuntedjo,"wowo itu sakit suruh CUTI. biar ga jadi antek amerika lama""",0,2026-04-09T05:34:06Z
@johanessonnyhardono1281,Jur jujur ah masyak iya,0,2026-04-09T05:28:57Z
@Mr.RoyaldEnfield350,"Tapi sepertinya isu tentang Pak Wowo ini susah dikasih tau dan semua apa kata dia, makin ke sini makin kelihatan, dulu cita2nya sblm jadi tinggi sekali mau benahi neg, tetapi setelah jadi dan duduk..lha kok enak...lupa dech sm janji2 yg diobral sblm jadi..😂😅",0,2026-04-09T05:25:36Z
@jhoenpeal9668,Prabowo banyak bicara nol tindakan,0,2026-04-09T05:25:08Z
@ptunispec3359,"BENAR PAK MAHFUD, MBG BENAR2 BERBAHAYA TAPI KEPALA DAN WAKIL BGN SANGAT BANGGA MBG. ADUUUUH OJO SAMPE ANAK CUCU SAYA MAKAN DARI MAKANAN MBG",0,2026-04-09T05:18:50Z
@yayakdrake,"Iran aja ada freelancer Mossad level paanglia, tingkok jg banyak freelancer CIA, apalagi indo terbuka demokrasi terpecah. Presiden harus bersihkan kepala busuk, pertama Kepala BGN dan Kapolri itu warisan Jack, MBG membuat jatuh presiden karena pembisik sesat. MBG targeted, yg anak org kaya mampu jgn di kasi makan. Bangun Storage BBM di Indo alihkan dari SG, dialah MOSSAD nya. kedaulatan CPO pengolahan dan harga. trakhir ambil selat malaka.",0,2026-04-09T05:17:42Z
@anwarzain4933,Kacau balau kok dibilang bagus ...(?) Berarti lebih hebat dari Mulyono ...(!),0,2026-04-09T05:14:28Z
@PoniminOye,Di robah saja ini negara sudah mulai rusak hati2 kedepan jangan di ulangi lagi,0,2026-04-09T05:14:23Z
@henzchanel-g9i,Bener kata anis terbukti kinerja prabowo di nilai 11,0,2026-04-09T05:14:18Z
@kalaam6058,Real king omon omon.,0,2026-04-09T05:09:04Z
@OmBek-mm9vj,PRABOWO HARUS SEGERA IMPEACHMENT.....,0,2026-04-09T04:59:17Z
@wawan5165-j7q,27:08 tapi hari ini saya merasa kita seperti dipimpin oleh orang orang seperti itu dan terang terangan.,0,2026-04-09T04:57:34Z
@Arifin-q3b,"Pemerintahan sekarang sungguh memprihatinkan.
Masyarakat  kehidupannya dibuat miris. TDK mau menerima keluhan rakyat.
Contoh mbg masyarakat protes . Lebih baik unt pendidikan, kesehatan  digratiskan. Ini masukan  kritikan yg baik.
Berpikirlah yg cerdas.",0,2026-04-09T04:52:56Z
@choirulabidin9890,"Prabroro : 14 dari 15 politisi itu PEMBOHONG!! 
also Prabroro : saya ikut yg 14.😒😒😒",0,2026-04-09T04:50:50Z
@yantilestari6198,Semoga pak Prabowo dengar ini,0,2026-04-09T04:48:49Z
@BhandiBhandi-ps5mr,Koruptor hasil negara sendiri😂,0,2026-04-09T04:48:44Z
@InayahShofiya,Setuju ..Prabowo mundr,0,2026-04-09T04:47:37Z
@inaseptianaoffice,"kali ini melihat dan dengerin podcast pak mahfud dari awal sudah tampak sekali muak, seperti kami rakyat indonesia sekarang... dengan tritmen penetapan wakil presiden dari awal pemilu saja sudah menjadi sinsal bahwa tidak bagus, pentingnya kita sedikit banyak harus paham politik capek banget tapi gimana...,  yuk kita doain pak mahfud dan politikus"" yang baik dan tulus untuk indonesia semoga sehat selalu",0,2026-04-09T04:42:33Z
@nawasanga-dr8nz,"makar jika gagal, sesuai konstitusi jika berhasil.",0,2026-04-09T04:41:17Z
@LaMito-p6b,"Kalau TDK boleh berbicara makar, kalau ngomong jgn seenaknya, Prabowo di desak mundur, apakah itu TDK ngomong sembarangan, maksud itu juga lama lama jadi profokator itu.",0,2026-04-09T04:35:56Z
@IswandiWandi-j6t,"Indonesia akan dipalestinakan oleh prabowo....

Bravo Sukarno
Bravo jokowi",0,2026-04-09T04:29:03Z
@bukdaswatulumur7246,"Sehat selalu Pak Mahfud. Semoga Allah SWT  selalu melindungi Bpk beserta keluarga. Rakyat hanya bisa melihat & merasakan pak. Betapa negri ini semakin kacau balau & sulit melihat ke BENAR  an berdiri tegak di negri ini. Tetap semangat memberikan pandangan, analisa, penilaian yg Obyektif, Amanah & mempunyai manfaat bagi masyarakat banyak. Salam hormat...🙏🙏",0,2026-04-09T04:28:45Z
@YantiKasimah2,"Di Hongkong jg karena byk kasus money Loudry 
Kita sebagai TKW jg Klo kirim uang banyak dokumen Hrs komplit n Hrs ada bukti ini uang darimana
Y karena byk para TKW byk kena kasus.mereka pd jual akun bank atau aplikasi transfer uang. JD di salah gunakan oleh Mafia",0,2026-04-09T04:26:51Z
@TriPriambodo-r2k,Tlng BPK jawab pertanyaan saya di kometar ini krn BPK yg saya akui tahu persoalan bangsa ini,0,2026-04-09T04:26:27Z
@TriPriambodo-r2k,"BPK Prof MAHMUD MD, sy pengagum/penggemar anda, tlng katakan se jujur"" nya, dari Presiden Sukarno smpe Prabowo,mana yg paling: JUJUR, BERSIH dr KORUPSI, yg mau memakmurkan rakyatnya, yg mau indonesia maju makmur bagi seluruh rakyat indonesia, tlng Bpk jawab siapa yg benar"" mau memajukan dan memakmurkan NKRI",1,2026-04-09T04:23:24Z
@jujukjumainah8892,Prabowo lanyalnya Raja sak karepe Dewe Rakyat di suruh nurut meneng terus Negara di orat arit gak mau di ingatkan Rakyat kecil,0,2026-04-09T04:23:24Z
@rexpooable,Kalau Prabowo bener2 berpijak atas bukunya dalam menjalankan tugasnya sebagai presiden ...negara dan rakyat sudah menuju kearah yg lebih baik seharusnya ....tapi kelihatannya Prabowo malah lupa dengan bukunya ....sedih rakyat indonesia selalu mendapat pemimpin yg tidak konsisten dan penuh pencitraan,0,2026-04-09T04:19:22Z
@pharulyantua5674,❤,0,2026-04-09T04:19:16Z
@brimob9605,"Apa yg mau di benahi oleh prabowo...wong prabowo itu matanya picek telinganya budek 
Nyatanya rakyat kecil banyak yg menderita",0,2026-04-09T04:18:45Z
@thehome-os1gy,"Kalau ingin menjadi negara maju baik dalam ekonomi politik maka tirulah Cina, Vietnam yang terbukti mampu membangun negaranya dengan pesat.
Artinya bahwa kalau negara mau lari kencang maka kesampingkan HAM, jangan pakai jalur sok demokratis yang selalu jadi penghalang karena hak kebebasan bersuara, voting, multi partai .... Maka Indonesia harus kembali menjadi kerajaan atau demokrasi terpimpin.
Dengan semua dipimpin oleh pemerintah maka akan jadi seragam segalanya dari atas sampai bawah., melanggar hukum mati, korupsi, hukum mati,.
Kalau 200 juta bicara untuk kepentingan sendiri ya bisa jadi ada 200 juta kebijakan dan akhirnya menjadi negara gagal, bubar, & tamat.
Harusnya Prabowo jadi presiden mulai usia muda katakan 15 - 20 lalu, sehingga Indonesia belum sehancur seperti ini.
Gimana gak hancur, lepas dari didikan VOC Belanda 350 tahun (?)  kemudian diperparah oleh kepemimpinan presiden dan pemerintah terdahulu (79-80 th) yang bikin Indonesia seperti ini.... ??
Maka terlalu naiflah kalau dengan  system yang sama (demokrasi gaya Indonesia) bisa menyelesaikan segala permasalah yang ada (bagai kanker stadium akhir) dengan kepemimpinan seorang Prabowo yang baru jalan 2 tahun.",0,2026-04-09T04:17:08Z
@SurtaNababan-u1x1v,"Bagus prof Mahfud,bapak mengkritik PS berdasarkan buku PS yg diterbitkan😂",0,2026-04-09T04:14:28Z
@rexpooable,"Prof Mahfud ....
Rakyat indonesia sangat berharap mendapatkan sosok pemimpin yg integritasnya seperti anda ....yg satunya perbuatan dan perkataan",0,2026-04-09T04:12:02Z
@FfghhHgghh-e1t,Pak Mahfud jika ente ikut memperkeruh suasana sehingga rakyat kecil yg akan menjadi korban..  ingattt hidup anda tidak akan lama.. dan semua akan di mintai pertanggung jawaban,0,2026-04-09T04:09:52Z
@FfghhHgghh-e1t,Petani kecil aja yg tidak mengaku berpendidikan faham kalok itu terang2 ingin menjatuhkan pemerintahan yg resmi..  ..,0,2026-04-09T04:08:20Z
@thehome-os1gy,"Bukan makar prof. Tapi Indonesia ini banyak penduduk yang mudah terpancing karena banyak orang bodoh, banyak barisan sakit hati, banyak kroni² oligarki, banyak antek² asing yang semua ingin Indonesia lemah, pecah belah, perang saudara dan jadi negara gagal atau bubar yang bisa dihandle mereka.
Profesor, ahli apapun nama nya harus berkata dan berbicara yang baik.
Lagian *prof Mahfud* juga lama bercokol di pemerintahan., tentu sudah tahu bagaimana sulit dan susahnya, dan beresikonya tiap langkah yang di ambil. Tindakan progresif sangat diharap oleh rakyat tapi belum tentu pemerintah juga mampu progresif.... Bisa jadi hanya bisa jalan pelan dulu. Karena pemerintahan adalah politik. Politik adalah menjaga dan mengelola segalanya pro kontra, manfaat dan mudarat bagi presiden dan tim-nya.",0,2026-04-09T04:07:20Z
@achmadachadiat4307,Presiden harus mendengar suara rakyat. Kritik itu vitamin yang akan meningkatkan kinerja pemerintahan. 🔥🇮🇩,0,2026-04-09T04:06:49Z
@FfghhHgghh-e1t,Saya sebagai salah satu yg mengaku warga NU merasa malu dengan sikap pak Mahfud yg sudah tidak bisa menggunakan hati dan logika Dengan bersih.. karena sudah terkontaminasi oleh penyakit iri hati dan dengki,0,2026-04-09T04:05:22Z
@agussudarwanto6268,"Masalahnya apa yg ditulis di buku setebal itu tdk sesuai dg apa yg dijalankan di pemerintahan skrg alias OMON""
Kekuasaan merubah mindset seseorang atau org itu tdk faham/tdk ngerti berpikir pendek&picik",0,2026-04-09T04:05:15Z
@hendraharjatmiko1419,"Yang,di kritik keras kepala skali. MBG terus diurus,pdhl ladang korupsi",0,2026-04-09T03:59:31Z
@Sawitri-w7b7e,"Sy mau tanya pa, PDIP itu oposisi atw bukan? Tolong jelaskan pak",0,2026-04-09T03:56:41Z
@Sawitri-w7b7e,"Mau tanya pak, klo UUD perampasan aset, kan ketuanya puan sbg oposisi itu gmn pak? Status ketuanya?",0,2026-04-09T03:55:23Z
@lafatash,"Negara sedang diarahkan  menuju kebangkrutan oleh rezim Prabowo - Gibran,  rakyat harus bangkit bersuara dan bersikap.",0,2026-04-09T03:54:14Z
@Sawitri-w7b7e,"Sy mau tanya pa, jadi skrg presiden dan pemerintahannya harus PDI-P ya pa?",0,2026-04-09T03:53:13Z
@Sawitri-w7b7e,"Bagus 👍👍👍, kesimpulannya kq seperti nonton bola yaa, denger pengamatnya dgn strategi²permainan bola",1,2026-04-09T03:51:04Z
@H.Imansyah,Berawal dr omongan omongan dulu baru tindakan kalau saling menjatuhkan kapan kita mau membangun tertinggal terus dari negara lain,0,2026-04-09T03:46:49Z
@AlfaterapidanMasase,"Cara memperoleh jabatan politik dg cara benar saja byk penyelewengan kewenangan apalagi cara mendapatkan jabatan politik itu dg cara licik , curang , tipu tipu , ato menghalalkan segala cara , jelas n pasti presiden itu tersandra dg berbagai kepentingan individu n kelompok yg ingin membesarkan perut sendiri n komplotanya.",0,2026-04-09T03:45:18Z
@AjarTani123,Coba presiden Prabowo mau mendengarkan suara rakyatnya pasti negara kita ini akan jadi negara yang maju,0,2026-04-09T03:42:48Z
@baiturrohman2851,Saat orang Jakarta dikasih paham sama orang Madura 😅,0,2026-04-09T03:36:55Z
@chyntianoviani8344,Sehat selalu pak Mahfud,0,2026-04-09T03:35:26Z
@nurdinahmad7805,Karena dpt mandul nyatanya uu perampasan aset  sampai sekarang nol  .,0,2026-04-09T03:33:31Z
@WayDadi-c6j9f,Gibran aja yg di makzulkan..,0,2026-04-09T03:31:52Z
@rediepermana2701,Kalo saya selama ini sependapat sama pak mahpud. pa mahpud Jauh lebih realistis dan sama dengan keadaan masyarakat saat pada saat ini. Sayangya dulu pa mahpud tertutupi ibu megawati yang kurang sejalan dengan masyarakat.,0,2026-04-09T03:29:59Z
@harisnurjehan7789,"Manfaat wowo cuma 0,0000000 persen,sisanya hanyalah mudzorot,lengserkn aja😂😢😅",0,2026-04-09T03:18:55Z
@wahyudikodi6635,Apakah pemeritah menyangkal atau bisa menerima masukan yg jujur ini ?,0,2026-04-09T03:18:33Z
@AgungKurniawan-k9h,"Pak mahfud kudu berkunjung ke pak prabowo min,
Minta jabatan untuk beliau jadi mentri gitu min,
Biar ilmu dan teori2nya bisa berdampak nyata buat negara konoha ini min",0,2026-04-09T03:18:22Z
@AprisMegaWati,Sehat terus pak mahfud,1,2026-04-09T03:17:55Z
@nurdinahmad7805,Memang dia bisa dikatakan bukan makar tapi menurut saya orang kecil / masarakat awam. Bahwa dia itu propokator seharusnya dia itu diselidiki apa dasarnya mau menjatuhkan Bpk prabowo.,0,2026-04-09T03:15:59Z
@iwanteguh5406,Wowo matanya buta & telinganya tuli atau pura2 buta dan tuli... Dia tdk mau melihat dan mendengar keluhan Rakyat 😭😡,0,2026-04-09T03:14:36Z
@Sawitri-w7b7e,"Biasa biasa saja itu bukan makar""""""ini kata pak mahpud, tapi utk rakyat di daerah semacam sy ini propokasi brooo, krn medsos meluas sampe ke akar rumput",0,2026-04-09T03:13:25Z
@yapsusanto9281,Mundur 😊 lebih baik,0,2026-04-09T03:04:40Z
@yapsusanto9281,"Just so you all know, we must be patient with the current presidential regime. All requested work is still slow. This is because the regime has conditioned it to rob investors and find fault with them by slowing down the administration of investor applications.",0,2026-04-09T03:04:26Z
@berkahjaya9256,Siapapun yg jadi presiden indonesia..entah itu dari pendukung pemerintah ataupun dari para pengkritik hasilnya akan sma bakhkn bisa jadi lebih buruk dari keaadaan seksrang.bahkan jika pak mahfud jadi presiden sekalipun tdk ada jaminan sama sekali.politikus kita bahkan yg di cap sebgai negarawan kulitasya sama saja.mereka ingin kepemimpinan sellu  bis diganti saat mengecewak. Tpi tdk mampu memastikan adanya perbaikan semua hanya untuk kepenteingn dan keuntungan masing2.jadi dari pendapat A smpai Z semua berakar pada kepentingan pribadi mereka..bahkan itu bersal  dari  para negrawan sekalipun,0,2026-04-09T02:58:47Z
@Teman_Matik,"pejabat/pemerintah tu bukan penguasa, mereka tuh hanya orang yg diamanahi pengelola dana rakyat saja. jika semua pejabat punya mindset sbg pengelola dana rakyat pasti mereka kerja bener",0,2026-04-09T02:50:43Z
@sobrimhd6851,"BETUL SEKALI PAK MAHFUD, Anggota DPR kita GA ADA FUNGSINYA, tidak berfungsi mengontrol kinerja pemerintah malah mereka menjadi bagian dari PERUSAKKAN NEGERI INI.
dan di Rezim ini Kritik itu seolah olah ANcaman, padahal kritik bagin dari rasa cinta kita terhadap negeri ini agar di jalur yang benar.",1,2026-04-09T02:48:49Z
@RajaSirait911,Pandangan Prabowo sebelum jadi presiden tidak sejalan setelah beliau jadi presiden ... maka betul publik memprediksikan beliau presiden omon omon.,0,2026-04-09T02:46:15Z
@vivikd4855,Kata2 untuk saya sendiri. Jangan pernah lelah untuk mencintai Indonesia 🥲,0,2026-04-09T02:35:05Z
@MuhammadHasan-s7l7j,Berani karena kebenaran Allah swt amin ya rabbal alamin Allahu Akbar la Haula wala quwata ila bilahialiyil adzim,0,2026-04-09T02:33:13Z
@darismangiteng7189,"Prabowo itu tidak menguasai di bidang politik, hukum dan pemerintahan, maka nya Prabowo suka membuat kebijakan / keputusan yg tidak pas. Oleh karena itu sebaik nya sebelum membuat kebijakan / keputusan, ber koordinasi dan berkonsultasi kepada pakar , ahlinya, akademisi dan tokoh2 senior ny.",0,2026-04-09T02:32:00Z
@luthfianur1262,"Nonton sambil ngecek isi buku ""PARADOKS INDONESIA"" . . betul semua apa yg dikatakan pak mahfud mengenai isi buku tersebut . .",0,2026-04-09T02:27:21Z
@G.Riyanto-x5s,"Pada waktu itu di mana mana pembangunan baik , tapi hutang negara dan banyak koruptor meningkat !!!  Baik nya bagaimana Pak Mahfud !!?.",0,2026-04-09T02:27:18Z
@qiriqanan9064,"Ijin Prof.. Saya pribadi meyakini beliau sudah sulit menerima kritik, karena seringnya melihat statement Prabowo sekarang-sekarang ini. Saya meyakini kurikulum di otak Prabowo hanya MBG, sudah tidak seperti yang tertulis di Buku tersebut.",0,2026-04-09T02:27:02Z
@DiasLoka-f8s,MakzuL....yes! 1paket 😊,0,2026-04-09T02:25:45Z
@wisnumardenda5871,"Pemerintah punya prinsip: Anjing menggonggong, khafilah berlalu. Mau dinasehati, dikritik, tetap saja jalan terus. Sayangnya, kita telah terbiasa hidup dengan penggunaan kekuatan yang oppresive oleh pemerintah tirani. 

Untuk menjaga masyarakat yang Berke-Tuhan-an dan Berkedaulatan Rakyat, penggunaan kekuasaan dengan mengubah-ubah hukum dan undang-undang untuk kepentingan kelompoknya sendiri, harus dipahami dan disadari. Ujung-ujungnya represif yg salah arah dan untuk mempertahankan kekuasaan dengan segala cara.

Bagaimana, jika terkadang untuk mencintai negara Anda, Anda harus mengubah atau menghapus pemerintah tirani? 

Bagaimana, jika pemerintah terbaik adalah pemerintah yang paling sedikit mengatur? 

Bagaimana, jika berkata benar adalah berbahaya, ketika pemerintah salah? 

Bagaimana, jika saat-saat paling berbahaya bagi kemerdekaan dan keadilan adalah sekarang?

Bagaimana, jika rela mati berjuang dihari ini, demi kemerdekaan dan keadilan untuk generasi masa depan? 

Memang kalau mati hari ini artinya tidak akan menikmati kemerdekaan dimasa depan, tapi itulah jalan yg dipilih oleh para pahlawan bangsa ini. Seperti Teuku Umar, Imam Bonjol, Cut Nyak Dien, Dipenogoro, Patimura, Ngurah Rai, Supriyadi, dll.",0,2026-04-09T02:19:12Z
@Sutinah-v4h,Rakyat  kecil jadi bingung adanya media dan poscsrd yg mengggoreng goreng kebijakan yg akirnya jadi provokasi menyedihkan semua mau cari panggung rakyat kecil jadi korban lagi negara apaan ini.,1,2026-04-09T02:18:44Z
@MuhammadHasan-s7l7j,Demokrasi musyawarah untuk mufakat amin ya rabbal alamin,0,2026-04-09T02:17:04Z
@Nurhendri-ml3ht,Indonesia krisis kepemimpinan yg amanah baik  pemrintahan maupun tokoh agama,0,2026-04-09T02:14:28Z
@edifa9873,Berarti prediden kita melanggar prinsip kenegaraannya sendiri.......jadi munafik lengkap....,0,2026-04-09T02:12:38Z
@RabiulAwal-zl6gs,"Yg ngomong saipul mujani aja ngak apa apa, tp klu rakyat yg mengeriyik seindonesia dan turun kejalan baru makar dan bahaya",0,2026-04-09T02:07:17Z
@legawaKuntadi,Judul nya Presiden Prabowo cuma OMON-OMON doang...alias Bulsit,0,2026-04-09T02:06:59Z
@mudjionosastrosoewito9930,Bravo bung Mahfud...!!! 👍🙏❤,0,2026-04-09T02:04:14Z
@MuhammadHasan-s7l7j,Bung Karno juga punya buku buku besar bung karno,0,2026-04-09T01:59:55Z
@stevanshaonline1515,Semua Mulut poliTIKUS dibungkam dengan MBG kah????,0,2026-04-09T01:55:13Z
@G.Riyanto-x5s,".Jika gak mau di kritik......keluar dari pejabat negara. !!!
Yg lain banyak orang pintar dan ber mutu  !!..",1,2026-04-09T01:51:56Z
@AnggoroSunardi,"Klu P Prabowo memesan mobil dari luar berarti tidak membimbing  karya anak bangsa sendiri,",0,2026-04-09T01:51:10Z
@alvianhasbiansyah4275,Klu pemerintahan gk ada action sudah wajar untuk didesak mundur oleh rakyat. Dia gk mau ganti kepala penegak hukum yg bobrok gk mau merubah sistem yg bobrok.Gk mau dengar kritikan rakyat..pemerintah itu gk nyadar yg menilai kinerja itu rakyat bukan pemerintah sendiri 🤦🥲,0,2026-04-09T01:49:37Z
@damar5862,Punya kesempatan jadi pemimpin yg bagus rakyat yg bodoh gak memilihnya. Karena sistim dan campur tangan asing yg tidak menghendakinya,0,2026-04-09T01:47:01Z
@stevanshaonline1515,"Visi bagus, tapi menjalankan Misi nya kok Ancur yaa 😂😂😂",0,2026-04-09T01:46:15Z
@bennylutters7132,Prabowo kok kerja nya cuma hanya hambur hamburkan Uang Anggaran ya,0,2026-04-09T01:40:30Z
@MuhammadHasan-s7l7j,Kedangkalan cara berfikir bukan karena Allah swt amin ya rabbal alamin Allahu Akbar,0,2026-04-09T01:40:03Z
@MuhidinMasyhur,Politikus cuma pocus urus pribadi dan kelompok,0,2026-04-09T01:39:14Z
@Nurhendri-ml3ht,Mbg ga ada efek sm umkm yg menikmati hsnya segelintiran dsn pejabat yg terkait ga ada efek buat rskyat apa yg bergizi telur tahu tempe itu biasa makanan rakyat sehari2 msna gizi nya?,0,2026-04-09T01:38:41Z
@umarmhd-k8x,mahput mahput..,0,2026-04-09T01:32:13Z
@fahmiarkhan5100,Janji manis berbuah pahit.,0,2026-04-09T01:30:08Z
@JohanesGhono-cl9vn,"SAYA MAU JUGA  KOMENTAR  :
****
BUKUNYA  TERKESAN  BAGUS  - MEMANG  BAGUS. 
      TAPI:
YANG  SEKARANG DALAM KENYATAAN: 
- BERBEDA  DENGAN DI BUKU  
- JANGAN ORANG LAIN YANG TULIS BUKU. PRABOWO PUNYA NAMA 
- MUNGKIN PRABOWO SUDAH BERUBAH.  NAMANYA MANUSIA BISA  BERUBAH  BERSAMA WAKTU DAN SITUASI  YANG  BERUBAH 
- PIKIRAN  BISA  SELALU BERUBAH 
- JAHAT BISA BERUBAH JADI BAIK.
- BAIK  BISA BERUBAH JADI  JAHAT  .
- ADA  YANG KONSISTEN 
- ADA  YANG INKONSISTEN 
- HARI INI SORE - ESOK PAGI 
- HARI INI YA - ESOK TIDAK  
- HARI INI  PUTIH - ESOK HITAM 
       ITULAH  POLITIK:
SERING  TIDAK JELAS  .
ADA  YANG  ABU ABU 
ADA  YANG OPORTUNIS 
ADA YANG PRAGMATIS. 
ADA  PENGKHIANAT. 
ADA MUKA BELAKANG 
ADA POLITISI, 
DAN ADA NEGARAWAN  
ADA  PRABOWO  DAHULU 
ADA  PRABOWO SEKARANG 
ADA  PRABOWO DI BUKU 
ADA PRABOWO DI REALITA 
ADA PRABOWO OMON OMON  
PRABOWO YANG BINGUNG 
DAN MEMBINGUNGKAN 
****
SEKIAN  DULU  YA .
CAPE.",1,2026-04-09T01:24:32Z
@MannuelIrwant,Bukunya di revisi : dr paradox indonesiah mjd paradox prabowow😂😅,0,2026-04-09T01:21:29Z
@BOYMINboymin-r2q,saya masih percaya pada pak Prabowo dari pada orang orang' yang  bilang pemerintah Prabowo bobrok  itu orang orang yang sakit hati  dan iri  karena tak dapat  duduk  di pemerintahan  sekarang ini hati hati pada  manusia  yang Sukak mengkritik tapi tak pernah punya  solusi yang baik' itu  namanya   manusia  otak kurang banyak omong,0,2026-04-09T01:18:44Z
@AnggoroSunardi,"Klu perampasan aset ga di sahkan berarti dpr ingin hidup sendiri, melecehkan masyarakat dan pemerintahan,  DPR  bajingan",0,2026-04-09T01:18:22Z
@MamangYadi-rw5ye,Pa persiden cuekin saja  manusia yang benci bapa 99persen  rakyat Indonesia puas hasil kerja merah putih,0,2026-04-09T01:14:55Z
@ckr4x4,"setetes racun diambahkan segelas air tidak lantas menjadi tawar, tapi malah menjadi segelas air beracun ",0,2026-04-09T01:13:55Z
@muhammadidris550,"Syaiful Murjani tampaknya perlu di proses jgn sampai diduga ada oknum dibelakang Nya yg ingin segera menggantinya, sebelum 2029.",1,2026-04-09T01:13:27Z
@MamangYadi-rw5ye,Mahfud bisanya ngoceh jelekin pemerintah  bukanya bantu masukan  ini mah koar koar,0,2026-04-09T01:07:55Z
@TunikKaryasih-v4r1d,Selalu mewakili pikiran rakyat... Terima kasih prof.. Semoga kritikan prof nyampek ke pres brabowo.. Semoga gk nyantol ke bawahannya saja,0,2026-04-09T01:07:00Z
@ID1az,Prabowo mundur di ganti fufufafa...apa engga tambah hancur negeri ini???? dinasti raja jawa palsu pasti akan melanjutkan kehancuran pribumi ??? PIYE TO BOSS...,0,2026-04-09T01:01:35Z
@syaifulbachri-l5b,ANTARA KARAKTER DIRI DAN KARAKTER POLITIK BPK PPRABOWO TIDAK SEJALAN ALIAS BERTOLAK BELAKANG,0,2026-04-09T00:59:56Z
@supadmo-py1rs,Sekali lagi pak mahfud sayatidak setuju kalo p prabowo digulingkan sebelum sampe pemilu tunggu pemilu 2029 dilaksanakan secara pemilu yang luber janganlahmerusak yang sudah ada dan diangkatlah gibran ini dah keterlaluan apakah negeri ini harus dipimpin seorang gibran? Pasti tambah rusak bohong kalo dibilang bisa makmur bohong itu nol besar besar,0,2026-04-09T00:59:16Z
@Nurel0810,"Artinya UCAPAN SERTA STATEMENT PRABOWO TIDAK SESUAI DENGAN TINDAKAN NYA.
ARTINYA DIA SEORANG YANG MUNAFIK",0,2026-04-09T00:57:34Z
@supadmo-py1rs,"Saya kurang setuju pak kalo p prabowo mau digulingkan. Palinggak tunggu pemilu nah baru laksanakan pemilu yang luber nah dari hasil inilah saya baru setuju kalo penggulingan saya sama sekali tidak setuju, janganlah ada diangan angan bahwa suharto jilid 2 akan tumbuh itu bohong tunggu saja sampai batas 5tahun di th 2029 kita adakan pemilu yang luber",0,2026-04-09T00:52:59Z
@surupsirep8382,"Betul kata pak Mahfud...

Struktur pemerintahan itu, ekskutif, legislatif dan yudikatif,.

Struktur rakyat itu, keagamaan dan adat tradisi,

Struktur wilayah itu, beberapa propinsi dan kesultanan,,

Ketiga elemen itu yang disebut negara.😊😊",0,2026-04-09T00:50:59Z
@taufikmaher,Put deke takmatna siki strese nemen jah,0,2026-04-09T00:50:05Z
@JramCom-l8v,"Kalau negara ini mau jauh lebih baik menurut saya ya, jangan serang prabowonya tapi gerakkan rakyat untuk suruh prabowo makzulkan Gibran dan copot Listyo Sigit dari jabatannya dan reformasi total polri beres, jadi jangan sampai salah sasaran gitu loh",9,2026-04-09T00:49:06Z
@JramCom-l8v,Halooo,0,2026-04-09T00:46:37Z
@fastiakbar9701,presiden omon omon,0,2026-04-09T00:41:27Z
@HardiSujatmo,"Marilah Bp.Presiden, kita bangun negara ini dengan semangat rasa memiliki dan mau memperbaiki dari kekurangan yg ada melalui saran kritik yg disampaikan Prof.Mahfud trimakasih",0,2026-04-09T00:36:09Z
@achmadzainudin8500,Ane S7 banget  ape yg dia bilang Bp Mapud,0,2026-04-09T00:32:56Z
@Santoshaston,Saya rakyat kecil gak tahu politik dan gak ngerti pemerintahan hanya ingin indonesia aman dan sejahtera tolong ajak orang2 baik membangun indonesia menjadi baik dan sjak dpr cari orang2 yg pinter kerja jangan pinter kritik,0,2026-04-09T00:32:00Z
@bythewaychann2244,❤❤❤❤❤❤❤❤❤,0,2026-04-09T00:31:43Z
@uGitarya,"Gonta-ganti persiden dari dulu gth"" Aja. Apa baik nya buat rakyat. Pak Prabowo apa g belajar dari masa lalu. Bangun nergi ini buktikan pak",0,2026-04-09T00:29:38Z
@RikkySyahputra,Plis jadi capres pak Periode depan 🙏,0,2026-04-09T00:29:36Z
@nanangmaulana8462,"Menurut pendapat saya , Demokrasi tidak membuat kita kemana mana , korupsi kolusi tambah berjamaah parah , program jangka panjang tidak akan pernah berjalan karena sistem 5 tahunan , sistem pemilihan boros biaya , rentan disusupi , belum lagi Bank Indonesia yg terus di intervensi oleh bank dunia dan IMF , sehingga Negara tidak bisa mengatur sendiri keuangannya , negara2 seperti Tiongkok , Rusia , Vietnam , Iran , Singapura adalah contoh negara2 yang Bank Sentral mereka benar2 dipegang sendiri.. semoga ada muncul banyak pemimpin2 bangsa ini yang mau bersama-sama memikirkan bagaimana kesejahteraan seluruh rakyat nya...bahkan juga rakyat yg tidak memilihnya...dan membuat Indonesia  menjadi negara yang seluruh rakyatnya merasakan Adil, Makmur, Sejahtera, Gemah Ripah Loh Jinawi...Aamiin 🤲🏽",0,2026-04-09T00:27:14Z
@championstokokaosdankonveksi,"jangan menilai orang dari bukunya....."" Don""t Judge the book from the cover?",0,2026-04-09T00:26:49Z
@SuhayatMardi,Gak usah ilmu yg tinggi pak untuk menafsirkan makar atau tiada .😂...nih tak kasih perumpamaan kalau ngerti API +PANAS+OXIGEN + BAHAN MUDAH TERBAKAR ...kl unsur itu bersatu apa yg terjadi pk Mahpud 😂,0,2026-04-09T00:25:19Z
@topsapichannel3740,dari penjelasan pak mahfud tampak bodohnya pemerintahan saat ini,0,2026-04-09T00:22:15Z
@maslimwidjaja1963,Tapi jujur ya pengamatan saya . Memang dia dan wakil harus turun demi kepentingan nasional . Dia turun . Ekonomi akan rebound . Rupiah menguat . Kenapa asing cabut . Kenapa rupiah lemah .karena asing menilai kebijakan dia benar2 blunder .,0,2026-04-09T00:21:12Z
@domiindrawadi3365,grembolan sakit hati yg kalah....,0,2026-04-09T00:16:39Z
@domiindrawadi3365,"org ga da jabatan dah banyak cerita...wkwk
sadar pak dah tua",0,2026-04-09T00:15:56Z
@domiindrawadi3365,"org ga da jabatan dah banyak cerita...wkwk
sadar pak dah tua",0,2026-04-09T00:15:10Z
@domiindrawadi3365,"mahput ga jls org nya waktu Anda di pemerintah ga beres juga,,skrg udh banyak cerita
org ny mencela mencele...",0,2026-04-09T00:13:30Z
@DRman-top,Pak Mahfud pernah jadi Menteri dibagian Hukum. Pertanyaannya apa yg berubah dgn Hukum di negara kita ?,0,2026-04-09T00:09:49Z
@fauzifauzi4778,"Menurut sepengetahuan kami Yang sudah 70th lebih ini!, pengalaman menjatuhkan pemerintah yg sah Contoh 1965 itu memang sah2 saja, Tapi th 1998 akibatnya malah semakin Rusak?, Sedari itu kesini udah Carut marut?, lebih parahnya hukum bisa dibeli pak Mahfut??,",0,2026-04-09T00:09:03Z
@aikoyunichi-m7g,Percuma kasih kritik/masukkan kepresiden biarin aja mau negara hancur atau mau lebih dari itu emang gue pikirin bukan nggak nasionalis tapi seperti moto picek kuping budek..,0,2026-04-09T00:07:43Z
@AbdulSalim-y8t,"Ikuuut nyimak prof...
Kalo pengamat yg merusak kestbilan jangan kasih tampil ke media tv mainstreem begitu proof...kadang media jadi alat propaganda jahat  dan makar..kuncinya di media di arahkan",0,2026-04-09T00:06:21Z
@kbadjra7187,"Buku ya bagus TDK diiringi dg pelaksanaan yg bagus( Tdk sesuai fakta yg ada),. BOP, ART,MBG,KDMP,SR Tdk sesuai dg aspirasi rakyatnya dan program2 yg dijlnkan cenderung memberi keuntungan besar yg terkonsentrasi di satu pihak. Dan tdk mengevaluasi kemudhorotannya.",0,2026-04-08T23:51:10Z
@atinatin556,hapus pembungkaman  untuk kekritisan bngsa yg baik demi negara un lebih maju tentram dr kerusuhan sgl teror pembu nuhan penyiraman air keras  penculikan dll yg merugikan bngs bumi Pertiwi,0,2026-04-08T23:48:30Z
@NunoTaryono,"Pak mahpud ini belum terima kekalahan kemaren komentar nya ngalor ngidul, bravo pk prabowo",0,2026-04-08T23:47:41Z
@AbYn-jj7rw,"Saya sangat HORMAT DAN SALUT BAPAK PROF. DR H. MACHFUD MD PAKAR HUKUM YATA NEGARA BETUL SDH NYATA BERBUAT BAGI NUSA, BANGSA DAN NEGARA, KERJANYA NYATA, TIDAK SEPERTI MR PROF DR ROCKY GERYNG, NATA( NO ACTION TALK ONLY, BSPAKBJOKO WI BPK PRSBOWO TERAKHIR BAPA AING KDM GUBERNUR JAWA BARAT, NYINYIR MELULU, CAK ROCKY GERYNG BELUM TENTU JADI PRESIDEN, ATAU GUBERNUR, MAMPU DAN HEBAAAT. NGOMONG GAMPANG, PRAKTEK SULIT"" LIDAH TIDAK BERTULING"" JANGAN LAMBE CORO!!!!!!",0,2026-04-08T23:46:45Z
@AbdusAbdus,Sangat setuju dengan pak mahfud,0,2026-04-08T23:45:59Z
@ToingToing501,Semua sama aja klo LG di luar pemerintahan banyak keritik ..tp klo sudah di dlm tunduk semua...susah cari org yg jujur,0,2026-04-08T23:44:50Z
@manielsitungkir9230,Begitu dicari orangnya yg terlbat malah kaget  ketemu malah orang2 yg kuat dalam segala galanya akhirnya penegak hukum itu. takut jadi belok.jadi tolong seperii pagar laut itu bergerak Akademisi dg  LSM dan pejabat TNI/ Polri Jaksa dan pejabat di. Kementerian.  yg tidak dapat. Jabatan yg selalu tempatnya posisi lemah tak ada uangnya  inillah. Orang yg. Jujur ingin benar,0,2026-04-08T23:42:15Z
@Sahrawi09Panglima,Kritikann yg pas dan membangun bangsa yg beradab,0,2026-04-08T23:40:35Z
@AhmadRiyadi-bx5li,😅😅😅saya gak pernah percaya yg dibicarakan sama orang ini.....coba saja klo sudah duduk di pemerintahan pasti Omongan orang ini  bullshit😅,0,2026-04-08T23:38:45Z
@Sederhana56,"Assalamualaikum 

Antum yg dimuliakan oleh Allah SWT. Hendaknya juga memberikan perintah kepada PA Situbondo dan PA Mungkid agar mengembalikan istri-istri saya. Isu besar ini seperti pengalihan isu terhadap isu rumah tangga saya, sehingga terkesan isu rumah tangga saya hanyalah urusan pribadi. 
Kerjakan insyaallah surga bagi kalian juga yang bagus membahu.

Pilihan ummat muka bumi insyaallah hanya ada dua mati syahid atau diringankan azab kubur dan neraka kecuali saya.

Sekali lagi kerjakan!

Jangan pura-pura tidak tahu.

Al Baqarah 102: An Nisa: 59, Al Ayah Al Hadits.

Wassalamu'alaikum",0,2026-04-08T23:36:04Z
@agusfaisol188,YANG JELAS NEGARA INI SUDAH DI PROGRAM INI YANG PERLU DI PERJUANGKAN BAGAI MANA PROGRAM ITU DI BERHENTIKAN,0,2026-04-08T23:33:22Z
@veeovy,"siapapun yg menjabat kenapa Indonesia minim kemajuan,,,ya krn mereka yg menjabat byk yg b,kepentingan utk partainya sendiri"" bkn utk rakyat & negara,,,,",0,2026-04-08T23:29:28Z
@ahmadbaihaqi2802,Mahfud kurang objektif,0,2026-04-08T23:28:43Z
@manielsitungkir9230,Memang susah Prof. Mahfud begitu dimulai penegakan Hukumn,0,2026-04-08T23:24:17Z
@endangtv2369,"Mahfud MD ini selalu mengungkit uud prampasan aset ,padahal dia tau klo kuncinya itu ada pada megewati sama Surya Paloh,2 orang itu bisa neken presiden lewat lobi politik",0,2026-04-08T23:23:03Z
@AbcdeWid1,"D ganti apakah ada jaminan pengganti sgt berkualitas performanya, kalau sama aja omon2",0,2026-04-08T23:22:42Z
@bharatabirdfarm6733,Kapan Belanda menjajah negara ini lagi,0,2026-04-08T23:22:26Z
@sukranadi80,Maap pak dulu pak Jokowi kan petugas partai sekarang BPK Prabowo kepala partai yang jadi presiden mau  memberantas koropsi maap ya kalau saya salah,0,2026-04-08T23:20:27Z
@koreswijaya3390,"Di belahan dunia mana pun sama saja.....
Manusia yang terlalu banyak bicara pasti kerjanya sedikit bahkan nihil.....
Gelar presiden omon omon akan dikenang sepanjang sejarah....",0,2026-04-08T23:19:53Z
@WachjudinHusni-o1t,"Betul kata Pak Mahfud,perbaiki dong ......supaya lebih baik untuk Indonesia",0,2026-04-08T23:16:42Z
@RajaauliaKayobungsu-hl8ow,MENGULIKAN PEMERINTA PRABOWO. MAKAR DI PAKSA MUNDUR????,0,2026-04-08T23:15:06Z
@monabidano-s6j,"Ada saatnya lesermya Prabowo  25 Oktober 2026 kalau tegas mengganti pembantu2 dan bisa ko pemenang urutan yaitu nomor 2, kalau tidak akan lengser , kalau tegas .",0,2026-04-08T23:13:15Z
@ragalayang927,"Pada jaman Jokowi kan bapak ini ada di dalamnya, Sok bijak bapak ini .... 😅",0,2026-04-08T23:12:13Z
@RajaauliaKayobungsu-hl8ow,ULAMA PBNU PAKAR HUKUM TATA NEGARA MENTRI POLKAM DPR RI MANTAN MK GAGAL WAKI.L PRESIDEN PROF MAHFUD MD ORANG MADURA PANDAI BICARA JUJUR KE ADILAN???? 9/4/2026?????,0,2026-04-08T23:11:23Z
@davidahmadafandi,Lenggserkan saja,0,2026-04-08T23:11:03Z
@DimasGanteng-j8l,Susah punya lurah berkuping tebal dan berkepala semen,0,2026-04-08T23:05:47Z
@ceciliapravita,Lesson learned: Penulis buku yang baik dan berapi-api belum tentu adalah presiden yang baik dan ingat pada apa yang pernah ditulisnya.,0,2026-04-08T23:05:34Z
@ixoraaster3455,Itu buku brp % ya yg emang bener2 isi ide pikiran prbw 🤣,0,2026-04-08T22:59:24Z
@ronalapriando3535,Kalo di taro di jabatan yg strategis pasti gak gitu pernyataan nya,0,2026-04-08T22:57:20Z
@ixoraaster3455,"Kayanya Pak Machfud udh gemes bgt 😅 biasanya normatif, hati2.. Pas bgt ngomongin buku prbw aja, haha 😂",0,2026-04-08T22:56:52Z
@gunarditopgun3205,"P Prabowo Subianto diturunkan masalah nya apa itu hrs ada jawaban alasannya nggak cuma nyodot omon2 doang lebih2 orang akademis ditertawakan masyarakat, pada hal presiden yg paling tegas dan berani memberantas maling2 uang rakyat rampok Prabowo Subianto dan yg ngomong nyinyir turun Prabowo itu waktu kampanye capres coba croscek dari kubu lawan barisan sakit hati bukan , semoga p Prabowo Subianto panjang umur sehat selalu dan terus berjuang demi masyarakat adil dan makmur berdasarkan Pancasila dan UUD 45 tks slm sehat keluarga",0,2026-04-08T22:56:22Z
@putrasaputra6681,Prabowo di kritik bukunya sendiri 😂😂😂😂😂,0,2026-04-08T22:56:15Z
@darmagede3181,"MBG program bagi2 rejekikah? 
Kurang tepat sasaran, kl memang mau bantu gizi rakyat, mengapa tdk langsung ke fakir miskin, bisa lewat desa2, cari data2nya, kirim uangnya langsung ke ybs, tdk lewat badan/ orang/ organisasi lain lagi, 😂",0,2026-04-08T22:54:39Z
@Fulgemsius21,Ikut Wawan cara meja bundar lol biar paham apa yg di kerjakan pemerintah 80% rakyat mendukung Prabowo.,0,2026-04-08T22:52:27Z
@siswosaroso5552,"Pak Mahfudz, apa hasil dr komite polri yang bapak ada didalamnya? Mohon infonya",0,2026-04-08T22:50:50Z
@Archy299,"Bapak kritik prabowo? Dari kejauhan saya mendengar orang bilang ""Jujur lah. gk, come on. Jujur, buka rekam jejak nya, buka jejak digital nya. Ah come on, you gk objektif. Gk ada itu."" 🤣🤣🤣",0,2026-04-08T22:48:57Z
@supriadisunaryo8262,"Kata Mahfud itu bukan makar ,karena Mahfud ada di dalamnya.",0,2026-04-08T22:48:22Z
@solehansolehan1412,Betul pak kita juga ga mau punya presiden bodoh otoriter termasuk wakilnya yg plonga plongo memalukan sebaiknya di mundurkan program2nya ga jelas,0,2026-04-08T22:42:19Z
@AffanDi-iy2vj,Ralat...18 bulan itu 1 tahun 6 bulan....bukan 1 tahun 8 bulan...😊,0,2026-04-08T22:39:08Z
@LatifLatif-g3j,Koperasi merah putih parah pak.. korupsinya.. tapi apa DPR hanya diam saja,0,2026-04-08T22:38:46Z
@kangjas1078,"Prabowo ini sangat bebal,tp bpk sndiri pernah bilang prabowo cerdas, bacaanya banyak dsb, cerdasnya dimana pak.",0,2026-04-08T22:37:58Z
@LatifLatif-g3j,Rusak memang.. DPR gak ada kritiknya.. diam diam diam.. lawan pemerintah,0,2026-04-08T22:35:39Z
@SamSam-t5v8u,Selamat menjabat presiden tidak ada sepak terjang Prabowo dalam membela masyarakat yang kurang mampu malah membebani rakyat miskin dengan kebijakan yang tidak masuk akal sungguh aneh presiden ini,0,2026-04-08T22:33:03Z
@MasLegimin,"Bodohnya DPR, tidak mewakili rakyat sama sekali. Contoh saja MBG, tidak ada satupun yg menolak dan menghentikan. Minimal ada perlawanan lah di DPR. Ratusan triliun buat makan siang. Macam apa pula itu. Dari dulu DPR terlalu ""yes bos"" ke presiden.",0,2026-04-08T22:31:50Z
@AhmadMansur-c5t,Mahfud md itu preman madura dan mulutnya saaangat berbahaya  !!!,0,2026-04-08T22:29:41Z
@AbdulRachman-x1n,Semoga CEO MBG LENGSER,0,2026-04-08T22:28:58Z
@azizwae6811,keras kepalanya prabowo mirip2 trump..gk mau liat realita...,0,2026-04-08T22:27:47Z
@BRZwestjava47,"jgn disuruh mundur pak Prabowo 
perbaiki SJ apa yg kurang ..
emang diganti bakal  baik ..😢",0,2026-04-08T22:27:07Z
@Facharozi,"keritik oposisi itu biasa saja, org org ini kan kala pemilu tak usah di kasi hati nak mimpin pendukung sedikit jadi biar kan saja 😅😅",0,2026-04-08T22:22:54Z
@ayubsolemanbait2730,"❤Kalau bpk MAFUD bersikap seperti ini saya setuju dengan pandangan bpk MAFUD,,,❤",0,2026-04-08T22:20:07Z
@RahmatBasuki-h1n,Ya ini orang yng pernah punya tujuan tapi nggak tercapai akhirnya selalu cari panggung ...,0,2026-04-08T22:18:06Z
@DeckyIrawan-l5t,halaman 13 buku probowo : SAYA YANG AKAN MENGHANCURKAN INDONESIA 😂,0,2026-04-08T22:12:16Z
@AndreanSaragih-j8i,"PLECIDENT SPT TIDAK BISA DI KRITIK DI ATUR DI KASIH TAHU. PAK PLECIDENT TAHUKAH ANDA SEJAK ANDA MEMIMPIN DAYA BELI MENURUN EKONOMI MASYARAKAT MAKIN SULIT, SUDAHI OMON OMON NYA PAK",0,2026-04-08T22:09:14Z
@LatifLatif-g3j,Saya dukung p Mahfud.. emang negara kita sedang kacau,0,2026-04-08T22:02:19Z
@harrymangindaan855,Memang sangat disayang kan oleh rakyat Indonesia mengenai sikap DPR yg membiarkan kebijakan kebijakan pemerintah yang menyusahkan rakyat/negara (walaupun mrk ngomong/bertindak mengatasnamakan utk kepentingan negara/rakyat) pak selamat kan bangsa ini dari tindakan yang merusak.saling melindungi menjaga mensuport teman teman yg punya hati/peduli dengan keadaan negara.,0,2026-04-08T21:56:22Z
@sulthanchanelTv,Sehat selalu & terus Lanjutkan  Prof ❤❤❤❤,0,2026-04-08T21:54:56Z
@iYuana-z6h,Untung si mahfud gak menang dulu...cari panggung terus dia.sok bener terus dia terus 😅,0,2026-04-08T21:50:03Z
@noviarza9255,"Yg ingin menjatuh kan prabowo itu adalah geng solo termul"" pak tolong dipelajari ini ulah jkw ..kaisang pernah bilah ingin mengkodeta prabowo...",0,2026-04-08T21:45:43Z
@endangmuryani9959,Ayo para penegak hukum.. Teruslah bersuara untuk menjadikan indonesia lebih baik,0,2026-04-08T21:35:04Z
@endangmuryani9959,Teruslah bersuara pak PROF,0,2026-04-08T21:34:04Z
@mealbatman2115,Negara dimpimpin dgn ambisi kepentingan pribadi dman kelompok...,0,2026-04-08T21:32:55Z
@ViskyBrdy,Indonesia sudah masuk dalam ekonomi sulit pak,0,2026-04-08T21:28:32Z
@GregoriusOpat,"Terima kasih BPK prof.Mahfud,yg selalu berada pihak yg benar dan obyektif khususnya bagi yg selalu memberi kritik dan saran bagi pemerintah,",0,2026-04-08T21:03:25Z
@isaboutlegend,"Prabowo mmg gabisa di pegang kata""nya sejak dari dlu. Benar"" saangat kecewa dgn pemerintah skrg",0,2026-04-08T21:02:41Z
@supenowibowo2822,"Ya jelas Machfudz seperti itu karena dia lawan Prabowo di pilpres.Sakit hati kepada pemerintah Prabowo itu pasti.
Dasarnya jelas dengki dan iri hati atas kesuksesan Prabowo dalam pilpres.
Jangan dengarkan Machfudz yang negatif thinking terus kepada pemerintah Prabowo Subianto.",0,2026-04-08T21:01:13Z
@dimasnugros7,"Banyak suara -suara umtuk mengembalikan  arah negara ke jallur yg benar sesuai dg konstitusi, seperti Bop, perjanjian agreement dg USA, DPR  tidak merespons,  tapi Pemerintah  seperti tidak peduli,  malah dianggap orang-orang  yg sirik, sakit hati, menggaggu ketertiban, kebanyakan respon negatif. Timggal bagaimana  kebenaran itu akan mencari jalannya sendiri, yang maha kuasa yang akan menunjukan jalannya, dengan doa-doa orang yang di tertindas, dg keikhlasan doanya, untuk mengubah kondisi negara ini",0,2026-04-08T20:57:19Z
@geryotre,Ya emang harus mundur kalau mau maju !!!,0,2026-04-08T20:53:20Z
@arifwibowo2240,Mana nih barisan buzerrp influence kicep lu pada......dengerin nih prof ngomong,0,2026-04-08T20:49:14Z
@evaagustin2791,"Baru sadar bung Mahfud ini, hancur negara ini SDH lama bung",0,2026-04-08T20:46:21Z
@retnowinarti2405,Mahfut baiknya mndesak uu perampasan aset.,0,2026-04-08T20:45:42Z
@WartiniBangkitHartanto,Pak Mahfud saya di buat kan ini?trima kasih saya jadi you tobe?tapi nggak dapat bayaran e😊🙏👍,0,2026-04-08T20:42:34Z
@MajimboBooo,Orang klo dah tua lanjut pula pola pikirnya kembali seperti anak anak...,0,2026-04-08T20:40:59Z
@WartiniBangkitHartanto,"Assalam mualikum wr WB, sama Alloh atas dukungan nya pak  Mahfud kami setuju  mendukung pak persiden Prabowo atas didesak nya di suruh mundur  ya kami juga nggak setuju tugas nya pak Prabowo sangat baik  bisa memerdeka kan Palestina  dan menjaga perdamaian  sudah berhasil  dunia bersatu    tetapi rakyat yang murka  sangat  jahad bukan melalui jalan yang lebih  baik  termakan hasutan dan di intimidasi sangatmenyayang kan 😊🙏",0,2026-04-08T20:39:09Z
@horek8053,"joko jilid 3 , janji bikin mobil sendiri gak tau nya  !!!!!",0,2026-04-08T20:34:10Z
@DikyzeroHour,"Ayo dong protes kenapa BBM  gak naik seperti negara negara lain. Masak negara Singapura saja naik, kok kita enggak",0,2026-04-08T20:27:33Z
@GusRudin-kc4wb,Bisanya cuma omong kosong... profesor buat keluarga aja...dan tidak pernah terbukti tindakan yang bijaksana demi bangsa negara... buktinya ada calon wapres yang jelas melanggar peraturan perundang-undangan konstitusi... tidak bisa berbuat apa-apa dan lolos... mana para professional profesor...?,0,2026-04-08T20:16:17Z
@Subagdja999,"Terima kasih pak mahfud atas dedikasinya semoga  pak mahfud di beri kesehatan, kejasmanian dan kerohanian 🎉amin..",0,2026-04-08T20:03:32Z
@FadliFirdaus-t3f,Rumus negara Indonesia hukumnya.. Pemain nya / rakyat yg ditangkap.. Bandarnya misterius.. 😂😂😂.. Pejabat nya mafia smua..,0,2026-04-08T20:02:52Z
@FadliFirdaus-t3f,Pokoknya selama intinya.. Selama negara masih menerima pajak judi online dari Bandar.. Indonesia gk bisa maju... Skarang judi online sudah difasilitasi.. Dengan ber pura pura susah di blokir.. Memang judi online menguntungkan bagi negara.. Pajak nya yg menggiurkan.. 😂😂,0,2026-04-08T20:00:23Z
@AchriAchmad,Semoga Prabowo segera lengser...Aamiin,0,2026-04-08T19:55:35Z
@byronald834,Sekarang pagar laut bukanya sudah jalan lagi.?,0,2026-04-08T19:49:17Z
@erwingautama4288,"Terimakasih pak Mahfud,atas penjelasaan serta pandangan yang sangat mencerahkan pada kami sbg rakyat, atas  apa terjadi dan berlaku di negara ini,dgn peryataan buku yg dibuat pak prabowo,dan penjelasan pembanding dari apa yang skr terjadi di saat ini,di pemeritahan pak prabowo sebagai presiden yang menerima Mandatnya dari rakyat.semoga presiden prabowo mendengar dan berpikir serta memperbaiki atas apa yg berlaku dan berbuat yang  sangat baik kepada seluruh rakyat indonesia.",0,2026-04-08T19:48:45Z
@byronald834,"Lah pasti prabowo, nggak senang di kritik...   orang tempramental kayak gitu. 

Dia undang para jurnalis ke istana,  debat keras dia dg najwa.  
nampak sekali dia tidak suka dengan pertanyaan berdasarkan data data yg di sampaikan oleh najwa shihab.",0,2026-04-08T19:45:37Z
@soewardimarmanofficial8470,"Agak bergeser memang demokrasi ini, turut prihatin dan karena orang bawah tidak mampu berbuat apa, sementara Wakil rakyat juga kurang mewakili",0,2026-04-08T19:43:46Z
@ds0872,Di belakang sampol bukunya pasti tertulis .TAPI BOONG 😂,0,2026-04-08T19:27:33Z
@hadiirmasetiawan3582,Tetap Terus bersuara prof,0,2026-04-08T19:23:17Z
@Setianaependi,Cari Kesalahan koar koar cari muka untuk lempar batu pengen dapatkan mangga,0,2026-04-08T19:20:54Z
@SuburSubursilalahi,❤  ga   dapat  semua  tanah  sisanya  longsor   😢   gadapat  semua  di  kotupsi  😮  karena  😮  utang  negata   😢😢      artinya  udah  susah  tsmbah  lagi  miskin   bakan  jadi  melarat   😢😢  heboh😅😅❤,0,2026-04-08T19:13:01Z
@kabinetbinatang,Bagaimana caranya! Saya akan bantu melengserkan 🤬 sudah sangat muak sama prabowo,0,2026-04-08T19:12:37Z
@MemedRahayudin,"Gak akan Sependapat ,,mantan Team Sukses Kok Di Jebloskan😂😂😂",0,2026-04-08T19:10:08Z
@purboyo-u6i,"Ngomong aja kamu ini Put, sok merasa paling benar sementara dikasih jabatan kamu tak bisa merubah apapun. Prabowo itu baru memulai ikhtiarnya utk kelompok termiskin lewat MBG, Koperasi Merah Putih, dan lainnya yg kamu lihat hanya dari sisi negatifnya. Padahal sisi positifnya sangat besar. Tinggal yg negatif itu terus diperbaiki sehingga tujuan besar dari program2 itu bisa tercapai. Kalau sisi negatifnya yg kamu jadikan acuan, maka bahasan kamu hanyalah utk menggagalkannya. Apa itu yg  namanya kritik. Itu bukan kritik Put, itu namanya nolak. Kalau nolak, kamu memang tak ingin program2 itu berhasil.",0,2026-04-08T19:06:17Z
@SuburSubursilalahi,❤  ada  disni  😢pengalihan   😮  parabowo  yg  di  banggakan  adalah     ❤  emas  nikel  batubara   😅  bukan  hasil   😢  tani  atsu   ikan  dan  uga   ❤  dangang  semua   hasil karia  anak  banggasa❤,0,2026-04-08T19:03:16Z
@feindridevita2352,Hopeless dg rezim ini,0,2026-04-08T19:03:08Z
@Adiputr87,"Klo cma sekedar ngomong sih gampang pak.   Tp klo ngejalanin blom tentu anda pun bisa.. 😂😂😂 udah lah klo udah keok, keok aja ga usah ngoreksi kineerja orang lain",0,2026-04-08T19:00:44Z
@MadNasir-en8qu,Rakyat lebih suka di pimpin Prabowo gibran .kalo di pimpin mahfot Indonesia ancor lagi karna mahfod orang PDI😂😂😂😂,0,2026-04-08T18:52:48Z
@SuburSubursilalahi,❤   ada  kata   🎉  pak parabowo  murdur   ❤      disi ni  banyak   pikti2   pk   😂   1   😢  pengalihan  perhatian  yg  merasah   bangga    😮2      ada  menyebunyikan   pakta   ❤3    memperkuat  pundasi  sesat   😅 4   ada   bernar  tawu  kebusukan   yg  terjadi   atau kelemahan  kenegara an    ❤  yg   terlak  sana  yg  tak  benar  😢  gitu  pak  😅😅,0,2026-04-08T18:51:55Z
@AhmadRiyadi-g8l,Lrtitk sii!!! Bole tp klo pas di ganti itu BKN kritik pemalsuan itu yg bikin gadu di akar rumput itu makar namanya,0,2026-04-08T18:50:36Z
@bayuwidodo2750,"Wah..... 
Kemiripan menarik Kemiripan....... 😢
Apa yang ditulis dibuku itu adalah buah pikiran pa  prabowo
Pikiran Menjadi Kenyataan...... 😮
Mengerikan....",0,2026-04-08T18:46:10Z
@CECESumantri-b6u,Saya setuju pak mahpud cuman jangan bicara klw anda dirumahnya pdip bicaralah sebagai kritikus .,0,2026-04-08T18:41:37Z
@BangUjeChanel,Ah mud mud. Anda ajah dulu membungkam demokrasi waktu menjabat. Membubarkan ormas yg bersebrangan dengan pemerintah. Kasus km 50 gmna tuh pelanggaran ham berat. Itu waktu anda menjabat bijimna... Ngomong mah bisa bngt mud mud,0,2026-04-08T18:40:13Z
@BellaF1-c2o4l,Kekuasaan itu didapat dg cara CURANG ... akan menghasilkan kesengsaraan bagi rakyat ...,0,2026-04-08T18:39:51Z
@Nyong-l2h,Sayangnya ngga mau dengar merasa paling dan paling,0,2026-04-08T18:39:08Z
@feindridevita2352,Prof ❤,0,2026-04-08T18:32:17Z
@Omahkenangan,Mundur aja dah dengan segera prabowo biar gak makin hancur ni indo,0,2026-04-08T18:31:10Z
@kelanadriansyah,Kaloprabowo tidamaudikritik rayatmintabukti jangji2 prabowojangan asalngomong buktikanjangjinya rayatmarah,0,2026-04-08T18:30:29Z
@SirsakMoongems,"Hidup MBG kita orang desa bersyukur di perhatikan
Meskipun tidak seberapa setidaknya negara hadir",0,2026-04-08T18:28:56Z
@tondosamiadi3099,"Mohon pencerahan dari Presiden Sukarno sampai Prabowo, siapa yg terbaik?????",0,2026-04-08T18:28:17Z
@AgustinaMarissa,"Hanya satu kata MBG ladang basah .
Damai di mata koruptor 
Ramai di mata masyarakat.
Ladang basah bisa membuat damai tidak ada kerusuhan,demo jadi jadian,dll
Juga sebaliknya",0,2026-04-08T18:27:47Z
@BahagiaSelalu-j6m9g,Serbu,0,2026-04-08T18:08:46Z
@Prihadi-nt2wx,Joz,0,2026-04-08T18:08:22Z
@RikiAhmadani,Politik kalah PK Mahfud harus sabar 😂,0,2026-04-08T18:07:59Z
@Galih-w2q,oi,0,2026-04-08T18:02:21Z
@nurcholid8053,Mana koruptor dikejar wokwwowk,0,2026-04-08T17:59:28Z
@DELLPAPUA,Tersisa narasi MAKAR yg Mereka Anggap masih ampuh menyelamatkan dari kejaran KETAKUTAN atas BAYANG2 DOSA Kepada Negeri ini...,1,2026-04-08T17:57:43Z
@antoniussetiabudi3715,Percaya pa Mahmud SDH bicara Jujur .. tapi jgn tendensius ya ...,0,2026-04-08T17:57:10Z
@inspirasiusaha7,Dari jaman PK Karno presiden selalu jadi kambing hitam buat para koruptor 🐑 rakyat mudah di adudomba oligarki yg selalu untung besar.,0,2026-04-08T17:56:43Z
@kelanadriansyah,Pamamahmudtanyakan prabowoingkarjangji kekayaan alamkalo presiden jujurrayatharus sejahtra,0,2026-04-08T17:54:57Z
@kelanadriansyah,Prabowojokowi 11 12 samaedannya rayatsengsara persidentidaberguna kemanakan kekayaan alamdikeruk terus rayatmakin sengsara kelaparan,0,2026-04-08T17:38:28Z
@msaladi7209,"Yang baiknya pelaksanaan pemerintahan sekarang ini menteri menteri yg tidak cakap harus cepat di ganti jangan dari kaum politikus harus  dari kaum proposional dan didampingi oleh para ulama jadi ada pengawas setiap langkah dan waktu .kalau kita tidak menggandeng ulama tidak berjalan .hampir 80 tahun indonesia merdeka ,malah kita dijajah bangsa sendiri lebih parah....",0,2026-04-08T17:29:55Z
@Kenzy05Yafiqwicaksana,Mbg dan kdmp itu program yang parah sih kataku,0,2026-04-08T17:26:09Z
@ChaLou,Gelap udah...,0,2026-04-08T17:16:20Z
@kartinikartini21,"Pak, kalau boleh saya mohon membahas apa yang membuat negara ini selalu gaduh. Bahkan penyebabnya dari faktor internal, birokrasi yang buruk, korupsi dimana-mana, dan setiap kali pemimpin ganti kebijakan di seluruh bidang bisa berubah total yang akhirnya berdampak kepada masyarakat. Kenapa terasa labil sekali pak negara ini? Menurut bapak, apa yang menjadi penyebabnya? Bagaimana yang seharusnya dilakukan segera agar tatanan negara ini stabil, punya arah pembangunan yang jelas?",0,2026-04-08T17:15:07Z
@Sulis42,"11.hapus perpol polri yg sudah disahkan  12.hapus UU Perda  DPR 12. Hapus UU  no 6 kepres th 2000 dan UU etnis china yg mau dijalankan 1 Juni 2026 mendatang.13. lalu hidupkan kembali kepres no 14 /kepres 1967.14.buka lowongan utk TNI sebanyak""nya dan tutup utk  calon Polri (demi stabilitas keamanan nasional).15.adili jokowi.16.adili para koruptor 16.bubarkan parjok,Parjo,maupun PSI jgn dikasih panggung.17.bikin UU yg isinya larangan utk  presiden k 8  pak Prabowo ditemui,ketemu maupun menemui dg sengaja  maupun  tidak yaitu  p Jokowi maupun buzzernya ""dg alasan keamanan maupun  stabilitas nasional. 18.say no to Jokowi n say no to oligarki.kembalikan negara yg beragama .hapus UU apapun yg berbau Jokowi (Krn bapak Prabowo adlh milik rakyat ind dan para aktivis n BKN milik jkw maupun keluarga jkw
19.bebaskan 460 aktivis ,+ 900 aktivis bhkn 3rb LBH yg ditangkap  rezim kemaren+Listyo sgt
19.rakyat jangan divaxin walaupun gratis Krn vaxin adlh program elit global(China maupun Amerika) (Israel)utk memusnahkan seluruh manusia dibumi .20.stop hutang ke LN rampas semua harta para koruptor utk melunasi hutang k KN  agar 21.kembalikantambang"" emas,nikel,batu bara,minyak,Freeport BUMN,Indosat (yg telah dijual Megawati)dst  dst utk utk dikelola negara utk kemakmuran rakyat.kembalikan negara yg berdaulat yg berpancasila dan UUD '45. 22.Dirikan negara tnp partai.hapus UU omnibuslow.23.ramoas villa orang Israel diBali .24.tutup bandara international yg ada diBali,Maluku Utara,Morowali maupun Bali jg dipropinsi"" lain dg alasan stabilitas keamanan nasional a.agar mudah dlm  pengawasan.23. naikkan gaji TNI AD 15sd20jt .( 1 sbb diantara bbrp penyebab kenapa MBG harus dihentikan ) Etc",0,2026-04-08T17:14:09Z
@IwanIawan-jy9ez,Kadilah tukang keritik yang bijak dan beradab keritik yang salh baru kasih pujian hasil kerja yang positip nya juga . Sehingha meyerdaskan masarakat. Salm dari saya petani takyat idonesia,2,2026-04-08T17:12:34Z
@AlHatob,"Tujuan negara adalah agar rakyatnya aman dan sejahtera 
dan maju....
Gak perduli sistemnya apa yg penting tujuan tercapai..
Tapi sekelas pak Mahfud ja terjebak bahwa Demokrasilah sistem terbaik bagi Indonesia.
Hampir 30 thn menganut demokrasi apakah tujuan akhirnya tercapai????
Percuma kalau demokrasi berjalan benar tapi tak mencapai tujuan..... 
Ada yg salah disini??

Salahnya manusia menafsirkan tulisan kata kata manusia yg ilmunya terbatas ruang dan waktu, seperti KUHP buatan Belanda 1930, 
Buatan manusia pak itu dan mungkin dulu relevan tapi gak relevan lagi sekarang , cz yang buat adalah manusia yg GK bisa tau masa depan cz otaknya mungkin seberat 1,5 kg. Dan kita kadang berdebat mati2an menafsir satu kata dlm KUHP . .... Kita bodoh..
Kecuali Buatan Tuhan yg Tahu Masa Depan...",0,2026-04-08T17:08:52Z
@IwanIawan-jy9ez,Yang jelas menurut saya persiden yang di pimpin pak prabowo lebih baik dari pada persiden yang sebulumnya,0,2026-04-08T17:05:48Z
@anisamaysari-n8f,Ini programnya jokodok tambah omon omon boncos uangnya rakyat  presiden ya aja ngagul ngagul aja emang begitu ya aku aki sering dibohongi anak buahnyaobil untuk koprasietaj putih lakok datang lagiotot untuk MBG habis ini apa lagi pak Prabowo enak bapak sudah kaya tu rakyatmu yg miskin  lihat dong ajor ajor negara ini jika gengsi ada diatas segalanya  gila pujian jangan matok matok tok itu buatan cina ya jangan jangan hutang dan Natuna lagi jadi taruhannya pak terbuka dong hati hati dengan program ini bumerang buat kamu pak,0,2026-04-08T17:01:23Z
@sesiogenic,"Nampaknya presiden berikutnya Pak Mahfud MD, Aamiin",0,2026-04-08T16:59:55Z
@666super,Orang2 sakit pada ngumpul cieeee..,0,2026-04-08T16:58:11Z
@NondongLawi-p5o,Rombak semua uud yang tidak menguntungkan rakyat. Aku setuju dengan kang mahmud.,0,2026-04-08T16:57:53Z
@andyhara8682,yang mau melengserkan Bp Prabowo itulah antek antek piaraan SOROS. Hati Hati dengan Para Penghianat Bangsa,1,2026-04-08T16:56:57Z
@cakbagus2608,Semoga pak prabowo melihat prokkes ini dan segera mangambil tindakan yg baik,21,2026-04-08T16:55:16Z
@cakbagus2608,Sehat selalu prof mahfud,0,2026-04-08T16:49:15Z
@Ramos-sofian,Ga dapet panggung..😂😂..haus kekuasaan,0,2026-04-08T16:43:59Z
@romyfonda4280,SI JEK NOH RAJA BOHONG! GURU POLITIKNYA SAPA TUH?,0,2026-04-08T16:42:47Z
@allymarta9794,"Selalu nyimak  pak mafud,,terus kan pakk,,",1,2026-04-08T16:41:09Z
@Suryati-wl3mh,negara indonesa kaya raya,0,2026-04-08T16:39:48Z
@lasdikindekan9327,"Ini jelas konsolidasi utk makar yg di bungkus dgn acara halal bihala, dan kita tak tahu apa yg telah di siapkan oleh syaitul dan gerombolabya, hati2 dan waspadai pergerakanya.",0,2026-04-08T16:39:25Z
@Suryati-wl3mh,bpa prsiden prbowo terus mejabat sampe abis jangan di oroh kan orang yang tida berguna bpa prsiden prbowo tetap semangat menjaga melindungi negara indonesa kaya menjadi utuh,0,2026-04-08T16:38:46Z
@kurnadimiharja6214,"Kalau saya cocokan, dengan ramalan/penerawangan di video podcast, gumay, indigo asal Palembang, bakal ada kudeta,. Coba kita lihat aja sebagai penonton.",0,2026-04-08T16:36:31Z
@AlHatob,Saya gak suka Prabowo....,0,2026-04-08T16:29:16Z
@pascalramadhan532,Kayanya orang orang pak prabowo juga ga tau apa isi buku dia😂,0,2026-04-08T16:26:24Z
@martuasimanullang3182,MAHMUD MD..RAKYAT PILIH,0,2026-04-08T16:25:06Z
@martuasimanullang3182,Prabowo 2030 hancur kan indo...sama gibran,1,2026-04-08T16:24:24Z
@AsepBudi-f3c,Tapi yang jadi pertanyaan saya yang mengeritik pemerintah orangnya itu2 saja ada apa dengan mereka,0,2026-04-08T16:23:20Z
@muhammadsyahfi5899,😮,0,2026-04-08T16:22:44Z
@Zuraida-b5s,"Jangan, pernah, menyerah, dgn keadaan, negara saat ini, selagi ada, org org,  didikan Jkw,, yaa,,, bgtu, laah, yg kita rasakan sekarang, ini, , org 2 baik, tdk di pakai, , , ya Allaah, msh ada kah,,, tersisa,  , di Negeri, ,  org org, yg msh mencintai NEGERI  ?, sdh kering air mata, ibu pertiwi,,,, ya Allaah, lindungi, laah, negeriku, , dari,  , , musibah,  dari kekejaman, kerakusan, dari  org org zalim,,Aamiin Allaahumma Aamiin,",0,2026-04-08T16:20:26Z
@sriagusheri4057,"Ini baru chanel jelas tidak seperti kompas 
Isinya dipenuhi  buZZER PEMEEINTAH",0,2026-04-08T16:19:45Z
@Sulis42,"1.makzulkan Gibran2 2.buang semua orang"" titipan Jokowi ditubuh kementrian 3.bubarkan buzzer (para buzzer Gonta ganti ngejar saya trus ,rusak keluargaku ekonomi,pend. Anak""yg besar didrop out dari UN Hangtuah Surabaya pdhl dah wisuda,skripsi2x karangan sendiri.bhkn pernah mau dibunuh dikapal Meratus oleh kapten Aldy Rizaldy Hasan dkk( sy bisa cerita semua andaikan p Prabowo ketemu saya.n satunya lagi .mau dibunuh didepan mata sy,ibuk maupun istrinya anak sy  oleh para buzzer PSHT 2 org dari kepolisian.justru mrk diangkat pangkatnya oleh Listyo sigit.1org dari TNI.3.bubarkan MBG Krn MBG adlh programnya pak Jokowi tx mnggulingkan presiden Prabowo.4.Bubarkan PKI.6.sahkan UU perampasan aset koruptor7.rampas hasil korupsi para koruptor.8.Bubarkan DPR karena DPR  tidak bisa jadi wakil rakyat Krn 580DPR yg 260 LBH semuanya PKI .9.dirikan negara tnp partai,10.bubarkan 30 organisasi Islam sbnrny team propaganda islam to be continued.",0,2026-04-08T16:19:38Z
@budisukahar-q6k6j,Sudah ketularan Donald trump,0,2026-04-08T16:16:01Z
@AhmadTugio-lw7hf,"Mantap👍
Penjelasan yg bijaksana,dlm meluruskan permasa alahan yg trjadi,trimakasih pak❤mahfud🙏atas penjasanya yg toleran cermat .
Pantas tuk dicontoh💖💯",1,2026-04-08T16:07:21Z
@AutoVerseID,Mbg keliru pelaksanaannya hingga  realisasinya. Namun prabowo gak peduli kayaknya,0,2026-04-08T16:04:44Z
@flopyduck,"sebelum Presiden ini terpilih terus terang saya sudah ragu Indonesia bakal menjadi baik (sampe pilih golput), setelah berkuasa sekarang makin sulit posisi Indonesia bagi rakyat kecil seperti saya, apalagi udah anti pati gini terhadap orang yang kritis terhadap pemerintah dibilang ""Antek Asing"" atau ""Gak Patriot"", mau sampe kapan apakah harus tunggu seperti Trump yang mulai dibenci banyak orang sekarang dengan demo ""No Kings""?",0,2026-04-08T16:03:23Z
@aldiseptian5652,"Entah kenapa gua terfikirkan org sprti pak mahfud tuh klw di tarok di bdan pengawas pelaksanaan program pemerintah keknya cocok deh, dia tuh puny pov dri sisi hukum dan tegak lurus A ya A , B ya B, krn memanng bebberapa kekurangan yg ad di pemerintahan saat ini itu ya komunikasi, pengawasan dan pelaksanaan, salah satu nya program MBG deh gua ckup stju apabila dbntuk sebuah badan pengawas BGN di komandoi sm pakk mahfud bgs bgt atau org yg berkompeten dan integritas nya bgs lah sprti pak mahfud untuk ngawasin pelaksanaan MBG dan BGN, betul BGN punya team pengawas sendiri tpi alangkah lebih bagusnya lg dbuatt secara berlapis ad badan khususnya sbgai pengawas di backing langsung sm presiden supaya kepala pengawas nya bsa melakukan pekerjaannya tnpa intervensi kanan kiri depa belakang, kita hrus sadar juga gk segampang itu memang menyelesaikan masalah di Indonesia buanyak banget dan komplekss gk bsa 1 mannusia presiden sekaliber prabowo bsa mnyelesaikann scara cepat, dijaman sby yg dkenal stabil pun psti bakal penuh kebisingan juga klw  saat itu medsos udh kekk skrg, di era pak mahfud saat beliau jd menkopolhukam aja beliau yg ekspetasi kita tinggi ke beliau yaa beliau juga manusia gk bsa sempurna kerjanya ada kurang2 nya jga kok, demokrasi bakal anarkis klw tidak di barengin dengan pengawasan atau kebijakan hukum yang solid dan transparan akhirnya bakal jd amburadul, anarkis ya Indonesia saat ini sprti itu, org2 msiih bnyak salah mengartikan apa esensi dari sebuah demokrasi, itulah kenapa dulu ketika reformasi kita itu merubah sistem tpi tidak merubah atau membuat blue print yg jelas dalam pemberdayaan sdm salah satunya pendidikan, sistem sebagus apa pun klw sdm nya gk berkualitas ya sistem itu bakal tetap rusak dan gk berjalan dengan baik, kasarnya gini demokrasi hanya bisa dijalankan kalau sdmnya unggul, tingkat toleransinya tinggi dan beradab dan demokrasi tidak cocok di terapkan di negara berkembang aplgi sdmnya blm siap😊, pak mahfud trimksih atas pandangan pandangannya beliau itu slah satu org yg ketika kritik dia bsa fair trutama dalam aspek hukum ya, berhubung presiden kita ini suka liat berita di medsos trutama suka ntn youtube gua yakin konten2 pak mahfud psti bakal di tonton kok, gua brhrap pak mahfud bsa diskusi panjang tatap muka sm pak prabowo lg sih🙏.",0,2026-04-08T16:01:57Z
@hennywidiyanti8556,"Wooo"" hanya o oonnnnn""😂😂😂😂😂",0,2026-04-08T16:01:31Z
@ibnuwijaya7534,Kapan ya Punya Presiden yang benar benar berani memberantas korupsi…& mensejahterkan rakyatnya!,2,2026-04-08T16:01:16Z
@cekamyname,"Presiden,pemilik partai,pejabat,penegak hukum banyak lain nya. MEREKA BAJINGAAN",0,2026-04-08T16:01:04Z
@BromanKoyan2,Sy heran indo .dlm negara burukkan no1 nkri sedangkan presiden indo diluar negara .sangat digeruni didunia .satu lagi .masak mau angkat org luar jadi no1 nkri apakah udah tak ada org pribumi yg pintar mana sundan jasanya warga terbesar .indo.dan lain2 nya.,0,2026-04-08T15:56:22Z
@NyomanBagir,"Seandainya ada seseorang mengajak menggulingkan.pemerintah..terus seandainya megadakan demo dan anarkis,termasuk katagori apa pak...",0,2026-04-08T15:54:33Z
@syahirirmuda6397,"Ujung DUNIA itu mustahil ditemukan, karna Bumi ini {Bulat○} Makanya berputar* Org pintar pada ZamanNya {Yg Muliyah Abu Nawas berkata* ""Dimana saja Kita berduri diBumi itulah ujung Dunia atau juga PertengahanNya*",0,2026-04-08T15:53:10Z
@hajisamsudin,Ada yang sadar ga kemarin dengan pidato Prabowo beberapa kali dia mengucapkan terkadang kita harus sadar padahal dia sendiri ga sadar sadar setelah kepemimpinan nya Indonesia makin kacau rakyat nya makin miskin,0,2026-04-08T15:51:27Z
@Nurhendri-ml3ht,Ini buat pelajaran bg rskyat indonesia memilih presiden hrs cerdas jangan sampai salah pilih thn 29,0,2026-04-08T15:51:18Z
@MardjanSilangkap-h6m,"diharapkan apa yg dibicarakan dlm wawancara ini terwujud : 1.uu ttg koropsi dan perampasan aset segera disyakan oleh DPR.dan dilaksanakan dgn sementinya.2 semua permasaalahan koropsi yg mandek ditangani da
n disesaikan dgn rasa tanggung atas kepentingan negara dan rakyad. insyaalloh aamiin ya robbal alamiin.",0,2026-04-08T15:48:04Z
@DediHardiat-by8lf,"Terlaksananya MBG itu program Presiden , ingat program . Setelah di realisasikan di lapangan ternyata para pelaksana MBG ada beberapa tempat yang keracunan makanan . Dan ada juga di dalam wadah makanan tersebut , ada makanan yang sudah basi atau rotinya yang sudah kedaluarsa . Yang saya khawatirkan makanan tidak basi atau berbau , sehingga setelah di konsumsi oleh anak anak didik ternyata menimbulkan sakit perut dan itu sudah viral di tayangkan . Saya pikir yang harus di rubah bukan programnya , tapi para pelaksana di lapangan pemasak MBG /bagian Dapur yang harus di sterilkan . Ada yang berkata MBG di ganti  dengan uang tunai itu baik . Akan tetapi roda ekonomi akan mandeg dapur MBG tidak ngebul . Makanan yang di masak itu kan membutuhkan LPJ ,kompor , di atas kompor ada panci penggorengan ,minyak kelapa , tahu tempe sayur mayur ikan bla bla bla . Pasar bisa berjalan , UMKM Mikro makro berjalan dan lain lainnya . Kritikan dari rakyat itu suatu hal yang wajar kalau di lontarkan kepada pemerintah, asalkan bukan kritikan yang sifatnya membenci atau ingin merusak citranya .",0,2026-04-08T15:46:28Z
@FP_MOBAT-Mabet,"Hati hati sekarang banyak provokator yg menyamar. Bukan CEO aja yg bs menyamar dan Yg salah bisa jd benar,Karna susunan kata kata. Semangat memilah milah...",0,2026-04-08T15:45:27Z
@BromanKoyan2,Bagi umat Islam  haram  menjatuhkan ketua negara selagi dia tidak mengajak rakyat ke jln kemungkaran dan menzalimi rakyat nya .Klau rakyat belum sempurna di sejahtrkan ya sabar dulu krn bkn mudah untuk mengelola 280 j. Sedangkan urus rumah tangga yg 2 3 org tak terurus.ok.,0,2026-04-08T15:44:25Z
@Joeliananna,Paling aman sat set lengserkannn wowo Dan bocil instan!!!🤦🤦🤦,0,2026-04-08T15:40:59Z
@Watini-f3q,"Mohon ma, ap saya udah tua dan seorang petani hidup paspasan setelah aku amati dari presiden suharto sampai prabowo seperti nya ngak ada ilmu yg saya dapati ada sedikit yaitu suharto dan sby ada beberapa yg masih banyak manapa, at nah cuma yg sangat menarik sekali bagi saya yaitu iran alasan brani tegas cerdas dan memoertahankan negara dgn baik menjunjungtinggi agama nya setelah itu bulkinapaso atao ibrahim tharorek yg mengubah negara nya dari yg menderita menjadi sejahtra dan dia membuathukuman yg baik tidak dimiliki semua negara orang jahat tidak di hukum ta pi dibuatkan pekerja, an  oleh sebab itu mohon ma, ap ngajtertarik cara kita indonesia berpikir kecuali iran aprika ditambah cina rusia korya semoga anak cucu ku berpikir yg baik juju 21:24",0,2026-04-08T15:40:32Z
@saidFatih-r2r,Mahfud diem Bae saat berkuasa dimana Rahmawati didakwa makar juga beberapa tokoh dituduh makar,0,2026-04-08T15:39:49Z
@haringariono2223,DPR itu sebenarnya penjajah....tapi tanpa kekerasan...yg di jajah mental bangsa..dimana rakyat di paksa patuh setiap kebijakan yg di terapkan pemerintah...dan yg membuat aturan DPR itu sendiri...HIDUP RAKYAT DI NEGERI MIMPI...😂😂😂😂😂😂😂,0,2026-04-08T15:36:30Z
@AthunG-RY,"Isi pemerintah rezim sekarang pada haus kekuasaan, paraaah korupsi nya terang2 an,",0,2026-04-08T15:35:51Z
@kang_muk,"intinya satu prof, OMON OMON😅",0,2026-04-08T15:33:43Z
@Somay123-ve1vp,Mahfud jadi presiden😊nnti kita kritik ampe bersih 😂😂😂,0,2026-04-08T15:33:34Z
@rimbangapak9398,"Yang penting bapak sehat dan tetep Istiqomah,amat makruf nahi mungkar",0,2026-04-08T15:30:44Z
@syahirirmuda6397,Sekirany Bliyau {Pak M.MD} Lolos jadi Wapres setaraf Persiden atau malah lebih* Maka slari Persiden/Wapres tidak pincang jlnnya...❤* Karna Bliyau pegang kunci {Keburukan n Kebaikan Negarah} bahkan Bliyau seraba DATAH INTERNATONAl} Juga mau cerita ttg apa pun {KeAGAMAAN.KENEGARAAN&KEMANUSIAAN❤} Jagonya CATUR POLITIK!!!,0,2026-04-08T15:28:48Z
@denyadhitiya,Wkwkwkwk omon2,0,2026-04-08T15:25:54Z
@erosscandra1,"POV Kalau saya jadi presiden :

1. Gak bakal ada lagi DPR, tapi saya ubah wakil rakyat langsung untuk wakil presiden. Jika tidak akan saya sahkan udd perampasan aset dan hukum seumur hidup bagi koruptor.

2. Tidak ada gajih tinggi atau tunjangan bagi semua abdi negara karena mereka bekerja untuk bangsa dan negri ini begitupun presiden.

3. Jika presiden tidak mendengarkan rakyatnya atau tidak bisa merubah bangsa dan negri ini, wajib ganti presiden.",0,2026-04-08T15:22:51Z
@Ez_Dx,"vsi misi Prabowo salah satunya adlaah ketahanan pangan..tapi nyatanya malah impor dari Amerika ...ketahanan pangan dengan hasil impor mungkin..kita lihat bagaiman kementrian pertanian melakukan inovasi..karena ada warga yang punya inovasi terhadap benih padi, malah dipenjarakan karena alasan belum legal...WTF",0,2026-04-08T15:19:44Z
@refliwarman,"Seandainya president sedikit membuka hatinya, bersihkan kabinet dari pengaruh rezim lama. Itu sudah lebih dari cukup. Kalau tidak kemungkinan caos di depan mata dan mudah2an tidak terjadi. Ekonomi rkyat sudah sangat berat pak president",0,2026-04-08T15:18:01Z
@Watini-f3q,"Udahlah pak mahoud duatu za, at kita akan mati biar. Terserahsaja dgn prabowo tdk ada manusia yg kuat dan hebat dunia ini kecuali allah swt kalao aku melihat pemimpin kita za, at ini berat sekali semua kangkah dan sikap tdk ada harapan bagi masarakat tapi semua nya serahkan kpd allah swt rt saja banyak dosa apa lagi sbg kepala negara tentuk tak luput dari pandangan allah swt yakinlah kpd yg mahakuasa biarkan saja",0,2026-04-08T15:16:57Z
@EviSari-h1i,"Saya sebagai pedagang kecil , Skrang udah pada naik gara2 mbg pada naik udah pelastik udah semuanya pada naik pusing😂",0,2026-04-08T15:14:15Z
@laylatulfittrya9806,Ingat waktu kampanye Prabowo berjanji membawa Indonesian pertumbuhan ekonominya 8 % boro boro 8% stabil saja tidak inilah yg menyebabkan banyak kritik dari pakar ekonomi hingga akademis,0,2026-04-08T15:13:29Z
@dedeaprizal9661,"Sebelum ada gerakan tentu bicara dulu, mengajak baru menggerakkan. Gk mungkin tiba-tiba mau gerak sendiri, Prof.",0,2026-04-08T15:12:26Z
@supersaiyanngaret,Prbowo hanya omon omon,0,2026-04-08T15:12:12Z
@laylatulfittrya9806,"Kritik itu membangun bukan makar,  ketika Pemerintah anti kritik berarti negara gagal untuk berdemokrasi",0,2026-04-08T15:08:42Z
@hendraputra1836,Bubarkan DPR karena mereka tidak pernah berpihak ke RAKYAT....Rezim pemerintahan saat ini juga kacau balau 😔😔,0,2026-04-08T15:07:58Z
@BobihSatria,Joss,0,2026-04-08T15:07:55Z
@samadiyantoYanto-o9n,Yah ini semoga Prabowo bisa berubah ..terus terang sy pendukung Prabowo dr beberapa kali nyapres lalu dikalahkan jkw dgn cara curang dan licik..dari situ saya gak suka dgn si ijasah palsu hingga skrg ...maka saya harap Prabowo jgn di utak utik karena bila lengser Gibran yg naik jadi apa negara ini...SEBAB ITU BERUBAHLAAH PRESIDEN JANGAN TERUS DI BAYANG2I JKW ..DIA ORANG LICIK BENGIS MENGHALALKAN SGALA CARA,0,2026-04-08T15:04:53Z
@abdulazis2760,SALAM ❤ NKRI BERMARTABAT MULIA,0,2026-04-08T15:00:22Z
@jhonbalinga4303,Setuju prof...dulu prabowo sering juga menkritik jokowi,0,2026-04-08T14:57:54Z
@ujangholid,"Buku karangan Prabowo itu  hanya omon2 berbentuk tulisan, setelah jd presiden  omon2nya menggunakan mulutnya, setelah 18 bulan saya semakin yakin dia emang presiden omon2.",0,2026-04-08T14:56:48Z
@PedroSolo61,Makanya klau pilih presiden yg punya telinga bung,0,2026-04-08T14:53:54Z
@nesyaekaputri,"harusnya pejabat negara itu taat kepada konstitusi, terutama kepada dasar negaranya sendiri, yg merupakan jiwa dan jatidiri bangsa Indonesia. tapi nyatanya..? satupun g ada yg dijalankan secara terprogram.padahal pendahulu pahlawan kita sdh menghantarkan bangsa Indonesia kepintu gerbang kemerdekaan konkret dg apa yg harusnya di kerjakan dlm kondisi merdeka, jadi pancasila itu adalah KERJAAN yg harus dituntaskan..dibumikan dibangsa Indonesia, contoh...KETUHAN YG MAHA ESA, tanamkan jiwa KeTuhanan itu kkepada pemimpin dan rakyat agar setiap warga negara Indonesia wajib memahami KeTuanan, contoh Tuhan itu maha adil maka pemimpin hrslah berbuat adil dan menegakkan keadilan, Tuhan itu maha penyayang, makasih pemimpin itu hrslah punya kasihsayang dsb..dan seterusnya ²...sampai akhirnya persatuan Indonesia itu terwujud, dan peradaban yg mulia itu menjadi sebuah peradaban yang g dimiliki oleh bangsa²lain..dan pd akhirnya jg Keadilan Sosial bagi Seluruh Rakyat Indonesia, menjadi terwujud...seperti itulah yg disebut pancasilais. kita bisa bertanya, emang boleh di negara pancasila ada judol, emang boleh dinegara pancasila itu pejabatnya  koruptor, dan lain sebagainya...makanya Indonesia menjadi darurat konstitusi dan darurat pendidikan, kl kondisi Indonesia  seperti ini mau menjadi Indonesia emas th 2045,?..mimpimu terlalu indah nak...😂😂😂",0,2026-04-08T14:53:19Z
@EllisWindayatni,HATI    HATI    BANYAK    RAJA  TUKANG   NGIBUL,0,2026-04-08T14:52:41Z
@ratihch8328,"Kesimpulan : pinter teori, implementasi di lapangan ambyar. Skrng bukunya ibarat senjata makan tuan.😊",0,2026-04-08T14:52:21Z
@AmphibiMx,Mungkin linglung ceo,0,2026-04-08T14:47:29Z
@andilesprivat6338,"Next presiden kdm n wapres Mahfud, stop mbg beracun n kopdes, program BBM 5rb sembako serba 5rb,apa2 serba murah",0,2026-04-08T14:46:52Z
@wawanpj4352,"Demokkrasi itu juga bisa jebakan. Banya Negara maju itu saya lihat kerajaan. Demokrasi itu trlalu banyak ngomong kerja kagak. Mau jalan ditarik mau jalan ditarik, kpn majunya ini negara.

Hukum itu kalah klo diadu dg politik... boleh hukum dikalahkn secara politis ktk kepntingan negara dan bangsa terancam.",0,2026-04-08T14:46:28Z
@FaizAja23,Smuga berhasil cita cita pak prabowo kl pak prabowo kesulitan di bantu pak,0,2026-04-08T14:41:38Z
@Be_Strok,"Kalau pengin jabatan, Ngomong terus terang. 
Jangan Bikin Drama. 
Semua Presiden enggak ada Yg sempurna, semua banyak kekurangan. 
Mikir pakek Kebijakan jangan Mikir Pakek Nafsu emosional. 

Mau Ganti Presiden Berapa kali, Pasti 99% Ada Kekuranganya. 
Dari pada Minta ganti Presiden, mending Minta KIAMAT  DUNIA 
(AKHIR ZAMAN DI SEGERAKAN)",0,2026-04-08T14:40:21Z
@wawanpj4352,"MBG ITU BAGUS PK MAHFUUUUD, MIKIRNYA KO SEMPIT....... TDK MENGERTI HIDUP ITU PASANGAN. DISEBUT BAIK ITU BUKN TANPA CELA. Bantu prbaiki dan control dilapangan. Itu tandanya cinta negara. Bkn hanya ngomong.

Truslh brinovasi dan diprbaiki, pantau trus jalannya. Orang2 demo itu ya itu2 juga. Krn tdk kebagian jabatan/kalah perang. Klo dikasih jabatan ya sprti yg dikatakan pk Mahfud goblog juga mngkin lbih goblog.

Koprasi itu bkl menjual mensuplai MBG, Jd semua ekonomi muter di daerah. Didaerah MBG menciptakn lapangn kerja.",0,2026-04-08T14:40:01Z
@bidarabidara959,"AL Fatihah President Prabowo dan Mahfud MD
Bismillah Yaa Rabb Bersama sama Rakyat Mengadukan kepadaMU Yaa Rabb Hanya Engkaulah Yang Maha Mampu Membereskan Oknum Semua Keburukan Ulah Laku Pejabat. Politik Yang Buruk",0,2026-04-08T14:39:08Z
@FaizAja23,Pak kita di doakan saja presiden kita,0,2026-04-08T14:38:15Z
@chrismiaty1504,Oalah pk Mahfut saya mendengarkan buku pk bowo kok mules perut saya karna semua isi buku itu fakta nya cuma omon2 saja dn kenyataanya sekarang  memimpin negri ini amburadul,0,2026-04-08T14:38:09Z
@pavillanarayana3705,Mbg itu niatnya sih baik.tapi sistem yg di jalankan sekarang itu sangat tidak relevan.yg terjadi sekarang malah bisnis mbg yg di lakukan sama pengelola mbg.uang habis dgn cuma2.apakah mungkin bisa menjamin anak2 sekolah akan menjadi sehat dan pintar di masa depan?belum tentu!yang ada indonesia akan bangkrut di masa akan datang.kalau sistem yg di jalankan seperti sekarang,0,2026-04-08T14:37:45Z
@TopikMulyadi-p7g,Sudah pasti jadi presiden omon omon.,0,2026-04-08T14:36:28Z
@ijazahJOKOWI-n5q,35:25 mbg kacau balau dibilang bagus. Jlebbb,0,2026-04-08T14:36:04Z
@MuhamadAmirudin-t4s,"Mana itu yang bilangnya mengkritik tapi seperti ingin menjatuhkan? 

Nih BACA

Menggunakan Bahasa yang Lemah Lembut (Qaulan Layyinan):
Dalam QS. Thaha ayat 44, Allah SWT memerintahkan, ""Maka berbicaralah kamu berdua kepadanya (Fir'aun) dengan kata-kata yang lemah lembut, mudah-mudahan dia sadar atau takut."" Ayat ini menegaskan bahwa bahkan kepada penguasa yang zalim, kritik tidak boleh disampaikan dengan cacian atau makian.

Tujuan untuk Perbaikan (Amar Ma'ruf Nahi Munkar):
Kritik bukan untuk menjatuhkan, melainkan untuk meluruskan penyimpangan dan menegakkan kebenaran.

Ketaatan Berbatas:
Umat Islam diperintahkan taat kepada pemimpin (ulil amri) selama perintahnya tidak melanggar aturan Allah SWT (QS. An-Nisa: 59). Jika pemimpin melampaui batas, masyarakat memiliki hak untuk mengingatkan.

Penyampaian melalui Saluran yang Tepat:
Kritik disarankan melalui jalur yang baik dan tidak menimbulkan kekacauan atau keresahan di masyarakat.

Niat Nasihat:
Kritik harus berlandaskan niat yang lurus (nasihat) dan tidak didasari kebencian atau prasangka buruk.

Kalau di media sosial atau forum umum bukan mengkritik namanya tapi provokasi.",0,2026-04-08T14:34:52Z
@kasmasurianisormin5401,Semoga ini didengar pak Prabowo dan dipahami serta di terima untuk dilaksanakan,47,2026-04-08T14:34:30Z
@zulkeje6462,Semoga Pak Mahmud MD sehat selalu. Prabowo masih tunduk Sama Jokowi.,0,2026-04-08T14:33:33Z
@AdjiHandoko-g4n,"Siapapun yg mengatakan MAKAR artinya dia sendiri PEMAKAR
Antek antek asing eeeeeee
Dia sendiri anteknya ASING
Beli mobil dari India, artinya produk dlm negara gak dpt FEe Fie Fie FiE Bonus
Kan ada mobil SMK kok gak pesan mobil SMK. ?",1,2026-04-08T14:32:57Z
@TahuKotak-v5l,"Prabowo tidak paham kepemimpinan, ilmu sosial dan kemanusian juga sangat2 ga paham dia cuma duda priayi",0,2026-04-08T14:30:43Z
@baimdoutangga911,"Profesor plin plan, bicara sesuai kedudukan dan posisi",0,2026-04-08T14:29:11Z
@ElJamali-w2s,Beneeer skl lebih cocok ngomongin soal sahabat biar ga ditebak2 soal kanan & kekirinya.,0,2026-04-08T14:28:59Z
@rinofenyakub8072,Tolong dikabari kami Prof bagaimana perkembangan kerjaan tim reformasi polri.,0,2026-04-08T14:28:17Z
@malindrayy,Code nih Prof.Mahfud :D let's goo,0,2026-04-08T14:26:50Z
@WahyuThok-i7c,"Lha anggaran sepeda listrik, truz kaos kaki sampai berapa ratus miliar,trus tablet pasaran 8 jt di tulis 17 jt
Polisi jadi rampok d jalanan 
Kok gini amat hidup di indonesia",0,2026-04-08T14:26:08Z
@Marsiman-sp3ov,"Saya petani sayur ,saya jual cabe , tomat, kacang, pnjang, dll.
Setelah ada MBG kok murah banget yaa",0,2026-04-08T14:22:07Z
@Suharmi-d1w,Raja omon omon?,0,2026-04-08T14:20:33Z
@mangaratuasamosir9556,"Setelah memperhatikan pemilu yg lalu analisa sy sebaiknya Probowo hrs diantar sampai 2029. UU perampasan assets sy pikir Timingnya tdk tepat, coba pikir bgmn Putusan MK No. 90 bisa terjadi Oh wala-wala. ❤❤❤PDIP",0,2026-04-08T14:19:43Z
@markeshod5758,"Seolah menjadi keyakinan seorang yg pingin menjadi Presiden Indonesia 2 periode maka ""BERBOHONG/SEIN KANAN BELOK KIRI ITU HARUS DIPRAKTEKKAN DALAM PEMERINTAHANNYA"", Jokowi terbukti sukses 2 periode bahkan nyaris 3 periode.",0,2026-04-08T14:18:20Z
@JhoniP-q8j9c,"Kupas tuntas prinsipnya pak Prabowo pak Mahfud.
 👍",0,2026-04-08T14:17:21Z
@izzularobi3932,"kalo dia di dlm pmrintahan ngomongnya manis.. track of the record. mahfud mahfud... 
basi...",0,2026-04-08T14:16:49Z
@ARDISON-g2v9i,"Pak mahfud kami bingung  dari dulu cara bicara bapak kayak kipas di atas bukit, 😂😂😂😂",0,2026-04-08T14:16:28Z
@armandogreatest9027,"Kalau 14 dari 15 politisi tdk bagus, maka yg ke 15 adalah PS sendiri yg sangat jauh lbh jelek dari yg 14. PS hanya omon2, banyak sekali yg dia tulis dlm bukunya dan yg pernah dia katakan hanya omon2 dan yg dilakukan adalah yg sebaliknya. 

Indonesia dipastikan akan makin mundur dlm segala hal karena politisi ke 15 itu.

Begitulah negri konoha.",1,2026-04-08T14:15:48Z
@Marsiman-sp3ov,"Biasa saja pak Mahfud MD, bicara seperti itu, soalnya dia tidak di pakai di pemerintahan pak prabowo, semua orang tidak ada yg sempurna PK Mahfud, termasuk pK Mahfud juga belum sempurno kann..",0,2026-04-08T14:15:47Z
@MuhammadHaiqal-u6e,"pak anies bagus, pak ganjar juga bagus, apalagi prof mahfud ini sangat bagus. betapa bodohnya kita orang2 yg punya intelektual dan pemikiran brilian seperti mereka gak kita jadikan pemimpin bangsa. yang terpilih malah orang yg joget2 dan program yg jelas, lebih gilanya pemimpin kita (bangsa dg penduduk muslim terbesar di dunia) dg terang2an bilang ""akan membela kepentingan Israel"" Astaghfirullah.... 

Allah gak akan merubah nasib suatu kaum jika kaum tersebut tidak berusaha untuk merubahnya. 

maaf kalo kepanjangan, mudah2an kelompok 58% bisa sadar",0,2026-04-08T14:14:43Z
@AdeSaputra-t7g,Mobil Indonesia sendiri..motor..buatan Indonesia sendiri...Prabowo sedang MABUK !!!,0,2026-04-08T14:13:12Z
@AhmadIrfan-d6j,mungkin jokowi azak prabowo gabung kekabinet dan skrg jd presiden dgn syarat khianati bukunya paradok indonesia,0,2026-04-08T14:11:57Z
@erics8095,kenapa tipu milih wowo... kukira dia udh tobat di masa tuanya.. rupanya makin jd penipu,0,2026-04-08T14:10:22Z
@RakiuBiningko,"Yg merusak kerjakan prabowo itu adalah mbg, serta memotong dana transfer ke daerah. daerah menjadi kering.",0,2026-04-08T14:09:56Z
@erics8095,makzulkan wowo .. k0rupsi MBG,0,2026-04-08T14:08:05Z
@TrsSugara,"Yang salah rakyat bodoh yang hanya dapat bansos, hasil pilihan curang dan nyuap gak bakalan berkah, bisa kacau balau",0,2026-04-08T14:06:24Z
@dwiastuti1578,"Sukarno,suharto jasanya besar kpd negara,tpi berakhir dg digulingkan,sedang kan jokowi yg merusak pemerintahan dan menyusahkan rakyat tapi tdk sampai digulingkan,bahkan sdh lengserpun masih bernafsu utk merusak bangsa,,,sungguh manusia licik jelmaan dajjal",0,2026-04-08T14:05:43Z
@Mobiles-r6s,Pemilu mendatang pilih gibran. Biar negara ini cepat?,0,2026-04-08T14:05:04Z
@otangabdulhay7012,"Tidak semua klg orangtua murid sekolah  perlu diberi bantuan makan mll pola MBG,cukup prioritaskan anake yg ortunya masuk kuwalifikasi klg miskinsaja.dgn catatan perbaikan terus data statistik nya masih banyak kejanggalan karena kesengajaan di tkt aparat desa dan kelurahan.Enggak perlu digitik ratakan.Kan anggaran Pemerintah terbatas banyak yg harus ditangani.Koperasi Merah Putih lagi2 top.down.Akhirnya bernadib sama seperti KUD,persekongkolan ekonom2 desa dgn aparat desa dan kecamatan berakhir dgn korupsi,rakyat di bohongi.Politik luar negeri amburadul, gantri mentrinya yg berpengalaman bukan kaya kacung.Parpol dibuat kaya anjing conge.",0,2026-04-08T14:04:58Z
@madearthaadnyana1957,setelah mendengar pembicaraan pak mahfud mudah2 an pak Prabowo sadar dan eling terhadap apa yg ditulis atau yang diucapkan dilakukan dengan sebaik2nya apa yg pak mahfud sampaikan agar diperhatikan dan dilaksanakan olehnya sebagai presiden. kekuasaan tertinggi di negara indonesia ini.,4,2026-04-08T14:04:36Z
@DimasNolan-u2v8g,"Mobil Mahendra jadi Beban Koprasi Desa Merah Putih (KDMP)  yg tiap Bulan /Tahun harus setor Angsuran kredit  Pembelian Mobil Mahendra Buatan Impor dari India yg di bebankan ke Pengurus Koprasi (Kelurahan /Perangkat Desa)....Akhirnya Ada beberapa Kepala KDMP pada mahu Mundur jadi Ketua karena Oprasional Koprasinya  Belum Tersedia secara lengkap dan Barang2 yg ada di Koprasi nya masih kalah dgn Indomaret,Alfamart,TokoMu,Toserba (Toko Serba Ada) & Toko-Toko Madura....Jadi Oprasional  ""KDMP"" masih banyak Menemui  Kekurangan misalnya di daerah  Sleman DIY Pengurusnya masih pada Galau,Gelisah...!!! Kata Ketua BEM UGM Bahwa KDMP  & MBG ada Maksud  untuk Persiapan  Maju 2 Periode 2029...KDMP bisa jd Alat Intervensi kpd  Kepala Desa,Perangkat Desa/ Pengurus Koprasi yg gak jauh jauh Apa yg pernah terjadi di Pilpres 2024 Perangkat Desa Jd Alat Mobilisasi Dukungan 😅😅😅",0,2026-04-08T14:03:34Z
@mahfuddaroini,Biar bukunya laris pak,0,2026-04-08T14:03:25Z
@siprianusdoni4818,"Kami rakyat miskin puas dgn kinerja presiden Prabowo pa,",0,2026-04-08T14:03:18Z
@UncleSwa,"Jika harus menurunkan presiden…sekalian wakilnya
Ayo rakyat bersatu kita turunkan bersama “",0,2026-04-08T14:02:35Z
@imadesumantra1386,"Hidup Prabowo Gibran. Tetep sehat pak. Salut. Disaat negara2 lain menaikan minyak  ,,tetapi bapak tetep TDK menaikan dg pertimbangan menjaga stabilitas ekonomi. Rakyat bersama BPK. Biarkan barisan Sakit hati bicara karena Negara Demokrasi. Tapi kalau memang ada unsur 2 yg melawan Hukum mhn Bapak Polisi dan TNI  tetep menjalankan Tugas masing demi Tegaknya NKRI. HIDUP PRABOWO GIBRAN",1,2026-04-08T13:59:43Z
@tykszdatabase7447,"Tumben pak mahfud, ini podcast termasuk edisi yang tergolong keras",0,2026-04-08T13:59:38Z
@AdiNayadi-z5l,Mantap pak Mahmudz,2,2026-04-08T13:59:23Z
@jempolclips,"Belum tentu pemakzulan pak Prabowo itu membawa kebaikan buat rakyat bisa jadi tambah kacau😅😅😅 
Karena ujungnya yang bahagia bukan rakyat tapi para politisi yang lain
Rakyat cuma di ajak ajak ikut marah marah oleh para politisi.. mana mungkin nanti ujungnya rakyat akan di bela sama saja busuknya cari muka cari panggung seolah olah benar",0,2026-04-08T13:56:36Z
@Wongjowo55-r6q,Sehat terus pak prof Mahfud,0,2026-04-08T13:56:26Z
@masluluq,"Pak Mahfud apakah tidak ingat ttg kasus Km 50, UU   CIPTA KERJ, UU KPK. Itu semua di era pemerintahan Jokowi dan Pak Mahfud ada di situ.
Itulah warna hukum ketika Anda di dalam",0,2026-04-08T13:55:04Z
@gedesuartaya8877,"Sekarang sdh jd Presiden kesempatan utk mengeluarkan dekrit Presiden tuk meminggirkan Legislatif dg menzahkan RUU Perampasan Aset bagi koruptor yg hrs dihukum mati dan Perampasan aset usah mikirin keluarganya emang koruptor mikirin masy yg banyak miskin ( sd hkm mati tergantung dr banyak korupsinya) dan segera dipublikasikan aset sitaan utk apa. Mudah2an kita baik"" saja dan Presid",0,2026-04-08T13:53:24Z
@MawardiAdi-o9l,Saya dulu pilih GANJAR karena ada Pak MAHFUDZ tapi saya menghargai pilihan mayoritas,0,2026-04-08T13:49:31Z
@madearthaadnyana1957,"Pak Mahfud...!!! Pak Prabowo itu sudah tuuuaaaaaa....!!!..secara kesehatan otak sudah menuaaaaa, jadi banyak lupaaaa, apa yang sudah ditulis dalam bukunya...atau yang diucapkan secara oral...setelah beberapa hari semua menguuuaaaap...alias blank hilang dari ingatanyaaaaa...!!!! sudah factor Umuuuur....",0,2026-04-08T13:47:16Z
@EstiJunaningsih,"3 syarat yg dimaksud prabowo tdk satupun yg terwujud, malah melawan arah, itu fakta",0,2026-04-08T13:47:10Z
@ediyantoliong9438,Makin segini makin gak jelas mahfud ini enggak tau mana makar dan keritik lucu gelar profesor enggak seperti dulu yg kami banggakan tapi sekarang sudah enggak ada artinya buat bangsa ini 😂😂😂,1,2026-04-08T13:45:08Z
@tarjosajabae864,KAYAK DI LENGSERKAN  menit 34.00,0,2026-04-08T13:44:46Z
@bimawicaksono947,"Gk bakalan mundur dia,tpi harus di gulinkan,matikan gardu2 listriknya,klau tdk rusuh caos gk bakalan trwujud,klau cuma demo santun,damai,tertib lebih baik cuci tngan cuci kaki makan tidur",0,2026-04-08T13:42:48Z
@sonisenjaya8499,"Seharusnya Prof.Mahfud lah, yg menjadi Kajagung atau Ketua KPK",0,2026-04-08T13:41:24Z
@Slo.423,"Jika tdk makar  ,?_   masukin sj dlm indikasi provokasi membuat gaduh negara)  di   jerat bisa*)??",0,2026-04-08T13:40:27Z
@bombysimamora4688,"MAHFUD JNGN NGOCEH KAYAK BERSIH, SELAMA INI BAPAK PEJABAT SUDAHLAH.",0,2026-04-08T13:39:37Z
@AgungSusilo-e2p,Yang menulis buku ini bener pak Prabowo  atau  bukan ya..kok Prof Mahfud  yg lebih  hafal dari  pada yg penulis aslinya...😢😢,1,2026-04-08T13:37:48Z
@anjainul3538,Mulutny banyak kritik,0,2026-04-08T13:35:01Z
@abulainin5327,Smg Alloh swt mencabut kekuasaan  pa wowo yg banyak kelirunya!! aamiin,1,2026-04-08T13:34:16Z
@MrSulaibougag,"Ada lagi ini kasus penyiraman air keras kepada aktivis di Kab Bangka Selatan, sedang ditangani Polda Babel",0,2026-04-08T13:33:45Z
@AgungSusilo-e2p,Prof Mahfud memang  hebat..selalu  bicara dengan dasar fakta..pembaca yg hebat dan cerdas..❤❤❤,28,2026-04-08T13:33:23Z
@jacklabok6715,"Ciri khas profesional TDK masuk dalam Sistim, banyak kritikan yg menjatuhkan pemerintahan berkuasa",0,2026-04-08T13:29:07Z
@PaheBudi,Emang orang kaya itu bisa turun kan presiden rakyat yang pilih bung bukan orang pandai bicara congor nya,0,2026-04-08T13:28:58Z
@AgungSusilo-e2p,Pejabat konoha sudah  mati  rasa hati nya kalo sdh bicara lumbung uang nya di kritisi..😢😢😢,5,2026-04-08T13:28:38Z
@PaheBudi,Apa sekarang yang namanya bebas berbicara omong olok 2 orang semua presiden gak bener,0,2026-04-08T13:26:52Z
@PaheBudi,Reformasi gagal semua pandai bicara aja kerja gak pecus,0,2026-04-08T13:25:32Z
@ahmadmarhayadi8104,Paradokz prabowo,0,2026-04-08T13:24:56Z
@AyunJariyah-g8q,"Terkadang insan itu lupa, makanya orang terdekat mengingatkan",0,2026-04-08T13:24:54Z
@yudadinata6714,Ya allah berikan petunjuk untuk masa depan negeri Indonesia yg jauh lebih baik..,13,2026-04-08T13:24:21Z
@Amad-f2k6p,"Kbencian mmuncak saat ada BoP dan dg ksepatan trump yg pincang.  Trus terang meskipun gwe pngagum brat alm gusdur, Mendadak tak simpati alias gondok saat bliau ingin normalisasi dg sirewel, karna buat gwe kjayaan ras bukan dari waktu ukuran manusia tp dr sifat rahmatan lil alamin sang Pencipta.",0,2026-04-08T13:24:18Z
@meykekd1739,"Reformasi Polri saja gk jelas krn prabowo gk berani ganti kapolri, jd reformasi itu cuma omon2....hidup jokowi...hidup jokowi, jd jangan berharap banyak dari prabowo",0,2026-04-08T13:23:21Z
@mulyanto136,Mbg harus d hentikan...,0,2026-04-08T13:23:15Z
@sudirman2547,"Banyak orang yang 
jika sama tokoh siapapun keras mengkritik, tapi sama semua Presiden tidak berani mengkritik, bahkan cari muka cepat2,makanya selalu mendapat jabatan tinggi, karena seolah-olah mengkritik mbela rakyat. Padahal hanya cari kedudukan secara halus atau secara tidak langsung.             Jutaan Penganggur mungkin lebih senang dan merasa terwakili oleh pendapat berani Saiful Mujani  dibandingkan  dengan pendapat orang2 yang kerjanya hanya cari muka kepada Penguasa,apalagi Saiful Mujani bukan  makar,tapi hanya menyampaikan pendapat di muka umum yang dijamin Konstitusi untuk memperjuangkan nasib bangsanya. Bukan memperjuangkan Penguasa agar memperoleh kedudukan dan kekayaan .Jutaan rakyat yang dibiarkan nganggur lebih suka diberi pekerjaan dp MBG,maka sebaiknya jutaan penganggur mendesak Penguasa untuk mbangun industri2 padat karya yg bisa mempekerjakan jutaan penganggur, bukan hanya memberi MBG yang malam dan paginya tetap kelaparan dan hanya mbangun Hilirisasi yang hanya bisa mempekerjakan beberapa ribu orang saja, meski menguntungkan Pejabat2 yang Pengusaha dan Konglomerat.",0,2026-04-08T13:22:37Z
@DarsonoLamongan,Mahfud MD kamu pernah jadi menteri apa aja kerjamu untuk negeri ini,0,2026-04-08T13:18:25Z
@KAt4H4t1,Prabowo itu plin plan tidak punya pendirian...tidak punya prinsip...hopeless,0,2026-04-08T13:18:01Z
@tajudinudin1452,Kami heran kok ketik melulu  bukan sama mendukung yg baik,0,2026-04-08T13:17:56Z
@TriSusanto-i3d,"Bisa nulis buku pemerintah Han atau politik blm tentu bisa mimpin,malah ambrul sy GK tau mau di bawa kemana bangsa ini",0,2026-04-08T13:16:30Z
@agussupendik8655,Semoga Indonesia lebih baik.. pejabatnya amanah untuk mensejahterakan seluruh rakyat Indonesia,10,2026-04-08T13:13:46Z
@etenurulaliyah4935,"Sedetail ini penjelasan pak Mahfud,,,serasa sekolah diusia 47 thn,,,,",0,2026-04-08T13:10:57Z
@tanahairbeta5441,Jika Prabowo bikin aturan kuruptor di hukum mati maka rakyat bersorak Dorak gembira.,1,2026-04-08T13:09:24Z
@erwaniwan7488,Prabowo itu misang berbulu domba.. rakyat dianggap ayam yg goblok.. bisa dimanfaatka..diadu domba lalu dimakan😂,0,2026-04-08T13:08:43Z
@didinizzuddin5520,"Mahfud MD jadi keliatan Aslinya.... Aslinya memaang pengen jadi penguasa.... Dari jaman Baheula....

Inget gak waktu 2014😂😂😂",0,2026-04-08T13:07:32Z
@AntoKampleng-t8s,Ya tolong pak Mahmud....bersama orang2 yg kompeten..benahi negeri ini...sy sebagai rakyat berharap sekali,12,2026-04-08T13:07:32Z
@mvkwee,Jadi Prabowo diturunkan lalu Gibran yang naik?? Ooo NO NO yah,0,2026-04-08T13:04:48Z
@SlametSantoso-d7i,Seguru seilmu dengan RISMON...wkwkwk,0,2026-04-08T13:03:07Z
@andisektiadi623,Lalu jaman Gus dur bagaimana Pak Mafud.apa itu makar atau bukan??,0,2026-04-08T13:02:07Z
@sigitraharjo5641,Sehat selalu Prof... 🤲🤲🤲🤲🤲🤲🤲,1,2026-04-08T12:56:29Z
@ahmadsunhaji305,"Ya begitulah Prof mahfud..orang kalau belum berkuasa omongannya seperti angin surga, tetapi ketika sudah berkuasa bener, apa yg ditulis apa yg dikatakan akhirnya jadi OMON OMON, Ndobos alias ngaaaapusiiiiii....Taek Taek",0,2026-04-08T12:56:23Z
@suryahadisiddiq4803,❤,0,2026-04-08T12:54:17Z
@TbHasanudin-yr7gu,"Assalamualaikum kepada pengamat Negrii dan pemimpin indonesia khususnya kepada prabowo , presiden prabowo sudah ngawurr  alias sudah ga ada niat untuk menegakan Hukum di indonesia yg barang tentu presiden prabowo sudah sama2 ikut menghancurkan Negara indonesia  ,itu menurut sy pak , membikin Rakyat kecewa ,",0,2026-04-08T12:53:48Z
@aalgogle4735,Sip pak.. Tapi yg bilang makar itu siapa ya,0,2026-04-08T12:52:07Z
@alvatursyahlukman6208,Wajar Mahfud demikian krn orang kalah di pilpres..😂😂,0,2026-04-08T12:52:06Z
@DulIllah,Kasus percobaan pembunuhan/pencacatan anggota Kontras dengan air keras yg dilakukan oleh anggota TNI itu jelas harus dilengserkan si owo ini !,0,2026-04-08T12:50:09Z
@RayaSyah,"Gak Jelas Juga Aaahh Mahfud,, Padahal Bidang dia pakar Hukum ,, masalahnya ada sekelompok orang inronesia yg dibiayai untuk menggulingkan pemerintahan yg sah,,",0,2026-04-08T12:48:49Z
@guardianangel939,May day 2026. Rakyat siap gerak. Bubarkan sementara DPR! Reset ulang pemerintahan! Khususnya wapres hasil kecurangan dan KKN! Kembalikan kedaulatan dan kesejahteraan RAKYAT! NEPALKAN PEJABAT KORUPSI!,0,2026-04-08T12:47:17Z
@AditamaElfan-to2dq,"Warga sipil kecewa dg pimpinan prabowo,, MBG kurang layak, belum merata, KIS banyak yg di cabut, bansos juga banyak yg di cabut..",0,2026-04-08T12:46:53Z
@AbdulRahimBachtiar-qg2bx,"Udah makar itu,Wak mahpud",0,2026-04-08T12:45:36Z
@sebastianusayong3397,Sekarang  ini  siapa  yang  mampu  menangani  korupsi  deindonesia  ini  tidak  ada  semua  koruf,0,2026-04-08T12:44:34Z
@Brightian99,"Pak Mahfudz, kita boleh dong bilang ""Bakar rumah pak Mahfudz"" hanya seruan aja, tapi belum ada tindakan, boleh pak?",2,2026-04-08T12:41:09Z
@ayunin4127,"DPR tidak ada fungsinya,lah ijazah lulusan pasar Pramuka,harusnya anggota DPR minimal lulusan S1 yang asli bukan yg abal abal",0,2026-04-08T12:41:08Z
@KaiaRisety,"Sengsara nggak ada habisnya, jika sudah pikun beneran ""kembali ke jaman ORBA , DPR Diam gak ada fungsi sebagai wakil rakyat dan ruang gerak mahasiswa juga sudah ditimbun dengan teror dan ancaman"" Otoriter yang senyap ""Sehat terus pak Mahmud, terus suarakan pembaruan hukum untuk memberantas PENYAKIT PEMERINTAH YANG TERUS MENJANGKITI NKRI DAN MENJAJAH RAKYAT""",0,2026-04-08T12:39:37Z
@ToyibBaee,Rakyat biasa saja paling elit2 yg tdk suka kebijakan pemerintah,0,2026-04-08T12:39:17Z
@NengAas-e5i,"Pantesan MBG,ngga mau di hentikan.yang punya dapurnya,anak anggota DPR,polisi,tentara.ya iyalah.bagi bagi ke untungan.aduh.....rakyat sekarang sudah pada ngerti.paham.",0,2026-04-08T12:38:08Z
@TotoDoro-d1p,"Rasanya sulit bagi Pemerintahan Prabowo untuk dapat memperbaiki apa yang di tuntut oleh rakyat.
Prabowo menjadi Presiden karena di dukung oleh para Termul dan Partai yang di kondisikan oleh Jokowi, tentu Prabowo akan sulit mengambil sikap antara berpihak pada kepentingan rakyat atau memenuhi kehendak para Termul dan Partai pendukung.",0,2026-04-08T12:36:22Z
@rainjava1183,"Bukanya yg di rubah harusnya sistem/konstitusi? Berikan hak legislatif presiden di atas MPR & DPR…mau di ganti detik ini pun juga sama saja kalau masih dengan sistem demokrasi bawaan U.S yg bobrok. Mau di ganti anis, ahok, ganjar? Gibran gk usah…hasilnya sama aja. Malah kita rugi harus kehilangan traksi yg bahkan beluk sempat evaluasi dengan maksimal. Siapapun presidenya NKRI ini parlementer bukan presidential",0,2026-04-08T12:35:16Z
@jenysunarti9958,Pak Mahfud terbaik pilihanku,0,2026-04-08T12:34:46Z
@NengAas-e5i,"Betul pak Mahpud,MBG itu benar benar berasa dan terlihat meng hamburkan uang aja.otak di kepala anak anak di kelas cuma makan pikirannya,bukan pelajaran yang di pikirannya.bisa jadi bodoh,",0,2026-04-08T12:32:53Z
@adoono750,"jawaban presiden atas semua persoalan negara kita ini sangatlah gampang, beliau tidak punya tongkat nabi Musa...",0,2026-04-08T12:32:39Z
@sobokonco6365,"kata tan malaka "" sulit mencari pemikiran logis di indonesia ""

meski prabowo di gulingkan, nantik masyarakat pasti pilih prabowo ke 2. karna kualitas SDM...!",0,2026-04-08T12:30:59Z
@FaisalMesda,"Kritik sah sah saja. Kalau cuma buat ganggu program pemerintah yang sudah jelas pro rakyat, orang yang mengkritik itu pasti sampah.",1,2026-04-08T12:25:12Z
@Suwito-s6s7i,Antek asing tebar narasi propokasi rakyat....itu rakyat udah tau.,0,2026-04-08T12:21:24Z
@Suwito-s6s7i,Rakyat yg mana desak mundur BPK Prabowo...KLO bisasa akan di jadikan presiden seumur hidup...itu pakta membela rakyat kecil.,0,2026-04-08T12:18:42Z
@ahmadmuzayin5176,"Seperti k3mbali ke zaman orde baru bahkan lebih parah. Sedikit-sedikit dituduh Makar, lalu dituduh Antek asing.sampai tindakan teror psikologi, bahkan serangan fisik menuju ke percobaan p*mbunu*an. yang berakibat cacat permanen. Apakah rakyat harus tetap diam ?",0,2026-04-08T12:17:10Z
@nelinuraeni47,Demokrasi itu apa siiih .. yang bilang makar termasuk Demokrasi bukan,0,2026-04-08T12:16:38Z
@Reja-x7c,dilingkaran prabowo tidak ada orang pintar. yg ada ABS.,0,2026-04-08T12:14:32Z
@DanaSaputra-y5n,"Selagi Indonesian masih menganut sistem demokrasi,Mungin Indonesia ga bakalan jadi negara maju bahkan mungkin secara geopolitik juga ga akan setabil",0,2026-04-08T12:10:58Z
@AripRahmanudin-n7h,biar gibran naik ya 😂😂😂🎉🎉🎉,0,2026-04-08T12:10:21Z
@akangemil8622,semua harus tau bhwa program2 prabowo tdk ada dlm program bapenas...artinya program2 spontan prabowo....ntah apa yg ada dibenak pemimpin sprti ini.....,0,2026-04-08T12:09:17Z
@asril35,"Saya belum baca buku tsb, namun setelah mendengar penjelasan pak mahfud ini, aneh juga yah pres kita ini. Sdh lupa dng isi bukunya sendiri.",0,2026-04-08T12:07:14Z
@abdulsukur3691,Pemimpin apa Badut ya.... Rakyat dikira masih bodoh aja ...,0,2026-04-08T12:06:48Z
@AlAnsori-b5r,"Pertanyaannya selain pak prabowo siapa yg layak jadi presiden, dulu aja pak mahfud sekedar jadi mentri aja ngak bisa berbuat apa2/kinclep sekarang aja pas lagi di luar banyak koar2",0,2026-04-08T12:06:24Z
@lesmananky9786,Sayangnya mahfud ini sering mencla mencle....!!!,0,2026-04-08T12:04:39Z
@Iwan-k6h,"Sekarang rakyat lebih suka bukti nyata yg rel, bukan yg suka kritik",0,2026-04-08T12:02:13Z
@Panjimas24,"Coba kasih pinjam tuh Pak Prabowo bukunya, mungkin beliau belum baca buku yg katanya tulisan dia..",0,2026-04-08T12:00:36Z
@m.syariefhidayatullah5345,"Pak mahfud dukung pak prabowo...berkelas kritik sehat
Tp spertinya kurang mengikuti isu global dan hubungan luar negri...strategi prabowo senyap dan ber impact 
klo lewat politisi korup ruwet dan agen asing",0,2026-04-08T11:57:41Z
@CakGondrong-f2c,❤❤❤❤❤❤,0,2026-04-08T11:57:32Z
@andywardian2148,"5X IKUT PILPRES 4X KALAH,1X MENANG LANGSUNG DIKERUMUNI PARA TIKUS2 KELAPARAN 
ALHASIL PAK OMON SEKARANG LAGI PUYENG JALANKAN PROGRAM MBG YANG TIAP HARI SLALU DIKRITIK",0,2026-04-08T11:56:03Z
@yadinmulyadin3416,"Prabowo ngerti tidak ya apa yang sudah dia tuangkan dalam bukunya? Kok kenyataannya malah paradoks semua? Jangan jangan hanya kutipan orang lain, soalnya kok seperti tidak memahaminya? Ah itu semua hanya omon omon di warung kopi saja.",0,2026-04-08T11:54:35Z
@kudikrave4803,Pak sehat selalu pak MD salam dari bali busungbiu,0,2026-04-08T11:52:53Z
@hadevideoproduction4600,"Kenapa banyak yg kepingin jatuhkan pemerintah? Krn banyak yg berbuat serampangan dan jelas2 terekpos media masa, tapi TDK DIHUKUM. MBG yg kacau, belanja kopdes yg sembrono, skrg lagi belanja motor listrik utk SPPG",0,2026-04-08T11:52:12Z
@MbahBodong-u7p,alah Mahmud berkata  DPR  usah di bahas Mahmud  dpr-nya banyak yang nyolong rakyat sudah tau Mahmud lah .,1,2026-04-08T11:51:57Z
@komarodin-s6o,"Mengkritik tanpa mau berunding satu meja,ciri ""pengejut 😂,kalo jentel temui orangnya di ajak diskusi,gimana bangsa ini menjadi  makmur.❤🎉",0,2026-04-08T11:51:40Z
@PetraB73,Kayaknya presiden perlu baca bukunya Prabowo deh.,0,2026-04-08T11:50:42Z
@munkolip2933,Presiden tak mempan kritikan boss,0,2026-04-08T11:49:52Z
@yutubkuful,"Kebanyakan Partai yg isinya Artis dan orang gak kompeten bikin ruwet, coba disederhanakan dikompres aja itu Partai ✓ zaman Soeharto aja cmn 3 kok nyaman 🎉 merah, Hijau, Kuning",0,2026-04-08T11:49:35Z
@rdaisme,"Bisa jadi itu buku ditulis sama org lain atas nama beliau, krn isi buku dan realitas saat memimpin ini 180 derajat bagai bumi dan langit, ato memang cara melihat karakter asli seseorang itu tinggal lihat saja saat diberi kekuasaan, nah inilah yg bisa kita lihat saat ini, karakter aslinya akan muncul tanpa beliau sadari, alam bawah sadarnya tercermin dari setiap kata2 yg dikeluarkan....",0,2026-04-08T11:48:49Z
@Panjimas24,MBG oh MBG...,0,2026-04-08T11:47:25Z
@Karimudin-d4m,"*""BERI DIA.KEKUASAAN MAKA ENGKAU AKAN TAHU SIAPA DIA SEBENARNYA""*   ..  SI. OMON2. 🤡  ☝️🤪",0,2026-04-08T11:45:01Z
@johnisubroto,"kalah nyalon wapres, omongannya udah sebel gue dengernya",0,2026-04-08T11:38:42Z
@Karimudin-d4m,"KATA. SOEKARNO ..
*""JENDRAL2.  KEBLINGER""*   🤡  ☝️🤪",0,2026-04-08T11:38:12Z
@saiddoank4371,"Dikit makar dilit makar pemerintah sekarang kok takut amat sama kritik rakyat, harusnya kritik buat intropeksi diri jangan dibilang makar.",0,2026-04-08T11:38:06Z
@bamsneoc4910,Sehat terus ya pak M MD…. Indonesian butuh org2 spt bpk….,0,2026-04-08T11:37:06Z
@JuliAnto-q9w,Jangan minta pendapat orang yg pernah kalah pilpres yg masih sakit hati,0,2026-04-08T11:35:52Z
@euisdedeh,MBG itu janji politik Prabowo... Prabowo tidak mengingkari janjinya setelah dia terpilih... berarti pemilih Prabowo SETUJU...,0,2026-04-08T11:34:40Z
@Karimudin-d4m,"PERCUMAAA......
SI OMON2 PALING *""MENUTUPI KESALAHANNYA""* DGN OMON2 LAGI 😳
PRESIDEN. UGAL2AN.. 😎",0,2026-04-08T11:34:21Z
@sofanafifudin64,"Kl pak mafud jd pengeritik bagus jg yg lain""nya seperti feri amsari dr akademisi mahasiswa budayawan agamawan  terus keritik hidup jokowi thn.    2030 Indonesia bubar  kt perabowo omon""",0,2026-04-08T11:33:55Z
@widyaningrum-z7f,kalau prabowo masih hidup 2029 pasti jd presiden lagi walau rakyat banyak yg kecewa dan gak suka dengan kebijakannya,0,2026-04-08T11:32:48Z
@Evi-im8vf,"Pak Mahfud,  apa benar anda Jujur ?  Kayak nya masih Bolonisasi,  jadi  seolah - olah tdk ada baik nya Pak Prabowo di mata Pak Mahfud ,  Padahal kepemimpinan Pak Jokowi lebih Ngeri, tapi anda di menko, ya .....anda  seolah menjadi Pahlawan",0,2026-04-08T11:29:17Z
@アニー-i9v,"Terima kasih　Pak　Mahfud MD
saya penggemar setia Bpk , selalu
menonton  video Bpk darijepang
semoga  Bpk sehat selalu bersama keluarga tercinta❤❤❤❤❤
Arigatou gozaimasu ❤❤❤❤❤",0,2026-04-08T11:29:04Z
@masayani2288,Omongan Mahfud tak usah. Di urus...,0,2026-04-08T11:26:36Z
@Karimudin-d4m,"GPP...   MAKAR ...
DULU ..   MERTUANYA. PUN ...
 MAKAR. KPD. SOEKARNO . ☝️🤪😅
Eeeh ...  malah. Jadi. Pahlawan. . 🤡",0,2026-04-08T11:25:06Z
@agasgaming4325,Coba yg pandai bicara jadi presiden lihat hasilnya,0,2026-04-08T11:25:00Z
@KirekElek-w5e2y,Segerakan prof mahfud . !,0,2026-04-08T11:24:08Z
@Karimudin-d4m,"DARI.  DULUU ...  SAYA GAK YAKIN...
 DGN *""KELUARGA BESAR CENDANA""* 
RAJA.  KKN ...   🤡😳",0,2026-04-08T11:23:09Z
@TukangApa-rx9ox,"Wajar Indonesia banyak sekali jumlah partai. mereka pengen menang semua.... Wjwkwkwkwkwkwk banyak antrean pengen jadi penguasa. Saling sikut mencari kesalahan. Siapapun yang memimpin pasti merasakan kritik. Yang kalah berkoalisi atau beroposisi atau diam diam sundul sana sundul sini berkicau merdu, konspirasi diantara ada dan tiada bersembunyi berkamuflase.",0,2026-04-08T11:21:47Z
@ToxiLadunaIlma,"Saya akui pak Prabowo,gayanya ituloh semua para pakar prof doktor dll, memang kalau cuma ngomong tu mudah, Prabowo is the best",0,2026-04-08T11:21:26Z
@srimamikmamik5547,Macan asia😂,0,2026-04-08T11:13:34Z
@anungrohanim401,Info satgas polri bagaimana pak🙏🙏,0,2026-04-08T11:13:09Z
@mirzaesikumbang3357,"Sebagai diri ini SIPIL Murni..... menilai Para Orator sok Sipil Sipil_an *itu baru di tatanan NATO alias OMKOs...* .... Kepala Negara_Pemerintahan SIPIL yang  BAIK dan BENAR baru HANYA Alm. BJ. HABIBIE saja.... tapi khan di Prekursi_i dan Personangratakan serta di Sodomi, padahal BELIAU Penggagas_Pendiri Komunitas CENDIKIAWAN 🤔 .... yang melanjutkan.... _kepahaman diri_ menerima karma sebab akibat menabur dan menuai...nya, Era P. SBY di huru harain juga militernya... NAMUN Kepemimpinannya BERHASIL Mereduce TUMPUKAN hutang piutang NEGARA. dan di PORAK PORANDA kan lagi setelah Beliau dgn GUNUNGAN HUTANG PIUTANG..... dan SEPI dari Mempermasalahkan Apalagi Menyuarakan MAKAR dan kawan²nya.... bagai SUNYI dari Menyoali ini itu *akibat dismentalitasbya.....* SAAT INI baru ber_NYAWA lagi dan panggung Bersuara dapat dilakukan berkelompoknya 🤗",0,2026-04-08T11:11:39Z
@DedekAris-e5i,"Calon wakil presiden yg gagal, Mahfud MD kecewa karena kalah",0,2026-04-08T11:07:26Z
@IriantoIbenk,"Udah keok diem ajalah . . Semua program harus berproses . . Ga suka , nanti 29 maju lagi . . Ribut melulu .",0,2026-04-08T11:01:01Z
@QIOTOMIURA,mahfud2 apa lagi agenda kau ini mahfud😂 dibayar siapalah kau ini mahfud,0,2026-04-08T10:59:21Z
@bambanggrind,Bop itu indonesia tidak Bayar...,0,2026-04-08T10:58:27Z
@wongchiliek1262,"Mgk sekarang pak Prabowo sdh lupa dgn apa yg pernah ditulis dlm buku itu sblm jd Pesiden, smg pak Prabowo ingat dgn janji2nya 🙏",0,2026-04-08T10:58:20Z
@anggasuryakusumah9867,"Pada detik saya menulis mungkin cmn prof mahfud bapak bangsa yg berani bicara fakta d video ini , sisanya pada detik saya menulis statement ini para elit skrg diem diem bae asal pada aman gpp negara salah langkah jga",0,2026-04-08T10:55:06Z
@wongslow6272,"Kata Gus Dur Prabowo orang yang paling iklas, iklas melihat rakyatnya menderita",1,2026-04-08T10:51:30Z
@atosbarneda3665,Partai/DPR/MPR harus direformasi Prof. Gak bisa terus-terusan rakyat hanya protes kpd presiden tanpa protes ke DPR. Krn dua-duanya sama-sama menyalahgunakan kekuasaan. Membiarkan rakyat langsung protes ke presiden dengan tanpa suara perwakilan dari DPR sama saja dengan DPR/MPR tidak melakukan tupoksinya. Praktik bernegara seperti ini akan terus berulang jika Partai/DPR/MPR tidak direformasi.,0,2026-04-08T10:50:18Z
@sirojulmuniir3913,Negara gak ada guna nya cuma bikin susah orang aja gak ada negara juga gak apa apa kami rakyat miskin.....,0,2026-04-08T10:49:45Z
@nandedulunando12,Jangan sampai gibran naik pak mahfud..,0,2026-04-08T10:47:50Z
@MbahJambrong-pd3im,"Ma'af Prof. Kalo prof bilang sistim demokrasi masa jokowi lebih baik dari prabowo, harusnya kalimat ditambah.... Masa jokowi PADA PERIODE PERTAMA!!!. Karena pada periode ke 2, justru masa jokowi LEBIH PARAH PROF. Atau setidak nya samalah dg masa sekarang. 11 - 12. Karena pada periode ke 2 jokowi justru hukum amburadul. Sistim ketatanegaraan gak karuan. Korupsi juga merajalela. Para APH juga yaaaacchh begitulah. Prof pasti lebih tau. Sementara DPR juga pada diem2 bae Prof.",0,2026-04-08T10:44:55Z
@palapainitiative427,"Pak Mahfud memang pakar tata negara yg mumpuni.. Firli bahuri bagus ya, pak? Kasus 57 kary KPK itu gmn..dllnya, banyak lho pak.. Pemerintahan Jokowi itu biang keladi pak, hrs diakui meskipun bpk wktu itu ada didlmnya 🙏",0,2026-04-08T10:39:26Z
@robertkong4291,"om gemoi nggendong gerandong fufufafa, makanya gerakannya tersendat",0,2026-04-08T10:39:11Z
@jackdiamond4962,"Klo yg kemaren 10 tahun ngutang sampe 9000T aja ga cukup tau diri utk mundur, kenapa yg sekarang ngeberesin malah disuruh mundur.

Dan soal MBG kacau di awal²... dulu waktu ASKES jadi BPJS juga awalnya kacau. Apa baiknya BPJS dihapus aja?",0,2026-04-08T10:38:05Z
@rdho_frdausss,"Ke rakusan politik terlihat jelas sejak ibu sri muliani keluar. Pdhl beliau adalah sosok penting oleh negara kita.
Sampai sekarang saya tidak melihat hasil kerjaan nya mas gibran apa dan mana janji 19jt lapangan pekerjaan nya😊",0,2026-04-08T10:36:32Z
@gilangdzulfahmi847,inti dari video ini adalah pandangan prabowo vs pascabowo,0,2026-04-08T10:35:24Z
@madesuardika6164,"Kritik yg disampaikan oleh BEM  UGM dan berbagai pihak lainnya terhadap Program 
MBG dan KDMP  yg diprediksi akan  GAGAL alias  MANGKRAK, sebagai petani kami menemukan solusi agar prediksi tersebut tidak terjadi dan kami menolak prediksi teredbut asalkan :
1. Pemerintah dan berbagai 
    pihak terkait lainnya 
    bersedia
    mendampingi secara 
    proporsional dan 
    Komprehensif, 
2. Anggota Koperasi dominan 
    petani pedesaan yg berpe-
    luang meningkatkan 
    produktivitasnya melalui
    Pengembangan Biofar-
    maka shg bisa mengurangi
    Impor bahan baku farmasi
    untuk mendukung terwujud
    nya  Tata Kelola Kesehatan
    Holistik, sebagaimana 
    pemahaman kami bahwa 
    Keberhasilan MBG meru-
    pakan salah satu variabel
    terwujudnya Tata kelola
    Kesehatan masyarakat 
    secara    H  O  L  I  S  T  I  K
3. Upayakan terwujudnya 
    KEADILAN di semua lini 
    kehidupan",0,2026-04-08T10:32:48Z
@HelmaSuhaemi,Mantap pak Mahfud ❤❤,0,2026-04-08T10:32:38Z
@BerryJaboen,Untuk itu marilah kita bergerak bersama untuk perubahan menentukan nasib sendiri... biarkan para mafia dan penjilat tinggalkan di Jawa kita urus bersama wilayah kita sendiri untuk kemakmuran warga kita sendiri.. Timor Leste saja yang tanahnya kering SDA nya kurang masih bisa membangun lhoo,0,2026-04-08T10:29:38Z
@ayahsupanggat9123,Pak Mahfudz memang jempolan deh!!!,0,2026-04-08T10:28:51Z
@MinkumSalam,Semoga nanti di Indonesia cukup 1 partai dan DPR bubar. Cukup 5 orang di DPR seperti KDM atau Purbaya (orang jujur yg mau tranparansi). Sekarang pemerintah memberi gaji partai² gak punya otak. Partai hanya penghambat keputusan presiden. Tolong pak Mahfud desak presiden untuk sah kan RUU Perampasan aset agar Purbaya banyak duit untuk rakyat.,0,2026-04-08T10:25:27Z
@pap4T,"di tengah menjamurnya buzzer dan media hoax, dengan bicara bagaimana caranya menurunkan prabowo
bagi gw itu udah termasuk makar
.
sama halnya seperti korupsi di tengah covid/krisis itu termasuk kejahatan berat",0,2026-04-08T10:24:12Z
@TriSudarmaji-hs6cr,11-12 sama Donald bebek si wowo mah,0,2026-04-08T10:22:44Z
@alfakir2319,"23.55 itu semua kan kata buku nya, bukan kebijakan nya",0,2026-04-08T10:18:31Z
@DeniSuhendar-e6u,58% setuju dengan perogram MBG 15% sakit hati,0,2026-04-08T10:17:59Z
@penulispam3544,prabowo menganggap dirinya 'raja' di indon.... kritikan tidak pernah nyangkut di telinga... persis seperti trump.... gaung no king di amrik merembet ke indo..... no king bowo.... Rakyat yang yang raja bukan bowo... bowo adalah pesuruh rakyat yang harus mendengar dan menjalankan aspirasi rakyat...,0,2026-04-08T10:16:32Z
@AgusWahyudi-gs8mg,Kami sangat berharap Bp Mahfud mengundang berdiskusi dg Cak Nun🙏,2,2026-04-08T10:13:47Z
@ImamWahyudi-k1p,Yang berani kritik bilang ke pemerintah cuman netisen sampai mengatakan GOBLOK melalui komen komen,0,2026-04-08T10:11:14Z
@MadaGaskar-t6h,"Ayo Pak. MAHFUD KERAS..!
JGN LEMBEK.
Dukung semua Para Orang yg kritik. Demi Indonesia lebih baik
👍

MANA reformasih POLRI.
Biasa aja tuh gak ada efek nya.
Padahal anda salah satu orang hebat di dalam nya .!
Bapak kan anggotanya???
Piyeeee..!🙃",0,2026-04-08T10:08:51Z
@h.basritundu7711,Baru terasa dengan tidak adanya OPO sisi tidak adayang  mengkritisi jadi tindakan penguasa tidak tahu di bidang mana yanglemah.,0,2026-04-08T10:02:19Z
@weyantokusuma1023,Kan tadi sudah di bilang 93+% pejabat penipu🤭,0,2026-04-08T10:00:36Z
@rahmdfauzisyukur2768,"Keadaan kacau seperti ini tapi negri mu masih aman2 saja tp akan ada saja mulut2 provokator yang tetap menyerang pemerintah, itu sudah basi mah untuk orang2 sudah berakal...

Intinya kalau di kasi korsi mah dia baru diam daj gak provokator lagi l, ya karena dia hanya mencari kursi.
Jangan mudah di provokator.",0,2026-04-08T09:56:02Z
@madesudana4384,Jadi untuk jadi calon presiden ijasahnya spa atau ilmunya spa sehingga lebih bijak dengan yang lain kan gitu,0,2026-04-08T09:54:41Z
@ZamzamiKubu,Mantap pak mahfud md❤,0,2026-04-08T09:49:35Z
@trenget,Semoga penjelasan Pak Mahfud ada dampaknya,0,2026-04-08T09:47:49Z
@isrohidayat9386,Saya pendukung prabowo kelas berat dari 14 .19 .24 sampejadi persiden saya bangga waktu pemenanganya sakarang jauh dari harapan rakyat ucapan banyak g yambung dengan janjinya sekarang saya kecewa berat keluargaya d pengikut saya haramkn milih prabowo lagi kedepanya..,0,2026-04-08T09:47:15Z
@rudimahe7291,"terima kasih prof atas pencerahan atas review buku karangan Prabowo (Paradox Indonesia)
Prabowo pun pernah brkata bhw; ""ikan busuk berawal dari kepala""
saatnya bangsa ini MENILAI_nya
semoga rakyat semakin cerdas, waras & tangkas (berani krn benar))",0,2026-04-08T09:44:26Z
@agussupandi4073,".., apa yg pernah Prabowo ucapkan dan janji janjikan pada bukunya yg dia buat tidak akan sejalan pada saat ini. memang spt itulah karakter Pejabat di Indonesia sebelum menjabat. ingat  Wapres Gibran bilang apa soal 19 jt lapangan kerja., mana buktinya..,  jadi suruh Prabowo baca lagi buku yg dia terbitkan.  Bukan SENJATA MAKAN TUAN .., tapi  BUKU MAKAN TUAN .. 😝🤪.",0,2026-04-08T09:41:47Z
@monikalisti347,"Jangan -2 buku paradok bukan tulisan prabowo , pandangan dan  kebijakan yg diambil setelah memerintah bertolak belakang , cuma omon-2",0,2026-04-08T09:31:00Z
@ilhamlah,"Kalo harus ada yang berani mengingatkan pak Prabowo,pak Mahfud lah orangnya",0,2026-04-08T09:28:36Z
@jemmyfox5166,"Bagaimana duit dari Pentagon dipertanggung jawabkan melalui LSM dan pejabat, oligarki haritano,kan sudah bilang dana Pentagon cair,dana itu kan untuk bikin makar,makanya Prabowo tau,sudah mulai ada yg singgung, soalnya MBG dan BOP kurang mempan buat bikin rusuh,karena BBM tidak naik. Amsyong nih kata gorge Soros and geng",0,2026-04-08T09:24:30Z
@ArhamSirajuddin,"Begitu memang orang kalah pemilu silakan kritik pemerintah, jangan sampai kacau negara ini",0,2026-04-08T09:22:31Z
@endahesti2382,"Negara ini punya rakyat, klo presiden, wapres, para mentri, anggota dpr nya, polisi, lembaga keadilan kejaksaan, pengadilan, kpk hnya sbg jongos2 asing aseng oligarki rakyat perlu berontak diganti dg yg kapabel",0,2026-04-08T09:21:09Z
@QueenzaAdylla-u4y,kpan Prabowo di ganti.... presiden gagal dlm sejarah indo.,0,2026-04-08T09:20:44Z
@dinamoeljanto,Halooooo DPR apa kalian menyimak..📢📢📢,0,2026-04-08T09:19:38Z
@MuhammadkholisNasution,"PRESIDEN KITA MATI-MATIAN BERJUANG AGAR JADI PRESIDEN,, TERNYATA CUMA BUAT GAYA-GAYAAN.PROGRAMNYA GAK ADA YG SESUAI DENGAN HARAPAN RAKYAT.",0,2026-04-08T09:16:02Z
@monikalisti347,"Betul , DPR tdk berfungsi , yudikatif nya bobrok , negara pelan menuju kehancuran .",0,2026-04-08T09:14:51Z
@dinamoeljanto,Prabowo vs Prabowo😂,0,2026-04-08T09:13:03Z
@andriansyahfatahillah5055,"Reformasi bobrok......😂😂😂😂
Isinya org org korup semua..... 
Selogan........
Jaga negri ini dengan berbagi amplop.. klo kelewat ad sebagian yg sentimen Dan berkoar...",0,2026-04-08T09:10:21Z
@kutarkutar8038,Menjelma jadi Paradoks prabowo,0,2026-04-08T09:09:14Z
@fannykhan7988,Setuju dengan pak Mahfud bahwa tak ada pemimpin atau rezim yg sempurna dan setiap pemimpin atau rezim pasti akan dikritik sesuai porsinya masing-masing dan mengganti pemimpin atau rezim di tengah jalan bukanlah solusi menyelesaikan masalah.,0,2026-04-08T09:09:04Z
@jemmyfox5166,Bang Mahfud mau tanya undang undang reformasi polri sudah sampai mana???,0,2026-04-08T09:08:20Z
@AndiPurnamasari-g2r,"DPR MPR  Prabowo Gibran sukses TDK sejalan,,, akibat  bop hingga mbg yg arahnya hawa nafsu menjadi kendali. Kecerdasan bangsa,",0,2026-04-08T09:08:06Z
@AndiPurnamasari-g2r,"DPR MPR  Prabowo Gibran sukses TDK sejalan,,, akibat  bop hingga mbg yg arahnya hawa nafsu menjadi kendali. Kecerdasan bangsa,",0,2026-04-08T09:08:04Z
@AndiPurnamasari-g2r,"DPR MPR  Prabowo Gibran sukses TDK sejalan,,, akibat  bop hingga mbg yg arahnya hawa nafsu menjadi kendali. Kecerdasan bangsa,",0,2026-04-08T09:07:56Z
@Ahmat_st,"Masyarakat lagi seneng2 karena bbm ga naik beras  banyak harga terjangkau tiba2 ngajak menurunkan prabowo. Ga tepat waktunya.
Masyarakat bawah senang bbm ga naik beras terjangkau meski upah kuli kecil tapi masih bisa beri makan keluarga",0,2026-04-08T09:06:31Z
@ahmadisoppo862,"Pk Prabowo lemah 
1.uu perampasan aset jadi mencret
2.pengembangan aulitista dlm negri  roket R Han 250  asam uratan.
3  masuk di bop  antek Israel/ Amerika
4 program ompreng mbg",0,2026-04-08T09:06:28Z
@EdyJambi-p5p,Yang mendesak mundur pasti para mafia yg merasa terbatas gerakanya.,0,2026-04-08T09:06:08Z
@heruprast.501,"Intinya prabowo presiden paling oon sepanjang sejarah,gak bisa ngurus negara bisanya cuma omon2 pidato doang",0,2026-04-08T09:03:52Z
@nyomanarnawa471,Baru2 ini President Prabowo memerintahkn  TNI.symtem darurat siaga satu.viral media social..Mo Tanya. Apalagi tidak Ada ancaman Dari luar . Membuat Rakyat bingung tanda Tanya cemas gelisah. Sepertinya perintah president siap perang.,0,2026-04-08T09:01:07Z
@donibul3870,Wkwkwkkw senjata makan tuan ada d buku yg dia tulis sendri 😂,0,2026-04-08T09:00:50Z
@OzieOzie-z2t,Tolong di ikhtiar kan Pak mahfud untuk bicara dengan Pak Prabowo.,0,2026-04-08T08:59:02Z
@SriDeon,Gak akan inget kali ya ucapan2 dan kelakuannya tahun2 lalu maklum udah pikun mpud,0,2026-04-08T08:58:25Z
@MaicoHariono,Kemungkinan sudah lupa Pak Presiden😢😢 Kasihan Indonesia,0,2026-04-08T08:56:51Z
@Ardi364,Terimakasih Prof. Mahfud.,0,2026-04-08T08:56:49Z
@GangBecek-dt8gj,Negara kaya tapi rakyat hidup miskin pantaslah kalau fokusnya ke mbg,0,2026-04-08T08:55:14Z
@arekblauran8371,"sehat selalu pak Mahfud MD emang benar di buku sm kenyataan nya jauh berbeda sekali pak Prabowo ini, Dan juga banyak kasus besar hilang, kalau si silverter sdh pasti hilang ke Antartika haha..",0,2026-04-08T08:52:33Z
@Keboanabran9,"Menyesal saya pilih Prabowo, ternyata masih goblok dalam urusan kenegaraan",0,2026-04-08T08:52:28Z
@MbahJambrong-pd3im,👍👍👍👍👍👍👍👍👍,0,2026-04-08T08:52:14Z
@depokautocareindonesia7252,"Semoga bangsa indo tetep waras, 100% prabowo omon2",0,2026-04-08T08:49:51Z
@jenieliau2980,Kerennn,0,2026-04-08T08:48:37Z
@MUHAMMADILYASCHABIR,Kalau jd pemimpin dgn cara yg curang maka terciptalah bajingan itu2 juga yg bermain dalam pemerintahan,0,2026-04-08T08:44:34Z
@faithikka7353,Tong kosong nyaring bunyinya...,0,2026-04-08T08:44:21Z
@DafaAditya-re4fi,Apa kabar team reformasi polri  /  ganti Kapolri  ?,0,2026-04-08T08:44:13Z
@AgusSutopo-f6r,"Yg bagus klo mahfud besok 2029 nyapres dan dipercaya rakyat tidak. Klo menang syukur, yakin Indonesia maju dan tertib. Kemarin cawapres nanti nyapres, pak. Saya pemilih pertama, tapi klo saya masih hidup. Mf.",0,2026-04-08T08:43:32Z
@ad1bweed,"Presiden kedap kritikan yg membangun, mirip tempat kerja saya di UPT, pejabat nya tak suka dengan saran2, apalagi kritikan di mata pejabt UPT adalah sebuah pembangkang😅😂😂😂😂",0,2026-04-08T08:41:26Z
@royronald3672,"Pak Mahfud ,  skrg  di konoha , kondisinya dlm segala bidang tdk normal (  tdk baik baik saja ).  Jadi , untuk mnjawab smua persoalan di konoha ini jgn dgn cara normatif. Mafia  dimana mana , pakailah gaya mafia .  Kita terlalu sibuk mengsnalisis     smentara agen agen inteligen asing udah membangun ""  hotel  "" dimana mana di konoha.

Perhstikanlah filosofi permainan sepak bola . Itu team. Ada yg tugasnya mengacaukan pihak lawan . Ada yv mengumpan  bola , ada  yg menyerang  dan ada yg bertahan. Lucunya  ada pula yg kerjanya  mengatur score  dan menjadi  ""  pawang  cuaca  "" yg menjamin permainsn tdk akn terganggu. 

Perhatikan filosofi ini pak ,  siapa para pemain dan siapa pawang nya  😜😜. Jgn bicara normatif  ... nanti tiba tiba rudal meledak ... tak seorang pun tau caara untuk menyelamatkan rakyat. KECUALI DIRINYA SENDIRI ...Slm Damai.",0,2026-04-08T08:40:12Z
@fannykhan7988,"Hakikat hidup  berdemokrasi adalah tidak merasa paling benar dan menghormati perbedaan pendapat. Yang ditangkap mayoritas publik dari pidato beberapa orang dalam satu acara halal bi halal itu adalah mereka merasa paling benar. Mereka bilang Prabowo sdh tidak bisa dinasehati shg hrs dijatuhkan, itu artinya mereka merasa paling benar.",0,2026-04-08T08:39:00Z
@sg6.,Ya udah pak md aja yg  gomong ke pak prabowo dong jgm cuma ngomong di luaran itu sama aja ngerasani ngomong cuma di belakang ya tidak langsung di depam orangnya,0,2026-04-08T08:38:28Z
@agungtryd,semoga beliau menonton ini 😊,0,2026-04-08T08:36:25Z
@gusmanhiburan,Yg ga dapat kursi ribut,0,2026-04-08T08:34:27Z
@DgvvXgvb,Sebenar ny yg susah dimana. .,0,2026-04-08T08:31:46Z
@JonAnto-k1d,"11 12  sama yg sblmnya,sein kanan belok kiri",0,2026-04-08T08:28:38Z
@s2k26,"Penulis buku Paradoks Indonesia, tapi kelakuannya ketika menjabat juga sami mawon, justru lebih bobrok lagi, ditambah sifat NPD, otoriter dan antikritik  🤣🤣🤣🤣🤣",0,2026-04-08T08:28:36Z
@ninikwidjaja4156,"terimakasih pak Mahfud.
trs bersuara...
kdg frustrasi mendengar segala keadaan yg terlalu jauh dr kebenaran.
utk pak Prabowo, 1 hal yg terlalu nggak masuk akal....
MBG...",0,2026-04-08T08:26:58Z
@bangkakmania7593,"WO Katanya kamu seneng nonton YouTube kalau malam,ini tonton dan pahami! Jgn jdi pemimpin yg batu dong",0,2026-04-08T08:26:01Z
@rdaisme,"masalahnya pengganti presiden di tengah2, dimasa pemerintahannya beliau ini yg msh belum bisa kita terima, emang mau klo presiden kita nantinya ini si Anu itu... dilema...",0,2026-04-08T08:24:15Z
@JSilalahi-u6r9e,"KETIK BIASA,,, TAPI BUKAN BERTUJUAN UNTUK MENGGULINGKAN,,,",0,2026-04-08T08:23:44Z
@riesaKomang,Semoga pikiran positif dari Pak Prof. Mahfud bisa masuk ke telinga Pak Prabowo sebagai kritik yang membangun dan meluruskan langkah kabinet yang masih keliru,47,2026-04-08T08:21:58Z
@WindraYesova,"Terbukti Prabowo cuma Omon Omon Besar di buku dan pidato...tapi dalam prakteknya payah...makanya berulang kali dikadalin Bahlul, tapi tetap bela dan muji muji mentrinya",0,2026-04-08T08:20:42Z
@bangkakmania7593,Ternyata bukunya hanya sekedar karya tulisan doang 😅,0,2026-04-08T08:18:15Z
@ramdhanidhani8152,"Saya pemilih Prabowo,,,ini masih 1,8thn dan saya anggap wajar kalo masih carut marut.saya terbiasa melihat 3thn kalo gagal saya berlepas diri,,dan akan memilih yg lain 2029.tapi kalo 3thn saya lihat ada hasil yg baik saya akan tetap memilih.1,8 terlalu prematur untuk menilai.",3,2026-04-08T08:17:08Z
@anisekawatyekawaty2854,Sehat selalu idolakuh 😘😘😘,0,2026-04-08T08:10:26Z
@mohamadsabriidris123,Pendukung Wowo akan mengatakan pandangan Pak Mahfud adalah pandangan orang yg kecewa kerna tewas di dalam pilpres...walhal kritikan Pak Mahfud begitu bernas sekali.,0,2026-04-08T08:09:54Z
@GonggoMall-m6p,Omon2 disuruh mundur... habisnya lebih parah dr jokowu yg gak punya pendidikan yg jelas 😂,0,2026-04-08T08:09:37Z
@mutiaraindahchannel21,"Kepemimpinan Pak Peabowo tidak ada harapan dia cuma Omon-omon saja,saya sangat setuju kalau Pak Prabowo harus di turungkan sekarang,jgn tunggu waktu lagi,karena negara ini hanya akan semakain parah kalau dia lama berkuasa.",0,2026-04-08T08:07:05Z
@muhamadzakiyf3118,Buku prabowo kritik pemerintahan prabowo,0,2026-04-08T08:06:15Z
@bangkakmania7593,Lbih pantes kmu pak yg jdi presiden,0,2026-04-08T08:02:54Z
@TatiNurhayati-ll1yg,Cocok pak Mahfud jadi presiden .,0,2026-04-08T07:59:57Z
@alalfianalawa2382,"Apa yg dia tulis di buku itu 1 pun blm ada yg dirasakan rakyat,yg di lakukan hanya di permukaan lalu seolah2 selesai masalah nya,lalu dia pindah ke masalah lain dg cara yg sama,dia gak pernah selesaikan masalah sampai ke akar nya,padahal dia tahu seperti yg di tulis di buku nya dan watak nya pun berubah ingin menjadi raja bkn presiden profesional,kritikan membuat.nya tersinggung bkn setuju perbaiki dan menyelesaikan masalah kritik itu,padahal 90% kritikan itu masih tujuan kebaikan",0,2026-04-08T07:59:11Z
@didikchandra4181,Memang betul makin kebelang saya merasakan negara semakin kacau tidak ada pro rakyatnya bravo pak Mahfud semoga presiden kita cepat sadar & tanggap supaya tifak semakin parah,0,2026-04-08T07:58:37Z
@AzrilReal-d6k,"Rakyat kecil tidak tau yang namanya makar pak, intinya sekarang semakin parah pemerintahannya,kalo memang negri ini ada untuk kedaulatan rakyat Indonesia maka sah kan uu hukuman mati buat para koruptor yang makan uang rakyat, makan uang negara,kami rakyat kecil dikuras untuk pajak uang negara kalian koruptor yang makan uang negara,negri ini akan makmur sejahtera jikalau koruptor nya dihukum mati,bapak berani gak pak ?",0,2026-04-08T07:54:35Z
@RonyErwinsyah,"Pak Prabowo dr lahir sudah enak, blm pernah merasakan susahnya rakyat. Jadi hanya mendengarkan laporan2. Akhirnya muncul ABS asal bapak senang",0,2026-04-08T07:53:51Z
@OppoA9-l8y,"Kucing kering....
Malah beli mobil...dari India
OMON..."" 
Kty mau bikin pabrik..mobil sendiri...
Pembohong....""..
Sama dg ..yg dulu ..😱😱😱",0,2026-04-08T07:50:30Z
@labirin717,Bukan otoriter!! Prabowo ini Fasis!!,0,2026-04-08T07:49:21Z
@GatutKoco-h8r,"Pak Makhluk MD itu orang pintar, sebab kritis dalam situasi Indonesia. Bapak Makhluk itu ilmunya dalam, wawasannya luas, luarbiasa hebat sekali pak Makhluk MD",0,2026-04-08T07:44:22Z
@Jumaedi-d1i3p,Pelajaran orde Baru masih dipakai Prabowo.,0,2026-04-08T07:43:40Z
@ekosugiono7037,Sebelum.jd pres yg ngono pak mahfud sesudah jd lali kabeh omongan nya apa lg naik nya kong x kong dgn jokowi.,0,2026-04-08T07:43:23Z
@ashaaruna5348,Hidup prabowo,0,2026-04-08T07:43:04Z
@BangLegend-q2i,"indonesia di mata prabowo✅
indonesia di pimpin prabowo❌",0,2026-04-08T07:42:55Z
@SainUdin-q2m,yang ngertik itu orang yang tidak suka kalau persiden Prabowo salah seluruh rakyat Indonesia demon aku ikut demon pakai akal dan pikiran ok,0,2026-04-08T07:42:06Z
@jhonsonpanjaitan5234,"Dari skrng kita harus sadar, jika pak prabowo nyalon lagi jgn di pilih, apalagi wakilnya yg skrng.
Kita sepakat Ganti Presiden dan Wakil Presiden 2029.
Jangan tergiur hanya krn 10 kg beras bansos.",0,2026-04-08T07:42:01Z
@esalaprisal2534,Coba Prabowo suruh baca bukunya sendiri barangkali udah lupa.,0,2026-04-08T07:41:21Z
@febiyandaaris9126,"yang nulis buku prabowo, yang ngatur pemerintahan adalah Teddy🤭",0,2026-04-08T07:41:08Z
@bobhappy9797,"Pak mahfud MD org cerdas profesional dan jujur... yg bisa kerja dgn beliau adalah org jujur, shg jk melihat ketidakjujuran pd rakyat... tdk rela..",0,2026-04-08T07:40:58Z
@hamedmann32,Saya kira prabowo keras dalam segala hal tapi setelah jadi presiden ternyata cuma keras kepala dan lemah dalam bersikap. Dikit2 dikritik dibilang makarun 😂 omon omon,0,2026-04-08T07:40:39Z
@defiardi1775,"Prabowo dan Jokowi adalah 2 politikus yg termasuk dalam 93,3% pembohong tsb.",0,2026-04-08T07:39:26Z
@bambangrusmiyanto5603,Perlu dievaluasi yg betul2 serius jangan merasa diinterograsi khusus pemerintah jangan alergi kritik.tentunya untuk perbaikan bangsa dan negara kita.,0,2026-04-08T07:39:23Z
@TaufickMax,"MBG kacau balau... Kata mahfud
Emang segitunya yah ..
1% yang bermasalah lantas menghukumi semua salah ?

Apakah menafikan upaya perbaikan ? Adooo prof prof semakin tidak objektif",0,2026-04-08T07:37:52Z
@partonoherwo3166,"Para petinggi lebih focus mwngpulkan pundipundi dengan sangat serakah, gak peduli rakyat menjerit, emang gua pikirin.. kata para werok",0,2026-04-08T07:37:52Z
@BangLegend-q2i,"kesimpulannya adalah.., tulisan dengan tindakan nya berbanding terbalik, klo kata om jack mah ""sudah tapi belum"" 😅",0,2026-04-08T07:37:36Z
@SainUdin-q2m,maap iya pak Mahmud kalau aku pribadi sebagai rakyat persiden Prabowo tidak ada salah pakai akal waras ok,0,2026-04-08T07:37:13Z
@denid45,mungkinkah negeri kita bebas korupsi?,0,2026-04-08T07:35:47Z
@TaufickMax,Presiden mengimpor mobil dari Indonesia ? Emang itu maunya Prabowo? Emangnya mobilnya sudah ada. Jangan hoax lagi,0,2026-04-08T07:35:04Z
@TheTinasetia,Prabowo-Gibran BUkan RAJA....AKhir podcast Pak Mahfudz ..hehehe..kita maklumlah,0,2026-04-08T07:30:52Z
@TaufickMax,"... Rakyat melihat melenceng "" rakyat mana ? Dan dilihat darimana Realitasnyakah atau karena propaganda propaganda seperti pak Mahfud ini ?",0,2026-04-08T07:29:19Z
@franswi9898,Jangan jangan buku pak Pranowo itu karangan orqng lain yg dia semdori belum baca?,0,2026-04-08T07:27:54Z
@ChandraFauzi,"Paradox Indonesia:
Subianto mengkritik Prabowo",0,2026-04-08T07:26:01Z
@iskansusanto,"Kritik boleh, maki2 kebijakan juga masih boleh...namanya negara demokrasi..
Yang gak boleh itu fitnah dan anarkis.

Silahkan beradu argumen!!!",0,2026-04-08T07:22:16Z
@ricoyusuf,"harapan palsu, teori para ahli hanyalah teori.... prakteknya? pejabat/aparat/pns/asn korup semakin hari semakin brutal korupsinya bukan cuma amburadul 🤔",0,2026-04-08T07:22:11Z
@AgusSantoso-e3o,SETIAP ADA PROGRAM YG SALAH HRS DI KRUTIK DAN YG MEMBUAT PROGRAM/KINERJA PEMIMPIN HRS INSTROPEKSI DIRI DI MANA LETAK KESALAHANNYA DAN ITU HRS TRANSPARAN DLM JLNKAN PROGRAM ITU ...ITU BARU DEMOKRASI JGN SDH SALAH TAPI PROGRAM TRS BERJALAN APALAGI MERUGIKAN RAKYAT...,0,2026-04-08T07:20:22Z
@TaufickMax,Anda diminta membantu presiden untuk penegakan Hukum tapi apa yang telah dibuat ? 😊,0,2026-04-08T07:19:31Z
@bilqiesaisya.s5897,sepanjang ada iran vs as-israel indonesia kaya ga punya presiden masa dubes iran dan saudi ngadunya ke pak yusup kallla 😂😂😂,0,2026-04-08T07:16:31Z
@lunch_o_clock,"wis pokok e kabeh podo ancang2, siap2 menderita massal, saat musim kemarau panjang datang, paceklik mencekik negeri tercinta, disitulah sensi rakyat kecil susah dibendung 😔",0,2026-04-08T07:14:48Z
@hadisuwarno6594,"Ngomong tu gampang, waktu pak mprut jabat ngapain... Mosok baru sadar... Kalu  Politik tu bohong , sejak jaman dulu bohong , di kemas DINAMIS, berpolitik tu gak cuma hars,  hukum nya WAJIB, bohong ,  kalu pakai hati nurani, berpolitik sama ALLAH SWT, aja brani bohong... apalagi sesama rekan... apalagi sma rakyat, pengin jlas dtg , waktu  pildes , pilkada, pilpres,  kelapangan , janji 2 & janji tu ringan... Bela perlu gk sepaham ,intimidasi ngancam , tu jadi kosomsi  orang berpolitik",0,2026-04-08T07:14:00Z
@TaufickMax,Jujurlah pak Mahfud... Upaya menjatuhkan Prabowo ini sudah diniatkan sebelum Prabowo di Lantik. Masa anda tidak Tahu😊,0,2026-04-08T07:12:55Z
@haruneffendi9769,Prabowo kebnyak bacot doang.kenyatanya ga ada apa2nya,0,2026-04-08T07:12:00Z
@FitranandaR,"Saya tuh bingung, orang se-""ningrat"" Prabowo, dengan kekuatan ekonomi & politik sekuat Prabowo, kalau gabisa buat gebrakan radikal untuk memperbaiki Indonesia, lalu orang seperti apa yang bisa?",0,2026-04-08T07:10:40Z
@TaufickMax,Menggulingkan Pemerintahan adalah SAH 😂,0,2026-04-08T07:09:37Z
@russss_L4n,joss,0,2026-04-08T07:09:00Z
@TaufickMax,Gerakan masa yang tidak sesuai konstitusi dibenarkan oleh pak Mahfud. Semakin tidak objektif,0,2026-04-08T07:08:52Z
@OmBesar_Deltu-o7o,"Rezim saat ini anti kritik dan proaktif (negatif), Mending budeg sekalian...",1,2026-04-08T07:08:03Z
@TaufickMax,"Makar adalah Sebuah langkah yang meniadakan atau mengubah susunan merubah pemerintah...

Tapi Bicara dan pernyataan itu awal dari upaya Makar...

Kita yang awam saja paham maksud dibalik itu. Masa pak Mahfud gak paham.",0,2026-04-08T07:07:50Z
@stayweird1538,Mungkin pak presiden prabowo punya cita2 baik nya untuk negara ini. Tapi banyak orang orang bawahan bapak yg  kotor yg tidak nationalis ato hanya meentingkan kelompoknya saja . Lebih diseleksi da tegas pak prabowo ambil tindakan jangan jadi ASAL BAPAK SENANG “ .,0,2026-04-08T07:07:40Z
@LesSig-u7n,Reformasi polri mana,0,2026-04-08T07:06:36Z
@TaufickMax,Kalau Prabowo membunuh Demokrasi emang masih boleh SE bebas ini 😂,0,2026-04-08T07:04:24Z
@MuslihhidayatHidayat,DPR MPR INGIN MAKJULKAN PRABOWO DEMI UNRUK MENYELAMATKAN AGAR UU PERAMPASAN ASET DAN HUKUM MATI BUAT KORUPTOR TIDAK DISAHKAN. HANYA MENGHASUT RAKYAT,1,2026-04-08T07:03:58Z
@doni-vc,"Mau gonta-ganti ribuan kali juga maka hasilnya PODO WAE alias sami mawon. Hadeuh.... 

Pemuja demokrasi = pengikut ya'juj ma'juj...!! SIAPAPUN yg jd pemimpin jika dihasilkan dari pemilu RAHASIA yg datangnya langsung dari SETAN dlm sistem SYIRIK (demokrasi) PASTI FASIK...!!!

Inilah akar masalahnya.
Rakyat sengaja dibuat B0D0H oleh orang² yg terlibat di dlm sistem itu.

""Jika ketentuan Allah dilanggar, maka tinggal tunggu KEHANCURAN""",0,2026-04-08T07:03:35Z
@TaufickMax,Upaya dan rencana Makar itu Bagus yah 😂,0,2026-04-08T07:03:28Z
@VinsensiusGideon66,Potkes kali ini sebagian besar berbau mendeskreditkan Pa Prabowo . Program MBG  sebagian besar masyarakat kecil  merasa terbantu. Kalau  memang ada yang bermain-main terhadap anggaran MBG dalam arti sebagian Anggaran MBG masuk kantong orang tertentu itu yang  didorong supaya dilakukan mitigasi untuk mengungkapkan Penyimpanan anggaran MBG atau terkait keracunan MBG . Sekarang ini Pa Prabowo lewat Pa Purbaya untuk melakukan Perbaikan Sistem sudah mulai dilakukan,0,2026-04-08T07:01:08Z
@TaufickMax,Kekalahan memang kadang menyakitkan dan sulit dilupakan. Pak Mahfud orang baik. Namun Prabowo jauh lebih baik dan Ikhlas untuk Rakyat Indonesia.,1,2026-04-08T07:00:56Z
@AkunpakSuparno,"Setuju pak Mahfud, pak Prabowo perlu penasehat, dan pembantu yang cerdas,pintar diplomasi, dan menterjemahkan program pak Prabowo,",1,2026-04-08T07:00:06Z
@vickyrahmansyah7628,"Suka banget kalo Pak Mahfud vokal kaya ginii, sehat selalu pakkk ❤",0,2026-04-08T06:57:54Z
@yumnansabrie6489,Buku beliau itu mungkin sudah direvisi seperti buku atau hasil penelitian Rismon Sianipar tentang ijazah yg dikatakannya 11 000 T palsu ?,0,2026-04-08T06:57:09Z
@MhdArmin-h5g,Kalau Prabowo masih mendengar ocehan jokowi.indonesia TDK bisa terkontrol,0,2026-04-08T06:54:21Z
@MifaYetni,Turunkan Prabowo. Benar2 hancur negara kita oleh kebijakan Prabowo yg sangat 2 keliru,0,2026-04-08T06:51:36Z
@idafathimah8705,"Ucapan tidak sesuai dng perbuatan itu namanya apa ya'? 
Seperti nyanyi 
Kau yg berjanji 
kau yg mengingkari.",2,2026-04-08T06:51:16Z
@YuliartiToti,"Skrg kinerja prabowo kebalikan dr bukunya karna berguru pd jokowi membuat Indonesia mkn hancur  , suprrimasi hukum asa d tehak udh bagus sm berantas korupsi",0,2026-04-08T06:49:51Z
@rusmanhd13,Secara demokrasi pemerintahan Prabowo bahwa lebih buruk dari pemerintahan Suharto,0,2026-04-08T06:47:21Z
@imanuelsantos6719,"Indonesia di mata Prabowo hukum tidak di hiraukan , buktinya kasus ijasah Jokowi tidak selesai .",0,2026-04-08T06:46:14Z
@aprinugroho9104,Reformasi POLRI bagaimana kabarnya ya?,0,2026-04-08T06:46:06Z
@win_kaya2024,Let it be😮,0,2026-04-08T06:46:04Z
@Eddy-c3j,"Rakyat skrg sdh capai lht sepak terjang elite politik
Sementara kebutuhan pokok makin naik harganya.",0,2026-04-08T06:45:19Z
@CandraRama-k8n,"Klo kita sebagai politisi praktis tidak menjd Politisi Kotor, kita pst menjd korban politik baik secara formal sstruktural dan sosial ( msh sangat banyak rakyat yg gak mengerti apalg faham tentang kekuasaan dan baik buruknya kekuasaan itu bg negara dan rakyat ). Hr ini semua ini terbukti !!!",0,2026-04-08T06:43:22Z
@datukevo4306,"Nasehat itu memang harus menyinggung perasaan, karena kalu menyenangkan perasaan itu hiburan namanya, 

Bersihkan hati agar bisa menerima kebenaran..

Karena selembut kapas dan sehalus suterapun akan terasa setajam duri bagi yang belum siap menerima kebenaran..",0,2026-04-08T06:40:20Z
@UdinJos-p8f,"Kiran milih presiden macan asia..taunya macan ompong..
Prsiden kok di bodohi bawahan..
Kalo ngk sanggup mimpin negara mundur aja.jangan bikin tmbah hancur ngara ini.awalnya saya melihat program mbg program yg mulia.kok stelah berjlan malah sarang korupsi dan dikritik kok malah baper.
Presiden macam apa rezim ini?
Bodoh tapi anti kritik.",0,2026-04-08T06:38:53Z
@WayanLoster-e9x,Yg ingin pak Prabowo mundur untuk menjadikan Gibran jadi presiden adalah keinginan org2 regim sebelumnya,0,2026-04-08T06:37:51Z
@TianCamp7,Tinggal tunggu waktu bom atom meledak karena terlalu lama bungkam,1,2026-04-08T06:37:47Z
@srisantoso5514,❤❤❤ Rahayu,0,2026-04-08T06:36:21Z
@TianCamp7,kebijakan yang ada yang sudah terealisasi adalah menciptakan masalah dari masalah wkwk,1,2026-04-08T06:34:55Z
@bulldogg4066,"Penikmat yt Indo sepertinya sudah jauh berkembang ya
Dulu, pembahasan yg kritis kayak gini biasanya sepi penontonnya 😊 salut",0,2026-04-08T06:34:31Z
@gustianburhan5377,Hayo....lawan penguasa otoriter,0,2026-04-08T06:34:04Z
@bobhappy9797,Mantap,0,2026-04-08T06:32:27Z
@imanuelsantos6719,"Bapak Prabowo sudah prediksi Indonesia akan bubar 2030 , bagaimana seorang Prabowo bisa katakan begitu  ? Apakah itu sudah di rencanakan ?  Kawal sajalah  .",0,2026-04-08T06:31:59Z
@mitralatuma019,Lagian si Rismon merendahkan si Caplin.. Masa cuma 5 M. Keterlaluan banget sih. Minimal 100 M lah pasti si Caplin gak bakal marah..,0,2026-04-08T06:31:53Z
@mitralatuma019,GWE MALAH MENDUGA SI RISMON MENUDUH CAPLIN GUNA MELINDUNGI REZA Y SEBAGAI PENDONOR UTAMA SELAIN GEORGE SOROS..,0,2026-04-08T06:31:38Z
@jamesbenlee8224,Ya yg kita rasakan apa yg ditulis oleh pak Prabowo di bukunya sama kenyataan ketika dia menjadi presiden itu tidak terjadi ... Entah lupa atao entah waktu nulis buku bukan dari pemikiran dia yg murni....,0,2026-04-08T06:31:34Z
@DianAgustinSastra,"Presiden omon2 ditabok buku ciptaannya sendiri.....Sadarkah dia? .....Jgn terlalu banyak berharap, cuma bisa omon2 doang, apalagi yg bisa diharapkan, ataukah negri ini sedang menuju bubar seperti yg pernah dia omongkan, 2030 Indonesia bubar",0,2026-04-08T06:31:16Z
@mitralatuma019,"Pilpres kemarin itu memilih yang terbaik diantara 3 yang terburuk.. Yg ini aja berantakan, apalagi kalau yg 2 ono. ... Apa jadinya... ??? Nikmatin aja . Tunggu 3 taun lagi. Tapi yg 2 ono jangan diajak. Yg Sekarang juga jangan.. Pilihannya 3 lagi. Rismon, KDM dan Mahfud MD...",0,2026-04-08T06:31:14Z
@FunkyMonkey-v3j,"Mantap, salut aku ke Bpk. Prof. Machfud MD. Sehat selalu & selamat dunia wal akhirat. Aamiiin. yaa Robbal Alamiiin.",1,2026-04-08T06:30:08Z
@JomonPutra,Mbg bikin kaya yg pnya order nya,0,2026-04-08T06:29:42Z
@AdrianRizki-w3y,CAPRES GAGAL ... BSK THN 2029 NYALEG LG YA ..BUKAN MAKAR..TP MEMPROKASI  RAKYAT CONK,0,2026-04-08T06:29:42Z
@tatiario4321,Penjelasan yg jelas lugas fair dan jujur ntuk mempertahankan dan membangun negara ini dg penuh faktanya ...keren .......pak MD lanjutkan,13,2026-04-08T06:29:35Z
@EkooJuprianto,"aq dulu pilih GANJAR MAHFUD,tapi sayang kok gak jadi,nangis aq wktu itu",0,2026-04-08T06:27:02Z
@bersinarterang1170,"kali ini tidak setuju prof, anda seolah2 menormalkan aktivitas2 membahayakan seperti ini. keadaannya pun sekarang jauh dari 98, jgn sikit2 dibandingan ama jaman suharto dong. jauh ga sama

apakah anda tidak sadar kekacauan ekonomi-politik yg akan timbul seandainya terjadi????!! besar mana mudharat dan manfaatnya??!!silahkan timbang2 lagi omonganmu prof! 
gak puas dgn prabowo?? jaga kondisi dan stabilitas dan persiapkan diri bertarung rebut kekuasaan 3 tahun lagi! KALO ANDA SANGGUP!
apakah karena anda tidak ikut dipemerintahan skr, jdnya tendensius seperti ini?? memalukan untuk seorang profesor",0,2026-04-08T06:26:17Z
@AylabilqisAzahra,Aduh....   Omong aja  coba menang kemaren  ...pasti beda cerita...,0,2026-04-08T06:26:16Z
@mustikaayuningtyas8332,Kalo nurut saya orang miski persiden ya prabowo dri awl mahl semua,0,2026-04-08T06:22:21Z
@baggio168-f6v,"MBG selain bagus untuk mengurangi stunting , tapi juga merupakan alat pemerataan ekonomi ......semua kalangan dari bawah sampai atas mendapatkan keuntungan dari program MBG, 15 rb harga MBG itu 2 rb untuk kalangan pemilik modal (investor) , 3 rb untuk pekerja mbg( tukang masak , supir, cuci ompeng dll), 10 rb untuk bahan baku  ( peternak, petani, pedagang pasar dll), zaman dulu tak ada efisiensi anggaran , tak ada mbg, tak ada sekolah rakyat, tak ada kopdes, tak ada kampung nelayan dll..............sekarang ada efesiensi anggaran malah ada MBG, sekolah rakyat dll.......artinya apa?? artinya selama ini anggaran kita banyak yg bocor dinikmati hanya oknum2 pejabat saja dan segelintir oligarki, buktinya sekarang ada efisiensi pun masih bisa menjalankan bnyk program.......yg banyak protest sekarnag adalah pihak2 yg kalah pilpres, asn asn yg kepanasan karena anggaran yg biasa mereka curi dipotong pak prabowo, antek2 Soros, para penghianat bangsa dll....................",0,2026-04-08T06:20:52Z
@Marwanpnw,"Terimakasih Prof selalu memberi pengetahuan dan penjelasan secara tegas,lugas,jelas.
Semangat terus dalam bersuara💪🏻",6,2026-04-08T06:17:07Z
@akabochuharwan7059,"Udahlah pak, jadi petani saja di desa. Terlalu lama nanti kamu dihisap kalau terlalu byk omong gt. Kamu membanggakan kerjamu dulu, sok plg bener. Padahal sama saja",0,2026-04-08T06:13:17Z
@anakbabe1,"video yang membuat buzzer rezim panas,.
tapi pusing buat ngebela kebijakan rezim tolol ini",0,2026-04-08T06:12:07Z
@mt-jmofficial573,"Obralan di vodces ini tidak bermanfaat menurut saya isinya orang pintar semua, punya wawasan yg lebih luas, tau mana yg slh dan tau mana yg benar. Seharusnya mereka yg lebih tau mereka lebih dekat jarak dgn presiden, langsung sampai kn dgn presiden mana yg slah , seharusnya begitu harapan masyarakat, karna presiden prabowo itu tidak tau dilapangan gimana dan mau gimana, karna yg menyetir semua adalah koloni2 , bukan begitu",0,2026-04-08T06:10:12Z
@Wid_00796,"""Ngomong gampang.. Melaksanakan tidak mudah"" !!!",0,2026-04-08T06:07:41Z
@dwisyaputra6334,Ogah klo Wapres nya naik jadi RI 1 no way!!,0,2026-04-08T06:06:55Z
@sulianasuliana3376,Wapres dulu yg pecat krn tidak punya ijazah sma baru preseden prabowo,0,2026-04-08T06:06:27Z
@DrikkyNataliaJoseph,Bgmn caranya utk pak Prabowo mendengarkan suara pakar yg kritis spt pak Mahmud MD ini ya??? Luar biasa  pak Mahmud Gbu always,0,2026-04-08T06:05:32Z
@dinssae363,Udah muak sama prabowo gibran,0,2026-04-08T06:05:13Z
@cuknuris,"Pak Prof @MahfudMD udah pernah nonton Chanel nya Om Benix belum Pak?
Seorang Investor Muda Indonesia yg menurut saya wawasan tentang Perekonomian, Politik Indonesia maupun Politik Globalnya TOP banget, pernyataan-pernyataannya selalu sesuai Data Real, analisisnya gak kaleng-kaleng presisi banget. Keren banget lah ni orang.
Sangat menarik bila Pak Prof bisa mengundangnya ke Podcast nya Pak Prof untuk diskusi bersama.",1,2026-04-08T05:56:23Z
@Koko-Amir274,Beraninya koar koar di luar kelambu,0,2026-04-08T05:53:47Z
@fudfirda5899,Mari Membela yang Benar.,0,2026-04-08T05:53:09Z
@rudinraufchanel3403,"MBG sebaiknya hanya didaerah daerah rawan pangan, jadi anggaran tidak begitu besar seperti sekarang ini yg sangat membuat rakyat jadi susah",0,2026-04-08T05:52:50Z
@TheOneThis,"Maaf.. memang masih banyak²² yg wajib dibenahi.. shg mungkin terlewatkan.. usul.. Pak Mahfud di jadikan Menteri lagi ! , shg yg terlewatkan bisa diminimalisir.. aamiin²³ YRA 🙏",0,2026-04-08T05:51:39Z
@cuknuris,"Saya selalu oke dengan pernyataan pernyataan Pak Prof.Mahfud MD.. Kritikan dan masukannya Realistis sesuai Data dan  fakta di lapangan, juga terukur sesuai Hukum yg sah, bukan hukum yg berlaku, karena hukum yg berlaku di Indonesia sering kali sudah di manipulasi.",0,2026-04-08T05:49:22Z
@alitsolehadin2092,"Kalau menurut saya izin.. Langkah prabowo menjalankan pemerintahan ini seperti jln sendiri tdk ada komitmen dengan DPR,, karena prabowo tidak mau inohong² politik ada intervensi atau tidak mau jadi boneka partai.. Ini adalah jati diri prabowo sejatinya 🫰",0,2026-04-08T05:43:14Z
@IrvanZuhri-f4e,Segera desak Prabowo gibrant turun atau rakyat turun ke jlnn,0,2026-04-08T05:42:39Z
@NurHayati-cx6kr,Iya moga jadi  inpirasi bagi kita  untuk menjadi lebih baik Indonesia maju pah mahud MD semangat terus.🙏,0,2026-04-08T05:37:57Z
@putramv6,"Tolong audit pembelian pasokan makanan setiap pemilik dapur MBG , sebelum berlanjut dan merugikan pedagang kecil",0,2026-04-08T05:37:20Z
@ImperiLA,"Tidak ada makar,,, ingat doa Prabowo 2014 NKRI bubar 2030",0,2026-04-08T05:32:06Z
@WilemWabiser,"Saya masyarakat akar rumput,  tolonglah gratiskan sekola BKN mbg,  rata rata Nusantara  punya anak , sampai yg kuliah,pasti lebih adil...  Bayangkan trilyunan, kaya pula negri, anak SMP bisa ngitung... Knapa susah Skali maju,  klaw peredaran rupiah sy kurang paham biarlah ahli ekonomi beraksi 🙏🙏🙏salam berbagi..",0,2026-04-08T05:28:45Z
@AgungSurowono,"yg nulis itu temenya...
klo dia yang mikir yang nulis masak lupa...",0,2026-04-08T05:27:36Z
@imammukhlis-j3m,Bagaimana bisa memperbaiki dirinya sendiri sudah kotor,1,2026-04-08T05:25:07Z
@JalilMuqoddam-n9f,"PRABOWO= Akan Mulya 
WIBOWO= Punya Kemuliaan",0,2026-04-08T05:23:52Z
@Reiro-lh3it,"Buku Original : Paradoks Indonesia dan Solusinya
Setelah Patch Update 2025 : Paradoks Prabowo dan Solusinya",0,2026-04-08T05:22:20Z
@windyjatmika2511,"Yg kritik yah orangnya itu2 saja,g usah dihiraukan",0,2026-04-08T05:21:16Z
@ahmadsalim4848,"18 bulan terlalu lama untuk ganti team yg solid dan setia, coba saja lihat pengalaman Saddam Husein thn 1979 membersihkan orang2 berpotensi khianat hanya perlu waktu 100hari, buktinya Saddam Husein bertahan 21thn sblm jatuh tahun 2003, intinya presiden punya nyali dan punya mindset masa depan buat kejayaan Indonesia",0,2026-04-08T05:20:59Z
@p4p1harun,Teori dan praktek kadang tidak sejalan. Harap Maklum. hehe sedot dulu yang cepat sebelum mesin sedot macet.,0,2026-04-08T05:20:45Z
@NurasminIbrahim-qn6yb,Lebaran sudah lewat aman. Tetapi sekarang terjadi kerisis LPG. Di Lotim. NTB.. saya langsung mebuktikan.,0,2026-04-08T05:18:54Z
@abubakar1693,"Karena dpt tidak mewakili rakyat,tapi temen akrabnya pemerintah jadi mana mungkin mengkritisi kebijakan pemerintah",0,2026-04-08T05:17:42Z
@kakinur9218,"prabowo SUKSES menjadikan Indonesia negara OTORITER..
pemerintah ANTI KRITIK, suara rakyat DIBUNGKAM, aktivis disiram air keras & diteror, diintimidasi !!",1,2026-04-08T05:17:10Z
@pendirudi4183,Jaman Soekarno gk ada rakyt yg naik motor.... Jln kaki... Artinya sekarang rakyt lbih sangat sejahtera.,0,2026-04-08T05:16:25Z
@user-xt8oh8jl8p,"1,5 tahun pemerintahan prabowo sy anggap gagal 😤😤 blon ada perubahan yg berarti ato program yg salah sasaran , Program MBG bagus tapiii pelaksanaannya amburadul , tll byk kolusi oleh antek2 pemerintah . Jangan asal omon - omon bos , teriak2 ky garang tp nyata cuma kucing 🤣🤣 presiden + wapresnya blon layak jd pemimpin 😡 tll byk diatur oleh bawahan , ganti semua mentri kabinet gak ada yg punya potensi satupun 👎🏻 aplg Bahlil , plnggay , sy muak liat mrk kerja kaga becus 😡😡",0,2026-04-08T05:09:55Z
@RosdianaGultom-i3j,"Prabowo susah dan TDK mau menerima kritikan. Beliau merasa semua yg dilakukan sdh benar, walaupun TDK sesuai dgn UU atau  peraturan yg sdh ada.",0,2026-04-08T05:09:14Z
@KoesSubandrio-vt9pl,"Assalamu'alaikum warahmatullahi wabarakatuh...kepada Pak Machfud khususnya..., saya ini sebelumnya merupakan pengagum dan mengidolakan Pak Machfud, karena memiliki ilmu yang komplit, Ilmu Agama & Ilmu Akademis yang mumpuni, dan saya mengharapkan suatu saat Pak Machfud dapat menjadi salah 1 Tokoh Indonesia yang memimpin Bangsa & Negara Indonesia ini, mungkin juga seperti yang diharapkan oleh Almarhum Gus Dur pada saat awal"" karir Pak Machfud dulu ketika Almarhum Gus Dur mempromosikan Tokoh yang bernama Machfud MD, komentar"" Bapak Machfud MD belakangan ini membuat saya sebagai pengidola menjadi miris, saya bukan ahli agama dan bukan lulusan  sekolah Agama, hanya saya sarankan kepada Bapak Machfud MD sebelum membuat pernyataan, berkomentar dan melakukan kritik kepada siapapun dan dalam konteks apapun Pak Machfud MD membaca kembali Surat Al Hujuurat dan Hadis Nabi mengenai "" Orang yang bangkrut menurut agama Islam ""..., membuat pernyataan, berkomentar dan membuat kritik itu didalam agama Islam ada batas"" nya Pak Machfud, diantaranya jangan dilandasi oleh kebencian, fitnah & ketidak jujuran, untuk setingkat level Tokoh Nasional seperti Pak Machfud sebaiknya Bapak belajar dari Bapak Ignasius Jonan (perilaku Ybs setelah tidak manjabat Menteri) & Bapak Prabowo (kekalahan bukan berarti akhir segalanya)..., salam hormat dari saya WNI yang masih mengharapkan Pak Machfud di kemudian hari menjadi salah 1 Tokoh yang memimpin Indonesia...tetap menjadi Tokoh yang jujur dan tanpa kebencian serta kesombongan ya Pak...",0,2026-04-08T05:08:55Z
@pawull,Gpplah yg penting partai saya punya cukup logistik utk pilpres 2029 supaya saya bisa jd presiden lagi. Skarang waktunya kita peras habis2an uang negara mumpung lagi berkuasa.,0,2026-04-08T05:08:09Z
@imampetualang2488,Mantap Prof Mahfud👍,1,2026-04-08T05:07:34Z
@Esocupu,"Bukannya mikir kenapa bensin masih ada dan ga ada kenaikan harga, tau ga suasana dunia sedang bagaimana?? aduh munafik pada",0,2026-04-08T05:04:24Z
@Harsono21-o7z,Saya berkali2 yg percaya Prabowo mampu cuma pk mahfud,0,2026-04-08T05:03:47Z
@danildemca2018,Mimpi tanpa berani mengeksekusi hanya ilusi yang dibawa sampai mati,1,2026-04-08T05:02:29Z
@ronnysagulani7211,"di mata prabowo indonesia paradox, di tangan prabowo indonsia tirani",0,2026-04-08T05:02:19Z
@sudarmonosudarmono6482,fitnah itu lebih kejam dari membunuh. misalkan kepeutusan seorng pemimpin menguntung kelompok yang lain dan merugikan kelompok yang lain apa yang harus dilakukan dan apakah anda mampu untuk menyelsaikan sehingga anda berani mengeluarkan dari mulut anda,0,2026-04-08T05:02:15Z
@3Fisher3Man3,"rakyat di peras pajak, negara di kuras sda nya",0,2026-04-08T05:01:32Z
@syufrialhasnan3069,"Rusaknya pak prabowo adalah akibat memilih orang dekatnya atau penasehatnya atau pembisiknya yang buta huruf melihat kondisi rakyat saat ini, dan sayangnya dia selalu menunjukkan sikap anti kritik.",0,2026-04-08T05:00:09Z
@tomasguntur6673,"Penjelasan dari Profesor Mah fud MD memang cerdas dan masuk akal, Saya cuman mau tambah untuk Pemerintah coba perhatikan di makan gratis ganti pendidikan praktek kerja perkebunan, pertanian, mekanik dan lln.. yang benar baik untuk Masyarakat Indonesia nya.. kemana saja tinggal jadi nggak susah cari kerja nya soalnya udah dasar ada pengalaman yang baik",0,2026-04-08T04:59:52Z
@godongjati0124,Yg bicara makar itu adalah pengkhianat bangsa yg TDK ingin Indonesia maju mereka TDK ingin rakyat kecil hidup makmur. Mereka mahu melakukan sistem lama yg jelas jelas kekayaan hanya untuk segelintir golongan mereka. Itulah cara licik para pengkhianat bangsa,0,2026-04-08T04:59:49Z
@pendirudi4183,"Klo rakyt miskin/negara miskin... Faktanya di jln""  kendaraan macet...rakyt bidoh itu sj ukuran nya. Berarti rakyt kita Kaya... Itu fakta yg tdk bisa di bantah.",0,2026-04-08T04:59:46Z
@sudarmonosudarmono6482,apakah kondisi kita sekarang emang segitu parahnya sehingga dari mulut seseorang keluar turun kan presiden. coba samapikan fakta2 saja karena lillahi taala   yang betul2 berpengaruh kepada kedaulat negara bukan karena politik dan kepenting pribadi atau karena haus jabatan. jangan sampaikan asumsi tolong kalo kalian emang saya negara ini jangan cuma permainan kata2 . sebagai seorang islam ambillah dulu rujukan pedoman dari Alqur'an,0,2026-04-08T04:59:19Z
@SEPUTARIDONESIA,LAGIAN LAYAK JUGA PRABOWO DI TURUNKAN,0,2026-04-08T04:56:18Z
@yadibogor7609,"Ternyata di buku itu tidak sesuai dengan pelaksanaan nya ,berarti Prabowo termasuk pemimpin munapek",0,2026-04-08T04:55:24Z
@pendirudi4183,Yg penting Presiden mensejahterakan rakyt. Titik,0,2026-04-08T04:55:23Z
@ulaaaakk,"Lucu bgt waktu pak mahfud jelasin buku prabowo, itu waktu baca sambil geleng2 kepala nggak pak? 😂",0,2026-04-08T04:54:50Z
@heruagustanto2383,"Luar biasa analisis dan penjelasan pak Mahfud MD...., lugas dan jelas.... terimakasih pak, sdh membuka wawasan lebih dalam.",0,2026-04-08T04:54:08Z
@pendirudi4183,"Yg penting sekarang Rakyt Adem ayem.... Yg koar"" silakan sja.",0,2026-04-08T04:53:43Z
@dedisuandi7112,Saya pedagang sayuran alhamdulilah di era pak prabowo daya beli masyarakat bertambah dan pengangguran berkurang di daerah gunung kidul. Jadi memang bagi para elit memeng buruk tapi bagi kami masyarakat kecil sangat membantu dengan program pak prabowo sekarang,0,2026-04-08T04:53:43Z
@ParminiParmini-m5s,Mengritik tapi jg harus kasih solusi ..... klu cuma ngritik aja ... anak tkpun bisa,0,2026-04-08T04:53:04Z
@Dodybodax24,BAPAK AING 2029,0,2026-04-08T04:51:57Z
@dwiindratno7697,"Ada positif ada negatif, ada kanan ada kiri, ada laki laki ada perempuan ada penguasa ada oposisi, ada muslim ada kafir (non muslim), ada yang dikritik ada pengritik, saya setuju dg pak Mafud ttg ada pengritik dan ada penguasa (yg dikritik), jika oposisi/pengritik merupakan tim baik tersengaja pembentukaannya atau tidak, maka tentunya yg dikritik juga ada timnya (staf ahlinya) karena presiden sedang menjalankan mandat untuk kepentingan masyarakat, dengan demikian proses kritik ini perlu suasana kondusif dg kesadaran bersama yg bertujuan utk kepentingan bangsa (rakyat) dan negara serta tanah air Indonesia tercinta ini, bukan medan kritik seperti tembak tembakannya koboi, ya bar bar dan hukum rimba yg akan terhasil kita bisa prediksi hasilnya. dengan demikian masyarakat jangan berharap jawaban instan karena presiden juga ada tim staf ahlinya yg harus mendiskusikannya terlebih dahulu. wewenang presiden kita sangat luas dan berat coba kita lihat di Inggris pembagian tugas dlm mengurus bangsanya ada dua Raja dan PM, Perancis ada Presiden dan Raja, Jepang, Thailand, Malaysia, Belanda, Denmark, New Zaeland, Belgia, Australia, Kanada, Kamboja, Emirat, Iran Papua New Guinea, Tuvalu Singapura dll dengan demikian tidak harus presiden yg menjawab kritikan kecuali berupa kebijakan, selain itu karena hanya menjalankan mandat mandat utk kepentingan masyarakat yg bisa didiskusikan dg tim ahlinya. memang masih perlu banyak banyak masukan untuk mendewasakan negara republik Indonesia yg masih muda ini, yg mana pemegang kendali sebelumnya untuk ngurus bangsa ini selama 350 tahun oleh kolonial Belanda, Portugis, Inggris dan Jepang bahkan seribu tahun lebih diperintah secara monarki (kerajaan) oleh Mataram Hindu, Majapahit, Mataram Islam. Salam NKRI Bermartabat.",0,2026-04-08T04:51:13Z
@KungSolikin,"Menurut orang kecil , keterangan tentang MAKAR , TAK BER TELE2.  pokoknya mengganggu / akan menggulingkan pemerintahan itu di sebut makar .maka pemeritah melawan itupun hak DEMOKRASI .",0,2026-04-08T04:50:19Z
@slametraharjo08,"ini mah berisik biar di angkat jadi menteri,.. masih sakit hati kalah",0,2026-04-08T04:49:12Z
@TenjoLaya-h2p,Terima kasih telah menyuarakan ketidak senjanga pemerintah dan rakyatya,0,2026-04-08T04:48:57Z
@JuniarBu-bm7he,Program nya byk omon..omon...❤😂t.ksh.pk.Mahput.❤,1,2026-04-08T04:46:34Z
@akbarpermana9157,Turunkan tni basmi semua yg mau makar agar segera aman pemerintahan. Sebab jika hankam aman maka pembangunan bangsa akan terlaksana.,1,2026-04-08T04:45:52Z
@muhammadarifin8742,penjelasan mencerahkan semoga para pemimipin negara mendengar dan menjadi inspurasi dlm menjalankan roda pemerintahan,8,2026-04-08T04:41:50Z
@teguhdharmawan2282,Ya Makar la pak kalau berusaha meng impich pemerintah diluar lembaga resmi,0,2026-04-08T04:39:29Z
@blackcoffee132,"cukuplah itu org satu periode, 3x ikut pilpres, 3x gagal, sekalinya jadi presiden bikin susah satu negara",0,2026-04-08T04:37:52Z
@ramaskancil,Sepertinya podcast ini tidak lolos filter youtube kids pak presiden wkwk,12,2026-04-08T04:37:22Z
@Argisanjayaputra,"Kenapa prabowo ngotot untuk selalu mempertahankan mbg & koperasi desa merah putih, itu karena (ini hanya pandangan orang bodoh seperti saya) 
Pabowo sudah 2 kali kalah dalam pilpres, semua orang tau jika ingin maju menjadi calon presiden selain harus punya dukungan partai, harus punya juga uang dalam jlh besar. 
D pilpres yg ke 3 kalinya akhirnya prabowo menang, itu artinya prabowo harus mencari pengganti uang yg sdah d keluarkan selama 3 kali pilpres, jadi apapun yg terjadi mbg & kdmp harus ttp berjalan. 
Mbg & kdmp adalah proyek berkedok program, selagi jadi presiden keruk kekayaan sebanyak banyaknya.",0,2026-04-08T04:36:07Z
@gunarti2646,T  i   t  o msh jd mentri dlm negri,0,2026-04-08T04:35:00Z
@WakApet-d6o,PEMIMPIN YG TIDAK KONSISTEN  ?,0,2026-04-08T04:34:15Z
@ibnunugraha8,"Bagus sekali ini pak Mahfud kritkan untuk Presiden Prabowo, kembali mengingatkan tentang siapa Prabowo sebenarnya, dia punya kapabilitas, tinggal butuh terlaihir kembali dengan jiwanya yang murni",0,2026-04-08T04:33:57Z
@marcellojanggur3294,"kampus""sdh di bungkam semua pak..pada takut di siram air keras",0,2026-04-08T04:33:29Z
@odiliaewyn3298,gedeg lihat program MBG,0,2026-04-08T04:32:53Z
@HamkaZaki-z6y,"Mantan pejabat slalu lebih hebat drpd saat menjbt,,,BKN culas tp rkyt menilai",0,2026-04-08T04:32:24Z
@hjjamilah4823,Lalu  pengganti nya  yg  ono   ih   ogah  banget,0,2026-04-08T04:32:18Z
@ekonowindardi3805,Sehat selalu Pak Mahfud aamiin ❤❤❤,0,2026-04-08T04:32:17Z
@DediBoelboel-y6e,Kami tak sulit hidup selagi tbs sawit harganya 3200sd 4000.karet 12000 sd 14000/kg kalian yg sibuk urusi pemerintah sibuk protes jd tak konsen dengan hidup kalian sendiri sibuk nuntut negara tak dikit berusaha sendiri hidup ini jgn terlalu tergantung dengan negara jd tk kesulitan banyak yg bis jadi cuang akses ke perbankanpun sangat mudah asal kau punya sertipikat kebun kalau KAU CUMA PUNYA IJAZAH TAK AKAN BISA DI JAMINKAN KE PERBANKAN,0,2026-04-08T04:31:43Z
@suryaprajadwibawana4792,"Terimakasih Prof Mahfud atas pandangan pandangannya, jangan pernah lelah mencintai Indonesia",108,2026-04-08T04:31:31Z
@MIdhom-q9m,"2019 persepsinya Bagus.
.
Sekarang turun jadi 34",0,2026-04-08T04:31:07Z
@TuruDek22,Itu menyeru org menjatuhkan pemerintah pa...memang tdk ada gerak nyatanya ingin makar tp gagasan nya itu mengajak makar,0,2026-04-08T04:30:56Z
@MIdhom-q9m,Mundur nya penanganan korupsi,0,2026-04-08T04:30:12Z
@MIdhom-q9m,Leadership ygbisa memperdayakan,0,2026-04-08T04:29:41Z
@MIdhom-q9m,"Minyak oplosan... perubahan kontra ditengah jalan  ,Nadiem Makarim...pagar laut...kita menyelamatkan negara ini",0,2026-04-08T04:28:56Z
@yenikmurwati1281,Indonesia ini MILIK BERSAMA !!!!,0,2026-04-08T04:28:40Z
@glencoolpp8505,mahpud berani bicara...waktu dia ada di dalam gk punya kempauan...di indonrsia gk ada puas nya cp pon yg jd prisiden karna ada kepentingan...jd mari kita bersatu bt mendukung pemerintah agar bisa bejalan....coba yg koar2 itu klu di kasih jabatan ku rasa akan diam..artinya apa ..?,0,2026-04-08T04:27:37Z
@MIdhom-q9m,Minyak oplosan... perubahan kontra ditengah jalan,0,2026-04-08T04:27:33Z
@tenayatv,"Sudah dikasih Jabatan seperti apa yang dia mau. Lihatlah aslinya, bertolak belakang sama buku yang di buat sendiri!!",0,2026-04-08T04:27:04Z
@MIdhom-q9m,Hukum tengah jalan belok,0,2026-04-08T04:26:51Z
@RianRian-o7x,kelemahan pak Prabowo hanya satu yaitu mbg,0,2026-04-08T04:26:45Z
@MIdhom-q9m,Kasus sama ...trip .beda,0,2026-04-08T04:25:53Z
@foreverdoomedvolt,bentuk tim investigasi menyelurush MBG!!,0,2026-04-08T04:25:47Z
@nizamnizam5540,MAHFUDH MD TERBAIK PLUS CHANNEL TERBAIK UNTUK SEMUA,0,2026-04-08T04:25:45Z
@JustHannDaily,56:45 Mungkin Pak Prabowo blm membaca bukunya sendiri atw sudah lupa isinya ? Karena yg  dilakukan sepanjang pemerintahan nya ini seperti bertolak belakang 🤔,0,2026-04-08T04:25:21Z
@AgusMz-l4j,"Kasihan pak Mahfud MD semenjak kalah pilpres dengan 17 persen, AKAL SEHATNYA HILANG",0,2026-04-08T04:24:49Z
@B-N4NG,Saran saya : para pengkritik jangan asal bicara. Coba dipikir lebih dalam sejak 1998 apakah negara lebih baik apa lebih banyak masalah? Sebenarnya orang orang ini apa yang diribut kan?,0,2026-04-08T04:24:16Z
@MIdhom-q9m,Mau dan melakukan... hukum itu,0,2026-04-08T04:23:51Z
@kcebonk69,"Ini Pak mahfud anak abah ni.
Atau barisan sakit hati..
“Kata buzzer dungu”",0,2026-04-08T04:21:34Z
@endang-i3j,"Kasian prabowo ada dingkungan pragmatis akhirnya rencananya tidak tepat atau filah yg mana dulu, contoh mbg yg paling membutuhkan terpencil dan terluar bukan di perkotaan dulu ternyata proklyek menggiurkan, coba dengan saran dari luar lingkarannya.",0,2026-04-08T04:21:24Z
@MIdhom-q9m,Banyak teror....Andre... kasus maaana,0,2026-04-08T04:21:09Z
@MuhammadYamin-j2q,"BUKTIKAN pak wowo apa yg anda tulis termasuk bnyk pidatomu sjak dlntik. Yg Bpk sampaikan ssungguhnya adlh HATI NURANI bpk, knp smpai bs bgini ? emang bpk mrs umur bpk mntinya msh smpat utk mlkukan itu ? bgmn jk umur bpk hari ini, esok atau lusa abis kontrak ? atau bisa tnggal hitungan detik, menit atau jam ? Sejarah akan mncatat bpk pahlawan dan pejuang atau klo di diamkan keadaan sprti skrg mk org menilai JKW (guru politik) kencing berdiri, Bpk Wowo (sbg murid) kencing berlari.",0,2026-04-08T04:20:45Z
@MIdhom-q9m,Banyak teror,0,2026-04-08T04:20:28Z
@zurbandi7526,Peesiden dan pemerintahan  sekarang sejak awal proses pemilu terbentuk  sdh bermasaalah secara moral dan secara hukum,0,2026-04-08T04:20:21Z
@MIdhom-q9m,Kampus untuk kemajuan negara sepiii,0,2026-04-08T04:19:52Z
@TresnaKhanza,"Benar harus nya prabowo itu merangkul orang yg mengkretik, bukan dibilang makar",0,2026-04-08T04:19:51Z
@MIdhom-q9m,Koperasi merah putih yg punya siapa ... pengawasan nya gimana,0,2026-04-08T04:19:21Z
@MuhammadAzhar-gs1gu,"JK itu ketua Dewan Masjid Indonesia. Wartawan bisa mjnta JK bersumpah ""Demi Allah"" Bhw dia tidak jd Donatur atau ikut jd dalang isu ijazah palsu😊😊😊",0,2026-04-08T04:19:19Z
@MIdhom-q9m,"MBG, sekolah rakyat, pengawasan nya mana",0,2026-04-08T04:18:34Z
@marcellojanggur3294,"banyak""maklum pak,kebawa umur..hari ini ngomongnya lain besok ngomongnya lain..",0,2026-04-08T04:18:13Z
@budijonobudijono3289,Negara ibarat satu Perusahaan yg harus di MANAJEMEN dgn BENAR.. KLO  perusahaan CEO nya gak Becus Harus Dipecat.. kalo bisa di Subcon kpd Profeesionals CEO nya.. kenapa TIDAK.. ini negara gak usah di subcon kayak aturan ombusmen.. ini sosok orang cerdas spt p Mahfud.. boleh juga di SUBCON.. MASIH ADA SOSOK2 YG PANDAI PINTER CERDAS WARAS JUJUR DAN PUNYA LEADERSHIP YG BENER..,0,2026-04-08T04:18:11Z
@MIdhom-q9m,Soal mobil....mobil Mahendra.  Indonesia juga bisa kok,0,2026-04-08T04:17:43Z
@brilianwatch6396,"Ayoo lengserkan sepaket, rakyat dah bner2 muak",18,2026-04-08T04:16:55Z
@MORA-e8t,Dari semua yang dijelaskan Prof.Mahfud MD menjelaskan kalau Prabowo Presiden OMON-OMON?,0,2026-04-08T04:16:11Z
@skurzshinoda5317,Andai punya pemimpin seperti pak Mahfud kita pasti bangga... Bukan pemimpin yg kosong glundang glundung sama dg wakilnya ..cuma bisa malu maluin,0,2026-04-08T04:15:49Z
@MIdhom-q9m,Soal mobil....mobil Mahendra.  Indonesia juga bisa kok,0,2026-04-08T04:15:15Z
@JustHannDaily,Perlawanan yg beradab & Perlawanan yg Anarkis. Perlawanan yg Anarkis mungkin seperti yg terjadi di Nepal 🤔,0,2026-04-08T04:14:06Z
@MIdhom-q9m,"Pasal 11 ayat 2 BOP , harus nya taren DPR",0,2026-04-08T04:13:58Z
@AYani-g2c,"Sayangnya pak Prabowo tidak mau mendengar suara dari manapun, sehingga membuat rakyat frustasi, marah dan jengkel dengan kebijakaan2nya yang dirasakan sangat merugikan rakyat.",0,2026-04-08T04:13:48Z
@mamatrahmat8813,Kalau orang jujur ber intrgistas TDK akan jadi kabinet butuh nya orang bodo korup bnyk omon OMON termul geng solo bari jadi kabinet,0,2026-04-08T04:12:52Z
@MIdhom-q9m,Hukum cuma kehendak,0,2026-04-08T04:12:36Z
@MIdhom-q9m,Demokrasi lemah sekarang,0,2026-04-08T04:11:42Z
@rudyokay4703,"Saya pengikut setia medsos Bapak, saya cinta dg Bapak yg tetap terjaga integritas dan etika berpolitik, ttp istiqimah Pak sehat selalu Pak....dan saya mau bertanya adakah wadah  sosial utk rakyat jelata seperti saya untk menyuarakan kritik pemerintah yg makin kesini makin kacau pak ?",0,2026-04-08T04:10:39Z
@MIdhom-q9m,Para crypto maling kata Prabowo,0,2026-04-08T04:10:09Z
@nauril9859,Maaf pak satu kata dari orang bodoh.cuman OMON 2,0,2026-04-08T04:09:25Z
@khomeinirahim8764,"Baguslah bersuara! syg! kerosakkan direpublik ini, si mahfud jgk ada didlm kerosakkan nya! zaman pemerintahan jokowi, terlalu byk kebijakkan Dan hutang dibuat! IKN tiada dlm rencana, dibuat sesuka hati jokowi! senyap shj!byk undang2 ditukar! senyap! ingat pak mahfud! lu jgk ada terbabit didlm kerosakkan yg terjadi skg! semuanya berdampak Dari 10tahun jokowi memerintah! Undang2 untk membayar pampasan kepada ahli PKI diluluskan! tiada bantahan! pembunuhan beramai2 kanjuruhan! senyap! pembunuhanan kasus km50! senyap! kasus 303 dibuka, lepas TU senyap! pelangaran konstitusi oleh Anwar Usman! senyap!mmg betul cakap lu mahfud, bila didlm kekuasaan, malaikat pun boleh menjadi iblis! skg sudah tk menjabat, ingin menjadi malaikat kembali!bukan semua rakyat lupa akan kejahatan lu bersama jokowi! Para ulama berapa ramai yg disumbat didlm penjara, semasa lu berada diperintahan! senyap! lu pergi lihat cermin, berbenah diri! bertaubat! kerna lu jgk yg merosakkan republic ini!jgn marah jika dikritik! 😡😇",0,2026-04-08T04:09:25Z
@KunkunOppo40,Prabowo harus membaca ulang tulisannya dalam buku yg dibuatnya sendiri. Mudah2an Prabowo tidak pikun.,0,2026-04-08T04:07:11Z
@indk4920,"Akar dari semua masalah carut marutnya negara ini ialah karena negara ini dikelola & dipimpin oleh orang orang yg tidak kompeten , tidak memiliki riwayat sekolah yg benar yg tinggi sehingga gagap dalam mengatasi masalah dan cenderung mencari untung sendiri.",0,2026-04-08T04:06:51Z
@MIdhom-q9m,113..merobek hukum...kena sendiri,0,2026-04-08T04:06:19Z
@MIdhom-q9m,Yg ngritik pak Prabowo tunjukkan hal buku tsb,0,2026-04-08T04:05:29Z
@UserTanker4758,"Pak Mahmud ini ngomong apa, seolah-olah cerdas tapi tak berpengaruh.narasi seperti itu ga harus sekolah tinggi juga bisa.peraturan dan undang undang di Indonesia ini sudah bagus cuma org2 nya yg sudah busuk.itu seluruh rakyat Indonesia dari sabang sampai marauke sudah tahu.memang ada orang baik tapi pengaruh nya apa nothing.ya seperti bpk ini nothing.maaf saya mengkritik bpk.terimakasih.",0,2026-04-08T04:05:16Z
@topikajjo6253,"Benar pak...diksi perkataan prabowo dr blm hingga sampai jadi presiden""kita akan...kita akan....kita akan""(seolah dia bukan pemegang pusat pmrntahan)"" ternyata slogan omon-omon yg dia populerkan sbagian besar lebih patut disandang dia sendiri !",0,2026-04-08T04:05:08Z
@MIdhom-q9m,Butuh pendekar demokrasi,0,2026-04-08T04:04:42Z
@MIdhom-q9m,"Strategi , manajemen",0,2026-04-08T04:04:19Z
@misihardi5845,Bagus nya pemerintah mengundang  mereka2 yg di Utan kayu itu ke istana untuk bertatap muka dan bagaimana harus yg di perbuat  pemerintah untuk Indonesia ini kedepan supaya lebih maju dan sejahtera  untuk penduduknya.,0,2026-04-08T04:04:16Z
@Randifany21,"2029 Pak Mahfud & Pak Ahok InsyaAllah, gw akan gunakan hak pilih gw setelah kagak di gunain belasan tahun 😅, untuk memperbaiki negara yang udah di rusak dipegang wowo. amburadul!",0,2026-04-08T04:04:09Z
@MIdhom-q9m,"198.. halaman,93; persen partai pembohong",0,2026-04-08T04:03:54Z
@MIdhom-q9m,Hal 13... Indonesia.. kehancuran,0,2026-04-08T04:02:57Z
@MIdhom-q9m,138 hal.koperasi Garuda...teks..ada di buku ini,0,2026-04-08T04:02:14Z
@FeiHung-e8s,"Kritik, protes kok dibilang makar? Sementara gaji dan semua fasilitas yang mereka nikmati itu dari uang rakyat. DImana-mana yang bayar gaji itu berhak untuk memecat karyawannya yang tidak bisa kerja.",0,2026-04-08T04:02:14Z
@rizqamizi4012,"Pak mahfud klu diluar kekuasaan sih ngomongnya enak, tapi klu dalam kekuasaan bisa dilihat waktu beliau menjadi menteri Jokowi, jelas2 acak acakan gitu ada aja pembenarannya, apa yg seperti ini yg mau didengar????!",0,2026-04-08T04:02:01Z
@nurulhartono8377,"Pak Mahmud terhormat..
Trimakasih ttg penjabaran mu...

BTW UNDANG UNDANG PERAMPASAN  KORUPSI  ... 
pas jaman BPK jadi Menteri knp belum terealisasi ???
Byk Maslah masalah juga blm selesai...

Namun 
Bapak bicaraa sekarang mudahhh banget berteori..

Ini citi orang yang pintar ..
Teorinya kerennn

Taoi bapak wkt jadi menteri wkt itu biasa biasa ajaaaa...

Saran saya ..
Bapak apa masih butuh Validasi  ttg kepintaran bapak 
Atau 
Bapak mpy niat ikut membantu perbaikan  negara ini..

Saran saya ..
Minta lah wkt utk bisa berdiskusi dg pak presiden .
Ajukan semua keberatan bapak pandangan BPK  

Tidak perlu seperti artis kyk bgini .

Teori bapak bagusss bgt pak .

MEMEPERBAIKI NEGARA  KITA CINTAII YANG SUDAH byk systemnya tidak baikk
Juga butuh waktu .

Jangan kepintaran bapak berteori dan buat podcast bgigin  jadi byk membuat salah paham salah pikir masyarakat ..
NKRI no 1 

Teori pandangan bapak luarbiasaa. 
Coba  duduk bersama dg presiden sampaikan ..

Tidakboerlu terbuka bgini. .yang nanti membuat gagal paham masyarakat. 

Bapak tidak perlu VALIDASI lagi. 
SE Indonesia tauu bapak pintarrrr hebattt
Namun pas BPK jadi menteri biasa ajaaa ..",0,2026-04-08T04:01:47Z
@MIdhom-q9m,Bagaimana Indonesia Dimata Prabowo,0,2026-04-08T04:00:56Z
@MuhammadAzhar-gs1gu,Dulu saat mahfud jd menkopolhukam kemana aja😂😂😂,0,2026-04-08T04:00:51Z
@MIdhom-q9m,"Visinya apa program apa, gimana",0,2026-04-08T04:00:00Z
@MuhammadAzhar-gs1gu,Purnawirawan yg KORUP jg takut dgn Prabowo😊😊😊,0,2026-04-08T03:59:42Z
@MuhammadAzhar-gs1gu,"Maju terus, prabowo DUA PERIODE. Para mafia koruptor takut dgn Prabowo😂",0,2026-04-08T03:58:56Z
@yupyupvideo3449,tolong beri penerangan MBG sama KDMP yang ruwet tanpa adanya kaji ulang sebelum pelaksanaan.,0,2026-04-08T03:58:17Z
@ekapurwita1393,"Apa fungsi DPR ?? Ketika presiden adalah ketua partai, presiden adalah pemimpin Koalisi partai KIM plus? 80% DPR ya manggut2 tok. Saya sedih melihat ketika rapat paripurna DPR malahan meneriakna nama presiden, bukannya mengkritisi Pidatonya. Apa yg bisa kami harapkan dari DPR yg seperti ini???",1,2026-04-08T03:58:15Z
@megawati4436,Inj orang Madura yg pintar❤,0,2026-04-08T03:57:40Z
@gempar_lsm885,"Kritik murni boleh yang jadi masalah kalau pesanan negara ini kapan mau majunya, beri kesempatan pemerintah untuk memperbaiki yang pinter2 jangan bisanya menghasut rakyat.",1,2026-04-08T03:57:27Z
@abaybullet4845,"kita lihat sj begitu beliau kini menjadi Presiden, apakah omon-omon saja atau tidak?",0,2026-04-08T03:57:17Z
@ibudesak6819,"prabowo kemakan suaranya sendiri,  apakah ini  karena faktor umur yg lupa ingatan atau disandra janji  politik untuk  bagi-bagi jabatan dan hambur hamburkan uang negara, dia lupa akan amanat dari kepercayaan rakyat buat jadikan dia jdi pemimpin negara atau entahlah, ini menurut keyakinan sy lo yaa. mungkin jg karena ajang balas dendam krn selama ini k. o. sebelumnya mau main pleciden plecidenan? 👶👶",0,2026-04-08T03:57:15Z
@jedijuan6247,prof.. negara aman harga terkendali BBM aman  negara aman dukungan ke presiden  75% lalu prof lain bilang turunkan Prabowo akal sehat org kebanyakan pasti bilang ini kelompok mau makar,0,2026-04-08T03:56:49Z
@megawati4436,"Sudah keenakan😂😂jadi kaya raya, punya pulau, punya usaha,perusahaan keluarga, ya lupa semua😢",0,2026-04-08T03:55:12Z
@ginagina9980,Partai² gabungan punya kepentingan masing² mrk mendukung krn ingin anggotanya duduk sebagai menteri makanya berpikir lah wahai partai² jika semua bergabung apa yg dikerjakan oleh pemerintahan nya tentu tdk dapat mengeritik hanya diam sj.,0,2026-04-08T03:54:07Z
@budijonobudijono3289,Buku nya retrorika buat promosi ...,0,2026-04-08T03:53:38Z
@abdulmushabnakbaubau8500,"Kalau pemerintahan berjalan dgn banyak kontra dari masyarakat mayoritas, seharusnya yg disorot adalah lembaga dprnya, kasih sindiran keras bagi anggota2nya biar tau malu banyak",0,2026-04-08T03:50:38Z
@TUKANG_GIGIYEYEN,"Wilayah Indonesia sangat luas tak bisa hanya andalkan presiden seorang maka kaki tangan presiden adalah kabinetnya, disinilah letak lemahnya pengawasan oleh Presiden kpd kabinetnya sehingga presiden sering di kibuli/di bohingi oleh laporan2 palsu dari menteri2nya dan prabowo tau hal ini.banyak perampok di tubuh negara sendiri dan ini sangat bahaya.(1) Presiden harus berani cabut dari akar ke atas(dahan2 yg sudah kontaminasi oleh hama). (2) negara harus buka mata ke tiga(sadap seluruh alat elektronik)di setiap sudut pemerintah dari pusat hingga desa.apakah presiden berani melakukan ini?",0,2026-04-08T03:49:48Z
@asihnurhayati3477,"Arep ""nyungsep"" kyk AS?situasi susah bkn krn pemerintahan pak Prabowo...mikir...kesenengen yg pny ambisi Gibran jd presiden?mau...dipimpin Gibran...sana buat pemerintahan baru di ""gorong-gorong""rakyatnya tikus..koruptor.penjilat.tkng ""ngathung BLT""""TerMul tkng fitnah.adudomba&bohong...Jgn Kufur nikmat biar Allah berkah i negeri kita...Makzulkan Gibran....",0,2026-04-08T03:49:13Z
@gudangbc8549,Hidup jokowi,0,2026-04-08T03:48:56Z
@wawansetiawan2044,Jujur dan terus terang sakit hati..karena kalah pilpres,0,2026-04-08T03:48:26Z
@wawansetiawan2044,Cawapres kalah,0,2026-04-08T03:47:23Z
@eks5029,"Presiden mungkin masih dendam dengan rakyat indonesia dengan apa yang terjadi pada dirinya pada th.98 dan sisa waktu 3,5 th adalah waktu yang cukup panjang untuk melampiaskan dendam dan kekesalannya pada rakyat indonesia dengan menghancurkan ekonomi indonesia dan mengguncang stabilitas politik dan keamanan indonesia dan pada titik akhir ia menampakkan diri sebagai pahlawan indonesia.",0,2026-04-08T03:46:43Z
@harianiwidjojo5641,"Ternyata BBN tidak naik, bahkan Purbaya menyatakan untuk BBM subsidi tidak akan naik s/d Desember tahun ini. Kog bisa ya pemerintah melakukan ini. Dimana negara 2 tetangga menaikan harga BBM. Kebijakan2 yg pro rakyat, pangan kita bisa mandiri, beras aman, sawit bisa dikelola untuk kebutuhan energi, yg dulu menjadi ladang koruptor,  kebijakan yg TDK pernah mampu dilakukan pemerintah Indonesia sebelum nya adalah  mengurangi kekuasaan BI, yg dulu sukar ditembus pemerintah kini agak longgar dimana  BI mengeluarkan kebijakan LCT sehingga sebagian impor TDK mnggunakan Dolar tetapi dg mata negara yg dituju. Bencana alam yg terjadi mampu dibangun tanpa bantuan dana asing. Di Aceh, pemerintah membangun rumah2 sementara bagi masyarakat yg tempat tinggalnya tertimpa bencana
Sumatra Utara dan Sumatra barat pun dibantu penyelesaiannya tampa menambah hutang.        Bahkan jembatan2 rusak bukan karena bencana  begitu banyak didesa yg diperuntukkan bagi rakyat kecil sebagai sarana jalan bagi penduduk sekitar dan digunakan juga bagi anak2 untuk pergi kesekolah yg kadang kondisinya sangat memprihatikan. Dibangun sekolah rakyat bagi anak yg tak mampu bersekolah. Apa buruknya MBG, kalau ada kekurangan pastilah Krn ini program baru bagi Indonesia, sementara negara2 maju yg telah melakukan pada awalnya memerlukan beberapa tahun mereka baru mampu menyalurkan dg baik.  Pemerintah pun telah menindak Seribu lebih pengelola yg tidak baik. Ini untuk rakyat dan generasi muda kita kedepan. Disisi lain dr MBG bisa meningkatkan ekonomi di daerah2. Koperasi Merah Putih buat rakyat juga.  Terbentuknya Danaantara yg
Diperuntukkan membangun kebutuhan prasarana dan sarana untuk memenuhi kebutuhan bangsa dan negara. Banyak hilirisasi yg sedang dibangun dr pangan dan energi. Anda tahukah telor ayam yg anda makan setiap hari sejak lama? Pernah kah terpikir itu induk2 ayamnya adalah hasil impor ? Dan kini dg adanya Danaantara nanti kita TDK mengimport dg partai besar lagi. Sampah, yg bisa dimanfaatin dan bila dibiarkan akan menimbulkan resiko bagi sekitarnya, aja mesti diurus 
Presiden. Belum lagi hrs mencari Investasi keluar negeri. Sampai genteng rumah dipikirin buat kenyamanan dan tambahan penghasilan rakyat. Ini semua dilakukan untuk rakyat dalam setahun lebih lho bukan lima tahun. Kalau masyarakat akan menggulingkan atau mengganti Presiden, siapa sih yg mau mengantikan Prabowo? Wah enak dong ya programnya tinggal melanjutkan ga perlu berpikir dr awal, mantap......  Salam damai",0,2026-04-08T03:45:07Z
@rinimurti6156,ngga sepakat wajarlah kan satu frekuensi 😃,0,2026-04-08T03:44:44Z
@smarttraining414,Suara TIT... yg berulang-ulang di awal video ini sangat mengganggu sehingga membosankan utk didengar.,0,2026-04-08T03:44:17Z
@budijonobudijono3289,Ganti dua2 nya kalo gak becus.. tapi repot nggakda pemimpin yg mumpuni.. cendikiawan bnyk yg waras cerdas tegas ..terus terang .. dan klo dikumpulin bisa jadi PENASIHAT PRESIDEN.. NGGAK USAH PEMILU .. YG TERLANJUR TERPILIH BIAR COPOT SENDIRI NYA,0,2026-04-08T03:43:58Z
@larendeso-w7i,"Mantab P,Mahfud, Indonesia butuh pemikir seperti P,Mahfud,",1,2026-04-08T03:43:46Z
@sunrevolver,Indonesia hari ini adalah hasil kolaborasi lintas generasi dari pada Pemerintah terdahulu,0,2026-04-08T03:43:25Z
@LomanMer,"-1,5 Th Pemerintan Prabowo,
(bru Perencanaan ke Pelaksanaan).
saatnya Evaluasi Mentri"".
-Pemerintah msh Ngatur, skala Prioritas.
(Menutup Kran"" dn Kebocoran"")/effisiensi.
.
Rakyat yg baik, adlah
*Klu tdk bisa MEMBANTU minimal jgn MENGGANGGU*",0,2026-04-08T03:43:16Z
@johnyd7813,"Ngga sampe 2030 udah keburu bubar kyknya negara konoha. Presidennya otoriter, budeg, ngga bs kerja, cuma bisa omon2.",0,2026-04-08T03:42:53Z
@rahmanpattiiha,"mau pemerintahan di bolak balik ubah sana ubah sini tapi selama penegak hukumnya kepolisian kejaksaan dan sebagainya yg terkait gk bener semua, tetap aja kacau pemerintahan.",0,2026-04-08T03:42:42Z
@MIdhom-q9m,Bulan ke 18 pemerintahan Prabowo,0,2026-04-08T03:42:24Z
@ryuandreans-sy8wy,MBG ngabisin uang negara dan bikin pedagang kecil bangkrut setiap sekolah ada sekitar 10-15 pedagang kecil terkena dampak,0,2026-04-08T03:41:54Z
@agusdemon659,Semua karena konoha hoby main dukun,0,2026-04-08T03:41:45Z
@MIdhom-q9m,15 partai.... hancur,0,2026-04-08T03:41:02Z
@cepcasep9423,Ada bandar ekonomi yang bayar Syaeful Muzani.,0,2026-04-08T03:38:35Z
@KingFinix-q7j,Mahfud md sedang membicarakan dirinya sendiri,0,2026-04-08T03:38:07Z
@nuripurbawidjayanuri8578,"Trimakasih pk mahfud, anda sudh mnunjukan dngan jelas realitanya anda di pihak mana 😊
Skrang sya juga meragukan ucapan profesor sprti anda, anda bicara scra nasionalis, tp mewajarkan kritik yg bersifat provokatif yg memecah belah bangsa, pdhal sgt jelas narasi yg menjatuhkan pemerintahan sah, adalah penghinaan simbol negara. Apkah benar profesor2 di unvrsitas besar skrang sdah bnyak ditunggangi oligarki asing ?",0,2026-04-08T03:35:28Z
@sidekbtasim7506,"Pak mahfud sy respect dgn anda,anda jujur,pada pendapat anda siapa yg paling sesuai jadi presiden,",1,2026-04-08T03:35:09Z
@markumgozali4137,"Pk mahfud  klo ada didalam banyak diam tpi klo diluar pemerintah banyak bicara  merasa lrbib pintar  ,tangkap yg menggaungkan makar itj itu manusi berhati dajallll",0,2026-04-08T03:35:07Z
@markumgozali4137,"Pk mahfud  klo ada didalam banyak diam tpi klo diluar pemerintah banyak bicara  merasa lrbib pintar  ,tangkap yg menggaungkan makar itj itu manusi berhati dajallll",0,2026-04-08T03:34:49Z
@jooslim440,apa2 makar apa2 makar kapan  ngeritiknya klo gitu,0,2026-04-08T03:34:44Z
@dadikrahmat5606,"Real ""pleciden OMON OMON""",0,2026-04-08T03:34:38Z
@FauziBrother,Prabowo engak bisa mimoin negara sebesar indonesia,0,2026-04-08T03:34:37Z
@mustafakamal4478,"Ternyata betul juga Ambisi Prabowo yaitu INGIN KEBELET BERKUASA DOANG.!!! 

Dan ternyata benar Indonesia dimata & ditangan PRABOWO  yaaa kaya GINI"" aja,,, 😭😭 

Sampai kapan Rakyat Indonesia ini mau maju, lha wong pemimpinya aja cuma mau BERKUASA doang, boro"" mikirkan Rakyatnya Sejahtera.? 😭😭",0,2026-04-08T03:33:58Z
@IketutSilayasa,Inntinya.. sudah nasib indonesia memiliki pemimpin seperti si Wowo.. sypun merasa berdosa karna sy telah salah memilih presiden😢,0,2026-04-08T03:32:21Z
@iqidrus7921,mantap,0,2026-04-08T03:30:39Z
@sunaryahnariyah5580,Coba pak makmur kasih masukan ke pak Prabowo. Datang kerumahnya.,0,2026-04-08T03:28:07Z
@sunaryahnariyah5580,Soalnya dpr-nya byk yg korup pak makmur.,0,2026-04-08T03:26:40Z
@agsissis8463,Hancur negara karena anda menjabat sebelumnya jangan menyalahkan Prabowo,0,2026-04-08T03:26:23Z
@syifagreen5250,Pak Prabowo wajib di undang podcast pak Mahfud MD ❤,1,2026-04-08T03:25:48Z
@agsissis8463,Orang udah jelas mau menggulingkan kok tidak disebut makar jangan munafik,0,2026-04-08T03:25:34Z
@agsissis8463,Ya tidak sependapat karena pak Mahfud ga jabat...zaman anda menjabat berkuasa bintang Pamungkas dll ditangkap dengan tudahan makar,0,2026-04-08T03:25:00Z
@NAKAMAGO-m1h,"Ular kepala dua ya mpud ini . . 
Coba ada jabatan di era prabowo .. Pasti bela tuannya 😁🤣😂",0,2026-04-08T03:24:33Z
@AhmadMujiono-zh3cv,"yang menang jokowi apa prabowo ,hapus peraturan 2 periode tarung prabowo jokowi mana yang dipilih rakyat.",0,2026-04-08T03:24:11Z
@hendrabudimulia-vd2ny,"Kalau saya menulis buku, pasti judulnya ""Paradoks Prabowo."" Karena apa yg dia lakukan berlawanan dgn ideal yg dia katakan.😂",0,2026-04-08T03:24:00Z
@gatotsubiyantoro3121,"Rakyat MENANTI KEJUJURAN, KEJUJURAN MENUJU KEADILAN DAN KEMAKMURAN RAKYAT",0,2026-04-08T03:23:06Z
@wandysusilochandra1025,"Mwrubah kebiasaan buruk yg telah berakar, tdk semudah membalikkan tangan, biarlah pak Prabowo merubah dng caranya sendiri sampai bersih, semasa jabatannya",0,2026-04-08T03:22:38Z
@yohanessupadi9659,"Top pak Mahfud MD ..
sangat setuju kritik tersebut ...dan presiden hrus mau di kritik dan juga mau berbenah....👍👍",0,2026-04-08T03:21:27Z
@FeryKazam-i7t,"Ngeritik boleh,tapi sekarang banyak makar yg mau menggulingkan pemerintahan,,emang kalau pemerintahan tumbang,apakah bisa menjamin indonesia bisa maju.,,",0,2026-04-08T03:21:14Z
@hehehelucukali1733,Sebutkan 1 saja Mentri pak praroro yg bagus kerja nya,0,2026-04-08T03:21:10Z
@yansherisona8490,"Banyak program program menghamburkan uang, pelanggaran tapi tidak ditindak tegas, pejabat pemerintahan yang suka Asbun ... tidak peka terhadap situasi yang di rasakan rakyat, lemah dalam menerima keritik ... Mereka ini apakah pemimpin untuk Rakyat Indonesia atau kah ""Rakyatnya"" ?",0,2026-04-08T03:20:59Z
@sulistyanibudi5918,"Prabowo suruh baca buku yg ""di buatnya""buku saja juga omon2,klo buku itu ada dan keluar dari hati nurani pastilah dia bisa menjalankan tugas presiden dengan baik kecuali memang bukan pemikirannya.",0,2026-04-08T03:20:32Z
@confuseano,serba salah gara2 konspirasi luar biasa.,0,2026-04-08T03:20:09Z
@muchammadxanandy6219,Sepakat 100%dengan pak mahfud MD.trimakasih pak mahfud MD.,0,2026-04-08T03:19:09Z
@didisamboja6598,"Itu semua sandiwara ketua MPR, yg jelas mereka semua dalam satu kolam...",0,2026-04-08T03:18:39Z
@roleflushgaming8915,"Alhamdulillah basis penjelasan argumen Prof Mahmud sangat jelas, aspek ke ilmuan dan moral sangat kuat, bijak terukur, makasih Pak ❤🙏",0,2026-04-08T03:15:58Z
@NurKholis-r9l,Itu jelas ajakan makar bos,0,2026-04-08T03:15:06Z
@M.DAHNIAL,"Pak  Mahfud, bukan 11 Triyun pak , 17 triyun sebenarnya, dari berita berita selama ini.",0,2026-04-08T03:14:37Z
@Jeknikelsen,Kritis.. mantap !,0,2026-04-08T03:14:05Z
@wandysusilochandra1025,"Jika benar dengar, pahami Pa yg dikatakan oleh banyak para pakar dan analis serta pemerhati. Jangan marah. Ambil tindakan. Jika tidak mau di demo dan dilengserkan. Duit udah bejibun, utk apalagi ditumpuk lagi. Tiru sherly tjoanda kerjanya betul2 utk rakyatnya. Mati di doa in orang masuk surga, bukan disumpah nongkrong di neraka",0,2026-04-08T03:14:02Z
@pudjiutomo2009,"Alhamdulillah, masih ada orang orang yang peduli dengan Kebaikan NKRI, menganalisa dengan ilmu pengetahuan, objektif dan untuk pencerahan warga negara Indonesia yang masih peduli terhadap negara Indonesia ❤❤❤",45,2026-04-08T03:13:27Z
@kurniawansusanto9355,TNI + kelompok Ustad adalah kunci langgengnya rezim dan prabowo sangat tahu bagaimana cara nya menggandeng dua kelompok itu..lha memang niatnya dr awal merusak negara ya kan,0,2026-04-08T03:12:12Z
@luckyhantono1675,Mngkin tdk masuk dlm makar tpi boleh jg dipetrusin orng kek gt menyebar kebencian kpd ulil amri,0,2026-04-08T03:12:08Z
@Kayana-g7w,Gimana caranya membersihkan elit2 dinegri ini pak mahfud? Apa perlu rakyat bergerak bersama untuk membersikan elit2 korup dengan menepalkan mereka,0,2026-04-08T03:11:42Z
@RizkiHairunnizar,org klau blm dpt jabatan biasax triak2,0,2026-04-08T03:11:22Z
@ceptosahal7449,Mahfudz kok begini ya.... Kadang waras kadang nglantur juga....,0,2026-04-08T03:10:16Z
@saiddwisantosa8301,DPR mau kritik juga rawan mendapat tekanan pak.. mau ngga mau jadi satu komando,0,2026-04-08T03:09:49Z
@_RickySetiawan,Pak Mahfud terlalu naif.,0,2026-04-08T03:09:12Z
@yantiputri7880,"Kebebasan beragama masih belum bagus pak,,, tekanan dan perlakuan semena2 pada agama minoritas",0,2026-04-08T03:07:55Z
@penggunaanonim851,"sepertinya yang nulis buku itu sudah lupa....atau dia sudah tulis buku bantahan dari buku pertamanya,cuman belum di terbitkan saja....hahahahah",0,2026-04-08T03:06:42Z
@anchidema481,"buku itu di publish sblm jadi presiden, setelah jadi presiden silahkan nilai sendiri. begitulah yg selalu bilang hai antek antek aseeeng",0,2026-04-08T03:06:28Z
@frank-jw1zo,"RAKYAT BALI AKAN DI DEMO BESAR SAAT INI ADA MASALAH SAMPAH,TPA SUWUNG DIMASALAHKAN PUSAT DAN DITUTUP TAPI PUSAT TAK KASI SOLUSI PULUHAN TRILIUN DANA WISATA BALI DIAMBIL PUSAT",0,2026-04-08T03:06:07Z
@hafizhhamzah3295,sok2an bela oposan sakit hati......BRUTUS lg nyari posisi di pemerintahan....hati2 ni org seperti mahfud,0,2026-04-08T03:05:29Z
@harimadiyono5481,"KALAU BACOTNYA SAIFUL BILANG PRABOWO DIJATUHKAN TRUS NGGAK BOLEH DISEBUT MAKAR, LALU APA NARASI YG COCOK BUAT KATA DIJATUHKAN ITU PAK",0,2026-04-08T03:05:10Z
@christianivandarusabtiadi249,"Dulu sy senang lihat prof, tp saat ini mengarah ke subjektif, makin kelihata siapa pendukung Indonesia maju apa tidak",1,2026-04-08T03:04:50Z
@yatinarzo8707,"Saya sudah pesimis sejak terpilihnya 02....boleh jadi Indonesia akan bubar thn 2030 kalau Wowo terus berkuasa.Yang jujur tergusur,yang culas dan licik diberi kekuasaan.Apa Wowo sudah pikun ya?Dulu kampanye ngomong A setelah berkuasa ngomong B.Yang membagongkan,akan mengejar koruptor smp ke Antartika,yang antar kita gimana?Malah disuruh mengembalikan uang korupsinya diam².Saya tidak pernah lelah mencintai Indonesia,tapi melihat Penguasa saat ini,sakit hati ini.Para pendiri NKRI pasti tidak rela....",0,2026-04-08T03:03:18Z
@dedipriadi8444,"Jujur pak ..
Ditangan pak ini plg hancur negara ini😢😢
Korupsi dipelihara melalui namannya MBG😢😢😢
Zaman pak jokowi hbs uanv negara jelas ada pembangunan walaupun banyak jg korupsi
Tp MBG??
PRESIDEN SKRG SENANGNYA DIPUJI
DIKRITIK NGAMUK
NYESAL2 MILIH ANDA PAK
TIDAK UNTUK PILPREA SELANJUTNYA😂",0,2026-04-08T03:01:29Z
@wandysusilochandra1025,"Yg mengeritik dng keras dan benar walau orang yg hebat, pengalaman dan profesional, tdk akan dipakai dalam tim. Krn perbuatan ini sptnya disengaja utk ambil keuntungan se besar2 nya sebelum lengser",0,2026-04-08T02:59:46Z
@Wahyudin9632-f7y,Nyimak selalu ❤❤❤,0,2026-04-08T02:58:00Z
@vzlind,"Demo kemaren mana tuntutan ga ada yg gerak, mentok di forum aja. Ruu Aset kaga update,terus regulasi aturan u/ platform aplikasi yg memanfaatkan pekerja lepas, bukan nya makin seimbang aturan / hak, malah makin di injek² seakan legal/bebas aturan keatas, ketat kebawah. 
Era sinetron para pengusaha,populiter,berkepentingan aja yg berhak dan atur aja tiap episodenya.",0,2026-04-08T02:57:24Z
@yugorafello9885,"Negara ini milik kita, kata siapa, saya dinegara ini tanah beli pak, mahal pula, yang memiliki ya yang mampu beli, yang gak mampu ya cuma nebeng, kalau merasa negara ini milik kita bersama, berarti yang belum punya tempat kan dikasih tempat, dan fasilitasnya, apapun dinegara ini bayar, dan uangnya entah kemana,",0,2026-04-08T02:57:13Z
@teriskarahardjo3337,"Pak, partai nya jumlah di ciutksn maksimal 3 saja. Kalau tidak k8ta bisa hancur, partai kurawa, pemimpin partai2 Dasamuka dengan mafia berkolaborasi. Berarti buku nya pak Prabowo yg nulis nya org lain dong, masa tidak konsekuen dg pandangan dan komitmen yg ditulis nya. Kelihatan nya udah pikun ya",0,2026-04-08T02:56:29Z
@minowinner2337,"Katanya juli Agustus bakal kisruh pak, makanya pada bikin ulah para tokoh2 gak jelas ini . 
Ini kode2 buat semua yg berkepentingan ingin menggulingkan kekuasaan presiden bisa serempak demo",0,2026-04-08T02:56:25Z
@cenel2an,"Dalam hukum pidana Indonesia (KUHP), makar diartikan sebagai aanslag (serangan) terhadap keamanan negara, kepala negara, atau pemerintahan yang sah. Berikut adalah poin-poin utama untuk memahaminya:

Definisi Konseptual (Pasal 87 KUHP): Makar dianggap terjadi jika niat (voornemen) untuk melakukan kejahatan telah diwujudkan melalui permulaan pelaksanaan (uitvoeringshandeling). Artinya, sekadar rencana atau wacana saja tidak cukup untuk dikategorikan sebagai makar.
Jenis-jenis Makar:
    1. Makar terhadap nyawa atau kemerdekaan Presiden/Wakil Presiden (Pasal 104).
    2. Makar terhadap wilayah negara, seperti upaya memisahkan diri (Pasal 106).
    3. Makar terhadap pemerintahan, yaitu upaya menggulingkan pemerintahan yang sah (Pasal 107).
Unsur Utama: Makar memerlukan tindakan nyata yang membahayakan. Istilah aanslag dalam konteks ini lebih tepat diterjemahkan sebagai serangan fisik, bukan sekadar orasi politik atau sikap kritis.

Dalam konteks pernyataan Saiful Mujani yang viral di video (0:25-0:31), beliau menegaskan bahwa seruannya bukanlah bentuk makar, melainkan bagian dari sikap politik (political engagement) yang dijamin oleh konstitusi sebagai bagian dari kebebasan berbicara dan partisipasi politik (1:12-1:38).


Justru Yang menuduh Saiful melakukan makar, mereka lah yg mendiskreditkan saiful atau memang anti kritik dan anti demokrasi atau memang bodoh🗿🗿💀",0,2026-04-08T02:55:20Z
@Jalakhitam-b8p,Sabar baru menjabat tak perlu bergesa2.. jangan di salahkan presiden.. yg slahkan ormas partai yg bikin UUD.. PRESIDEN MANA YG UDAH SUDAH TAMBANG KELAPA SWIT YG SUDAH DI SITA.. PRESIDEN SEKARANG LGI CUCI PIRING YG KOTOR.. PAK MAHFUD KRITIK TUH ORMAS PARTAI YG BIKIN NEGARA SEMPRAWUT.. SAMA APARAT HUKUM YG DI KRITIK,0,2026-04-08T02:54:41Z
@kevinjuanda8674,"gak bisa pak mahfud, jika rakyat yang menerima penjelasan saiful mujani seperti pak mahfud semua, maka jelas itu kritik. permasalahannya rakyat indonesia lebih banyak bodohnya dan kritik keras dari pak saiful itu bisa jadi pemicu aksi makar untuk orang bodoh bodoh itu.",0,2026-04-08T02:53:28Z
@xenaangel1613,The king of omon-omon,0,2026-04-08T02:52:18Z
@andiwijaya3756,"Besar pasak dari pada tiang, anak kecil juga tau akibat nya 😂",1,2026-04-08T02:51:49Z
@kidnepofficial1124,Bahayanya tidak ada oposisi..akhirnya rakyat yg jadi oposisi..negara sudah tidak sehat trias politikanya,0,2026-04-08T02:50:21Z
@wandysusilochandra1025,"Se etuk ya bisa ga urus negara, sebab beda dng militer",0,2026-04-08T02:50:19Z
@itsraya4518,Terima kasih prof... Sdh mewakili keresahan hati rakyat 🙏🏼🙏🏼,165,2026-04-08T02:49:38Z
@SamiAsih-m9b,Alhamdulillah. Aku ga pilih prabowo gibran,0,2026-04-08T02:49:08Z
@Gadisjava123,PAK TOLONG SELAMATKAN INDONESIA,0,2026-04-08T02:49:06Z
@riskyfirmansyah3849,kenapa apa yang di ambil presiden prabowo setelah jadi presiden jauh dari apa yang beliau tulis? apakah jasa 14 orang pembohongan dari 15 orang di politik Indonesia itu terlalu besar? masalah sekarang menurut saya apakah beliau sadar bahwa apa yang beliau jalankan itu salah dan berlawanan dengan keinginan rakyat.,0,2026-04-08T02:47:42Z
@Ida-d7c,"Sebagai pemilik dapur, sy dukung prabowo 1000% dalam poya2 anggaran, 6jt perhari, bentar lagi dapat motor listrik gratis, mobil pickup gratis, klo boleh wowo presiden seumur hidup, biarpun negara ini bangkrut bodo amat,",0,2026-04-08T02:47:38Z
@topakijang2299,"Prof Mahfud MD,  sifat Trump yg suka mengingkari janjinya itu kan salah satu sifat munafik.  Kenapa presiden Prabowo masuk gabung ke mereka apakah dia sama seperti mereka  ????  .   Tolong di ingat kan prof  . Terima kasih",0,2026-04-08T02:46:46Z
@SlametSentosa-jr2bi,"Prabowo klu sdh di demo, balasannya, akan membasmi para koruptor, perampasan harta korypsi, tp sesudah di lewatkan/ didiamkan rakyat, nah dia juga ikut jg diam, dan tdk ada realisasinya
Jd hanya Omon Omon... 
Mantapkan Presiden kita yg satu ini.. 😂😂😂😂😂😂",0,2026-04-08T02:46:43Z
@Aprijantoo,"Sepertinya hrs ada pergantian sistem n rezim.....kedepan sy memilih SRI SULTAN HB X dan Pak MAHFUD MD yg memimpin bangsa ini , shg tercipta NEGERI YG DAMAI DAN SEJAHTERA.",0,2026-04-08T02:45:47Z
@khusenkhusen-nw3ic,"Lebih cepat lebih baik, sebelum Indonesia bubar.",0,2026-04-08T02:45:47Z
@sitisiti9681,Asllmualaikum semangat terus BP Prabowo  Jagan putus harepan masih banyak yg mendukung bpa Prabowo   ajudan2 nya yg bersih dan NKRI sehat selalu bpa Prabowo Gibran semoga Alloh sbwt selalu melindungi org yg bersih dan jujur amin,1,2026-04-08T02:45:40Z
@AnasHabi-r2t,"Sekarang gimana mau memperbaiki,dikritik aja gak mau",0,2026-04-08T02:45:29Z
@sudhartosudharto8676,"Dari penjelasan prof. Mahfud dari buku prabowo, sdh jelas Prabowo memang omon2.",0,2026-04-08T02:45:16Z
@MOHSOLIHIN-ez1sr,"Pak Presiden Prabowo Subianto presiden pilihan Rakyat untuk yg baik2 kita dukung sama sama kebijakan yg kurang baik kritikan dan nasehat itu cambuk buat masa depan Negara ini.
Apapun keadaan saat ini suka tidak suka kita sama sama perbaikin Negara ini 
Kita dorong Presiden dan pwmbantunya mentri supaya kerja lebih keras lagi untuk memulihkan ekonomi yg sedang lesu dan daya beli masyarakat turun.akibat konflik timur tengah dan tekanan Asing yg sudah lama 
Menduduki Indonesia.
Pak presiden sadar itu dan perlu dukungan kuat dari rakyat dan seluruh partai yg ada sekarang.
1th lebih berjalan ada kekurangan dan kelebihan itu wajar dlm demokrasi.
Pemerintah sekarang beda yg di pimpin beliau ,beliau UUD 45 Pancasila kedaulatan dan kemandirian di segala bidang yg beliau inginkan Agar Indonesia kelak jadi negara maju.45t mendatang eranya bukan kita putra putri Indonesia.
Yg perlu di fokuskan Undang2 perampasan aset
Penegakan hukum
Untuk keamanan masyarakat perlu di perhatikan serius kriminal
Waspadai adu domba dlm masyarakat. Ciptakan kondisi aman masyarakat. Trima kasih.",0,2026-04-08T02:45:05Z
@yunitasetiarso9806,Semoga sampai ke pikiran dan hati pak Wowo bahwa pengelolaan negara semakin ke sini semakin gak bener.,0,2026-04-08T02:44:50Z
@AkunPakbudi,Mahfud md jenius & pemberani,0,2026-04-08T02:44:29Z
@lain-laingituch4902,"Kepemimpinan Prabowo masih 3,5 th optimis sich boleh pak, dg begitu kita punya harapan. Namun dengan tidak adanya tanda beliau memperbaiki dr segi apapun sampai detik ini, saya kira sampai kita menunggu selama itupun dipastikan akan sia2 beliau jadi Presiden. Karnanya, Prabowo masih Euforia tak percaya dia jadi seorang PRESIDEN, terlihat kemana2 hanya menunjukkan bahwa dia bisa jadi PRESIDEN. PAdahal semua orang udah tahu itu. Pikirannya loncat-loncat, dia ndak bisa FOKUS pada penyelesaian masalah, yg dia pikirkan hanya bagaimana 5th setelah periode ini, dia akan menjabat lagi/tidak. Terlebih Indonesia dibawa kemana ndak JELAS juga.  ""Nahkoda itu harus paham bagaimana mengendalikan angin yang bertiup, karna angin dan badai bisa datang dr mana saja, jika tak ingin semua awak kapal tenggelam bersama.""",23,2026-04-08T02:44:08Z
@Lengkuas_666,"Praboncos mau menjiplak kondisi pra gestok dengan merapat ke Trump. 
Kondisi ""perang dingin"" jilid ii sekarang antara us-china dianggapnya mirip situasi perang dingin 60-an antara us-ussr. Saat itu Sungarto merapat ke us & membasmi lawan -lawan politiknya lalu bisa berkuasa & korupsi secara bebas 32 tahun. 
Dengan merapat ke kubu us sekarang, Praboncos berharap bisa jadi diktator & disupport secara ekonomi & seluruh utang-utangnya dilonggarkan.
Sayangnya kondisi sekarang beda 😊. Baru nyiram air keras aja hebohnya minta amsyong. Boro-boro mau membantai lawan-lawan sebanyak satu juta nyawa secara massal...
So *pemimpin npd dengan sentuhan dementia secukupnya* 😊 mau menjiplak cara mertua berkuasa sebagai tyrant selama 32 tahun, rasanya agak mustahil...",0,2026-04-08T02:44:06Z
@Novi_Hartanto,Agak lain konsep podcase nya,0,2026-04-08T02:44:05Z
@gibrangidoin816,"Wkwkwkwk
Dikritik oleh bukunya sendiri. 
Kira2 beliau klo membaca gimana ya?? 😂😂😂
Di bukunya tersirat kemarahan. Sekarang joget2😂

Klo saya bisa membuat buku saya akan buat buku ""Pradox"" di dalam Pradox",0,2026-04-08T02:43:35Z
@asnopati4998,Tidak jauh dari jokowi jadi pembohong prabowo waktu kampanye. Ayo orang orang yg masih cinta tanah air selamatkan  dari kehancuran.dengan cara yg tidak melanggar hukum.,0,2026-04-08T02:43:19Z
@madunlee4463,Dikira Prabowo yg punya indonesia.... Anti kritik...!,0,2026-04-08T02:42:32Z
@ar.d,"Saya masih berharap
tp emg bener periode ini wadidaw, kebangetan.
kebangetan kelompoknya.
makin sini makin makin belanja dan pengeluaran buat programnya.",0,2026-04-08T02:41:26Z
@FitriWulandariPolnes,podcast bagus bgini tapi viewersnya dikit,0,2026-04-08T02:41:16Z
@yudodwinandito5101,Omon..omon...itu kan waktu dia blm jd presiden...skr sdh jadi ntr beda lagi ngomongnya soal bukunya sendiri,0,2026-04-08T02:41:09Z
@bassosofian9362,Presiden ingkar janji utk mobil Nasional....,0,2026-04-08T02:41:08Z
@yusufabiraya8127,"Selama ini saya menyaksikan kelakuan negara kepada setiap lawan politik yg mengkritisi personal atau politisi yg tengah berkuas, gak perduli dengan undang² dan pengamat politik dan hukum, melainkan 'gak suka... Lumpuhkan'",0,2026-04-08T02:39:53Z
@Gabutprojeck,Apa kabar reformasi polri ?,0,2026-04-08T02:39:39Z
@jokoagung5890,"Model kepemimpinan dan Kebijakan modelnya TOP DOWN, tanpa ada penjelasan perencanaan yang jelas (contoh MBG, KDMP, Sekolah rakyat, dll). dalam ilmu perencanaan pembangunan itu hrsnya bottom up dan aspiratif.pemeggang kendali oleh militer dan polisi, pemda tdk dilibatkan, akademisi juga tdk. jd binggung kita.ketemu kades-kades di bawah juga pd bingung, krn ketidakjelasan konsep. mbg j d ajang ""perebutan"" cuan keuntungan. dan militer ,polisi ikut di situ. yg kami kawatirkan TUPOKSI mereka (Pertahanan dan Keamanan) jd Lemah. ketika militer dan polisi serta Elit Kaya sdh menikmati Cuan MBG, kasihanrakyat, hanya jadi obyek. Keuntungan masuk ke elit elit. 
kasus MAHINDRA CARS, apalagi hadeeh Menyesakkan DADA deh
pembelian Alutsista wabil khusus jet tempur berbagai merk (rafale, KAAN, KF 21, penjajagan dgn Pakistan). yang kata ahli dirgantara ,jgn banyak2 merk peswat, krn sulit nnti di maintenance nya.
halo PT DI gmn kabar N 219. halo Drone elang hitam gmn kabarnya. Roket HAN gmn kabrnya",0,2026-04-08T02:38:36Z
@dinocaulus26,"kritikan halus sudah, kritikan keras sudah, bahkan kritik didepan pak prabowo langsung (mb Nana ), terus pakai cara apalagi pak ?,, kami sudah mulai lelah dengan kebijakan2 absurd beliau",0,2026-04-08T02:36:18Z
@rudwanabdul9772,31:43 apa mungkin ?anggota dpt bisa diam karena kecipratan dapur mbg?,0,2026-04-08T02:35:25Z
@Kode-l9n,Presiden PRABOWO di mata masyarakat lebih baik dari yg dulu ...beras Uda GK impor ...harga BBM ..GK ada kenaikan petani makmur...harga pupuk turun ...terus koroptor di libas...kurang apalagi pak PRABOWO...?,0,2026-04-08T02:34:22Z
@trimulyono9242,"Terima kasih Pak Mahfud. Pencerahannya . Semoga Pak Prabowo diberikan kesabaran, kesehatan , kemudahan , kekuatan iman dan keselamatan dalam menjalankan amanah masyarakat indonesia sebagai Presiden RI.",0,2026-04-08T02:33:39Z
@WurYanto-r3g,Pak Mahfud kasus ijasah Jokowi kok bertele tele membosankan dan bikin keruh negeri ini yg sy menjadi heran kenapa pak prabowo kok seolah olah tdk dengar padahal kasus ini menyangkut kredibelitas pendidikan.,0,2026-04-08T02:32:15Z
@ericpurnomo8173,Sblm terlambat krn terlalu kuat.,0,2026-04-08T02:31:15Z
@doriyodonatrichardyonan4087,"Ga kabinetnya dpr nya semuanya penjikat asal bapak senang .... itu p mahfud benar   buku dan teory nya p prabowo benar tapi prakteknya NOL BESAR .....nah mari sekara g menagih janjinya p prabowo ....kan  80% rakyat mendukung p prabowo  kpk sekaranv berubah  melanggar UU dan jadi otoriter ....apa ini yg dikatakan patriotik, nasionalis dan memikirkan rskyat dan bangsa .....coba kita lihat  seuanya ga ada hasilnya ....pemberantasan korupsi mandek .hukum hancurkorupsi merajalela ...kabinetnya  ga profesional ,dan ABS,DPR PENJILAT dsn mlempem ....kita ini rakyat yg mendikung p pprabowo kok malah dikhianati dan ditindas ....kami mphon P PRABOWO NYADAR PAK ...mati membangun bsngsa dgbaik bersama  rakyay ... belum terkambat dsn jsngan snti kritik",0,2026-04-08T02:30:18Z
@MK-wi5gp,NGAWUR ANDA KALI INI PROF,0,2026-04-08T02:29:58Z
@abehsetia,"Itu bukan kritik tapi mengajak makar, kalau mengkririk apa yang di kritik saeful mujani gak jelas",0,2026-04-08T02:28:01Z
@RamdhaniDoni-s6d,"Luar biasa semangat Prabowo utk merubah indonesia menjadi baik dan.sejahtera rakyatnya, tapi sayang itu hanya ada di BUKU PARADOKS INDONESIA, tapi setelah jadi Presiden eehh rupanya dia hanya OMON OMON doang...LUPA DIA dgn buku yg ditulisnya sendiri....Aammmbyyarrr.",0,2026-04-08T02:27:25Z
@HafizaLubnahkaira,"Sayang yg ngingetin, yg cinta sama pak presiden malah di sikapi dg cr antikritik. Pak presiden kamibrakyat kecil mshblbh percaya sama anda dr PD kekuasaan yg dulu. Tolong buka mata bapak, program anda bagus tp hari ini hrs ada skala prioritas, hari ini pengelolaan program anda MBG, kopdes merahputih tolong pengawasannya prosedurnya di perketat.",0,2026-04-08T02:25:52Z
@okaflower5265,Semoga Allah menjaga bangsa Indonesia dan punya pemimpin yg tulus ikhlas dan berjuang untuk rakyat nya,0,2026-04-08T02:25:45Z
@andrieasmaredianta8644,kritik bisa juga bisa berasal dari orang yang kepentingannya terganggu,0,2026-04-08T02:25:12Z
@rudwanabdul9772,ketika menjadi presiden. pak prabowo mendadak lupa dngn apa yg dia tulis,0,2026-04-08T02:24:17Z
@TradSof,"Yg perlu diprrbarui di Indonesia adalah di bidang hukum , 1 hal lg kalau oposisi di danai Asing utk menjatuhkan negara apa tanggapan Anda  kalian ?????",0,2026-04-08T02:24:06Z
@etisunardi-lk8kp,Tp sayangnya Prabowo melanggar sumpahnya sendiri yang didalam buku itu dan sekarang dia ikut Jokowi yang hatinya busuk dan licik dan jadilah Prabowo yang sekarang program programnya yang carut marut alias amburadul contoh MBG yang harusnya diseleksi dikasih makan semua kaya maupun miskin itu kan goblog,0,2026-04-08T02:22:01Z
@mohammadyusuf5045,"Aku merasa negara ini seolah bukan negaraku sendiri karna melihat kebijakan presiden yg tidak berpihak krpada rakyat, saya rindu NKRI yg rakyatnya sejahtera.",0,2026-04-08T02:21:40Z
@fendilie5564,"Contoh TIMAH😂😂😂,siapa yg main sekarang 😂😂😂, OMON2,hancur ajaklah",0,2026-04-08T02:19:54Z
@jujurringo5473,"Pak Mahmud, anda sangat dibutuhkan rakyat sbg referensi  utk bersuara keras dan tajam. Siapalagi yg bisa didengar pemerintahan ini jika bpk yg bersuarapun tdk didengar pemerintah berarti pemerintah bagai menjalankan operasi negara pakai kaca mata kuda. Indonesia ini sdh saatnya revolusi total, semakin cepat semakin bagus hanya menunggu saat pemicunya, pak Mahmud saatnya membuka menelanjangi kebobrokan pemerintahan sekarang dan sebelumnya, saatnya bpk mencerahkan apa solusinya agar negara punya harapan kedepan utk memakmurkan rakyat bukan memakmurkan penguasa korup.",0,2026-04-08T02:18:15Z
@NurYanto28-u1l,Janji janji LBH parah dr esemka,0,2026-04-08T02:18:05Z
@okisyahdani2859,"Semua ini di mulai dr presiden megawati yg bnyak menjual aset"" negara dan sekarang prabowo sdh pikun ptof",0,2026-04-08T02:17:45Z
@SyaifulRbc,Prof saya punya saran... Indonesia kita serahkan sama Cina biar cepat maju bebas koruptor Rakyat makmur 😅,0,2026-04-08T02:17:22Z
@ratnairawati5439,"Judul nya menarik...
Karena.., SPT nya Pak Prabowo...tidak bisa membaca kehendak rakyat tapi hanya ketegasan nya sendiri ...saja yg menonjol.., kurang komunikasi dgn rakyat dgn kebijakan yg di jln kan. Sebaiknya ada Departemen Penerangan...,spy tidak aneh dgn kebijakan yg aneh tiba² ada..
Muncul ormas² bermunculan yg seenak nya sendiri ikut mengatur masyarakat dan pengusaha",0,2026-04-08T02:16:52Z
@muhamadfaizal2991,"Pak Proff seperti ga pernah menjadi pejabat negara.
Kritik itu boleh, sah dan harus ada, agar pejabat selalu mawas diri.
Tapi,
penduduk Indonesia ini ada 287 juta jiwa, klo yang mengkritik 200 orang saja.
Saat Pah Mahfud menjabat jadi Ketua MK, Menhan, Menkopolkam, apa bapak dengarkan semua dan ikuti semua?
Lalu apa Pak Mahfud bebal? kan tidak.

Presiden sangat tidak anti kritik.
Contoh MBG, ada 2000 lebih dapur MBG yang ditutup sementara, karena laporan masyarakat dan inspeksi BGN.
Itu bukti kritik masyarakat didengarkan, ditindak lanjuti.
Pemberian Grasi, Abolisi kepada Tomas Lembong, Ira Puspadewi, Guru Abdul Muis, Guru Rasnal di Luwu, itu bukan karena mendengarkan masukan warga?
Perintah Presiden kepada Kapolri untuk mengusut tuntas kasus Andrie Yunus, itu anti kritik?

Tidak semua kritik yang harus didengarkan apalagi diikuti.
Contoh aktual,
Ada yang mengusulkan pemerintah naikkan saja harga BBM dalam negeri agar beban fiskal lebih ringan.
Sementara ada yang meminta agar harga BBM jangan dinaikkan, untuk menjaga daya beli masyarakat.
Mana yang mau diterima????",0,2026-04-08T02:15:21Z
@traderkaltim8352,Uu perampasan aset mandul. Reformasi polri lebih parah lagi. Apalagi UU TNi bermasalh,0,2026-04-08T02:15:20Z
@ImsPelwarie,"Pak mahfud, agar klir dan jelas...
1. Apa kekuranganpemerintah dalam program nya dan solusinya. Anda kan masih org dlam utk panitia reformasi polisi
2. Kenapa setiap prestasi kemajuan pemerintah yg lebih baik dari pemerintah sebelumnya tidK terapresiasi dalam pandangan oposisi
3. Kenapa tidak menghadap langsung pada pemerintah dan cari solusi terbaik agar NKRI ini lebih baik dg damai",0,2026-04-08T02:15:16Z
@bersinarterang1170,"kali ini tidak setuju prof, anda seolah2 menormalkan aktivitas2 membahayakan seperti ini. keadaannya pun sekarang jauh dari 98, jgn sikit2 dibandingan ama jaman suharto dong. jauh ga sama

apakah anda tidak sadar kekacauan ekonomi-politik yg akan timbul seandainya terjadi????!! besar mana mudharat dan manfaatnya??!!silahkan timbang2 lagi omonganmu prof! 
gak puas dgn prabowo?? jaga kondisi dan stabilitas dan persiapkan diri bertarung rebut kekuasaan 3 tahun lagi! KALO ANDA SANGGUP!
apakah karena anda tidak ikut dipemerintahan skr, jdnya tendensius seperti ini?? memalukan untuk seorang profesor",0,2026-04-08T02:14:51Z
@imamsuprayogo5738,"Sepanjang masih bernama manusia (insaan) dari kelompok, asal muasal, latar belakang pendidikan, status, dll., masih berpotensi menyimpang, korup, dlm., 

Baru menjadi jujur, benar, amanah, dll., jika manusia itu sudah berhasik menjadi mukmin. Seseorang disebut mukmin jika sehari-hari ingat atau bahkan bertemu tuhan..",0,2026-04-08T02:14:14Z
@halloalmost,"Era sekarang semua di daerah tidak berjalan, kini  program 
Semua pusat segala gala nya  egoisme center 
Dan Kini program visi misi  bupati terbungkam di cekek anggaran hingga terbatas gerak program di tingkat kabupaten.. pembangunan  tidak ada di daerah.
Rakyat masih memperhatikan alur permainan program pusat",0,2026-04-08T02:14:04Z
@salsa_official22,"Hati hati politik itu membuat kita jd BODOH dan DONGO,...!!!!!",0,2026-04-08T02:13:32Z
@nurzakikarim9836,Ya iyalah...pasti si Mahfud pemikirannya sama satu gerombolan sengklekk...udah  parah emang si Mahfud krooniissss😂,0,2026-04-08T02:13:29Z
@arikmeiyanto892,"ini pak  mahfud  kalah telak masih bacot,,saya juga ngritik dong",0,2026-04-08T02:13:08Z
@harrysmart1455,"Sampai Kiamat, indonesia gak akan jd Negara maju jika msih Pakai sistem demokrasi yg Super Korup sperti ini 😂😂",0,2026-04-08T02:12:31Z
@AbdulRohman-t4f,"Basmi Aja segelintir elit kecil kok yng adu domba terus pdhl mereka ingin kekuasaan,.. sulit Bangsa ini maju klo segelintir itu ngerongrong aja tiap pemerintahan,.. BASMI",0,2026-04-08T02:12:10Z
@jonisaputra7756,"Pk nyalon lg pk ..tp jangan jd wakil,saya percaya bapak😊",0,2026-04-08T02:11:52Z
@srisurati1355,DPR ga ada apa apanya ... Manut saja 😢 .,0,2026-04-08T02:11:21Z
@GusturHb-g5b8o,Alhamdulillah bisa mendengarkan bahasan BP. Mahfud. MD,0,2026-04-08T02:10:22Z
@arikmeiyanto892,kali ini saya ngak setuju.kedalaman mbg sangat  membantu saya secara personal,0,2026-04-08T02:10:02Z
@story3483a,Prabowo mengkritik presiden Prabowo,0,2026-04-08T02:09:09Z
@muhamadiskandar4239,"Bapak, mhon ijin undang mendatangkan bpk.ganjar. 
Sy pengen bpk berdiskusi tentang pemerintahan sekarang.",0,2026-04-08T02:09:01Z
@Aprijantoo,MAKAR itu adalah MEMBUAT KERUSAKAN ( Inkonstitusi ) yg berdemo utk mengembalikan konsritusi itu tidak bisa di bilang MAKAR.,0,2026-04-08T02:08:45Z
@hendri_Sph,"Katanya kritik bagus, begitu rakyat kritik katanya antek asing, makarlah, MBG dimana2 buat siswa keracunan di kritik ga terima keras kepala😂",0,2026-04-08T02:08:42Z
@nanorian3067,"Hanya presiden PRABOWO di kritik RAKYATnya malah di jadikan musuh dlm menjalankan pemerintahan dan programnya..NDASMY lah..antek antek  asing lah...pengkianat lah.......
MIRIS....",0,2026-04-08T02:07:52Z
@muhamadhanafi5499,MBG d kdmp d program yg lain yg d korupsi siapapun.mhn d bersihkan aja.tanpa politik.asal d bina yg d bawah SBG pelaksana program...KLO dak tahu ya d bina dong...penegak hukum nya jg d sikat KLO bermain d belakang booss..ha..he..?,0,2026-04-08T02:05:38Z
@popaye022,"Rezim sekarang qo di keritik sedikit makar, apakah makar itu bisa di sebut makar ketika pemerintahan atau rezim tidak beres ?",0,2026-04-08T02:02:58Z
@YopiTumanan-g9y,"Sy masyarakat biasa prof,prihatin melihat kepemimpinan presiden skrg yg hanya omon2 saja tanpa praktek yg nyata,liat saja prof pidatonya: akan mengejar koruptor sampai ke Antartika tapi institusi2 hukumnya semuanya bgmn????,klu memang mau bagus,evaluasi secara keseluruhan semua institusi2 hukumnya,liat ma bgmn,kejaksaan bgmn,kepolisian bgmn,TNI bgmn,ini justru melengkapi kerusakan yg dibuat penguasa yg lalu diperiode ke 2nya yg sengaja melemahkan KPK biar korupsi semakin masif agar bisa disandera,ngeri memang prof Krn 11 12",0,2026-04-08T02:02:36Z
@muhamadhanafi5499,ahli hukum bisanya bikin UU..doang..tp d balik pembuat UU..dia juga yg bisa ngakalin2 hukum...sy  pengemar prof..dari kesempurnaan ilmu hukumnya..jika berkenan dan bisa memberi masukan lgsg k istana Krn bisa adil dan demokrasi hanya tuhan..KLO msh wujud manusia hanya nabi yg adil dan bijak prof...ha...he..?? KLO manusia indonesia....yg mana orangnya ..kami butuh..prof...ha..he..??,0,2026-04-08T02:01:21Z
@SarfinMare-Mare-zt2xi,"Setiap presiden terpilih mempunyai program sendiri biarkan presiden dan kabinetnya bekerja kan ada DPR yang mengawasi setiap kerja""presiden dan kabinetnya ,kita tunggu limatahun lagi jika kita tdk setuju mari kita pilih pemimpin yang sesuai dengan kemauan kita",0,2026-04-08T02:00:53Z
@abdsalamrofiq,"Memilih prabowo salah total
Lebih kej dari pak harto
Sy sudah kwatir dari awal",0,2026-04-08T02:00:46Z
@alaricarkan14,"Saya lbh nyaman era  H, M Soeharto biarpun ada kesalahan tp banyak kebaikan nya.. Setelah jatuhnya Soerharto makin berantakan. Era pak SBY tdk banyak masalah juga. Habibi petani""makmur laut di patroli. Setelahnya amburadul.",0,2026-04-08T02:00:00Z
@sautpurba8378,Mahfud tidak ada duanya di Indonesia.  Sehat terus Pak Mahfud,0,2026-04-08T01:59:42Z
@artinox8499,Semoga pak Mahfud MD berpasangan dengan orang yang tepat di 2029,0,2026-04-08T01:59:42Z
@ferdinan2492,"""Menurut keyakinan saya ""presiden msh Prabowo..wakil presiden nya Pak Mahfud MD ini 🇮🇩😍🇮🇩🔥",0,2026-04-08T01:59:04Z
@pikmalilarwan,Bagus jika mundur,0,2026-04-08T01:58:36Z
@efendylumbanraja1888,"KALAU DEFISIT ANGGARAN MENCAPAI 3,5 - 4%, APA YG AKAN DILAKUKAN PEMERINTAHAN PRABOWO SUBIANTO TERHADAP NEGERI INI??? AKAN MENGAMBIL TINDAKAN APA???",0,2026-04-08T01:58:15Z
@DOKTORKAMPUNG,DARI dulu saya berharap Prof Mahfudz Presiden. Kecewa dulu waktu jadi cawapres. Semoga next ya pak.,0,2026-04-08T01:58:03Z
@izzanurmaulida9696,Mantap sekali prof. Kritik halus dari yang dia ucapakan sendiri dalam bukunya,0,2026-04-08T01:57:47Z
@MuhammadSyarif-p7d,❤,0,2026-04-08T01:57:01Z
@hanaairaizzatunnisa,Paradoks Indonesia = Menjilat Ludah Sendiri,0,2026-04-08T01:56:52Z
@togasinabariba7570,"Sepertinya ( penglihatan saya sendiri ) bahwa pak PS ini sudah terbentuk karakternya karakter ""tidak boleh di kritik ""' walau secara narasinya dia menerima kritik tapi dalam kenyataannya dia tidak mau dikritik .",0,2026-04-08T01:55:43Z
@abdsalamrofiq,Sudah pikun kok jadi presiden,0,2026-04-08T01:55:29Z
@Ali2024-i8h,"Sudah Selayaknya memperbaiki diri, dan Para pembantu yang tidak kompeten ya baik diganti, padahal dari dahulu kan sudah di usulkan tuk ganti lah pembantu yang baik.",1,2026-04-08T01:55:26Z
@budisupriadi3550,"Betul Pa Prof. Pemerintah harus Introveksi diri kenapa  Rakyat banyak mengkritik pemerintah, coba  laksanakan semua hasil pertemuan para tokoh politik, agamawan, akademis dll,jangan hanya omon-omom aja",0,2026-04-08T01:54:24Z
@rezzamaulana8969,apa semua mantan oejabat itu klo lgi fak dpt jabatan brisik ya jdi negara gaduuh,0,2026-04-08T01:54:21Z
@harianiwidjojo5641,"Kadang manusia lebih jeli melihat keburukan orang lain, dan lupa melihat kekurangan  diri sendiri. Marilah kita selalu  introspeksi pada diri sendiri.Jujur bertanya pada diri sendiri, apa yg telah kita sumbangkan bagi negara tercinta ? Apa yg telah kita berikan kepada rakyat kecil ? Apakah kecendrungan selalu bersimpati kepada rakyat kecil tanpa pemolesan terselubung ?  Seberani apakah kita bisa melawan parakoroptor dimasa lalu dan kini ? Atau seberapa besar kemampuan yg  mampu menyita dana yg ilegal dlm waktu relatif singkat dlm jumlah yg mengejutkankk? Seberapa besar kebobrokan yg tertinggal dan harus ditanggung ?i Wajibkah semua beban tertinggal dibiarkan dan sementara kehidupan dan hidup rakyat kecil tengah menderita ? Dilemmakah ? Patriotik sejati  akan selalu introspeksi pada diri dan hanya kerja nyata bagi nusa dan bangsa. Salam Damai",0,2026-04-08T01:54:09Z
@SyarifManar,"Ketika penyimpangan sdh keterlaluan, dan pemerintah pun bebal. Semua kanal kritik dan kontrol sdh dibungkam. DPR diam, penegak hukum diintervensi, media pers ditekan, aktifis disiram air keras. Tokoh2 spt Pak Mahfud, Bambang Widjajanto, Abraham Samad dll, mestinya tdk lg banyak bicara di podcas. Tetapi turunlah bergerak mengajak para akademisi, mahasiswa dan kita2 rakyat biasa ini untuk bergerak,  mengkonsolidasi dan beraksi menuntut perubahan dan keadilan yg lbh baik. Bila perlu buatlah pengadilan rakyat, menumbangkan rezim yg sdh menghianati konstitusi.",0,2026-04-08T01:54:02Z
@celenganambu3437,Serasa ikut kuliah pendek 👍,0,2026-04-08T01:53:51Z
@Bear9aming,Prabowo vs Prabowo,0,2026-04-08T01:52:32Z
@marzardan6415,"pak kalo kita terus bersuara tanpa ada langkah konkrit saya ngerasa selamanya akan seperti ini. ngga ada yg kita dapat dari bersuara selain selalu bersembunyi dibalik kalimat ""mencerdaskan"". toh pemerintah juga ngga peduli, dan saya pun yakin 2029 pasti yg naik akan orang yg sama atau orang yang ada disekitar dia. menurut saya sudah tidak ada yg bisa diperbaiki di negara konoha ini, kalo langkah yg diambil selalu sama.",1,2026-04-08T01:51:40Z
@Kusumo2166,Kritik terhadap pemerintah & presiden adalah hak setiap warga tapi jika kritik atau pendapatnya tidak diterima presiden itu juga haknya presiden dan harus dihargai jangan sampai ada yg memaksakan kehendak dan memprovokasi .,0,2026-04-08T01:51:33Z
@opan-0p4n,apakah  pak Prabowo masih konsisten dengan buku Prabowo halaman  110-112  dan lain lainya,0,2026-04-08T01:51:27Z
@Stalinis74,"Mestinyah prabowo betul2 putus hubungan dengan jokowi. Ganti jabatan kapolri seumur hidup dengan yg baru. Buang semua yg terafiliasi dengan jokowi, pasti rakyat menengah yg mayoritas mendukung penuh prabowo. Prabowo wajib punya style sendiri, jangan meneruskan jokowi.",0,2026-04-08T01:50:39Z
@TVRois,Pak purbaya bilang di tolak. Tapi motor MBG tetap jalan,0,2026-04-08T01:50:39Z
@maulanagunawan13,Judul bukunya musti diganti menjadi Prabowo Paradoks,0,2026-04-08T01:50:02Z
@muhamadhanafi5499,coba cek dan tanyakan k pak Luhut d JK prof...kasus Nadim dkk...jangan2 org2 prof.yg  JD aktor d balik itu..d duga org dekat prof...sandiwara ..kok..ha..he..??,0,2026-04-08T01:49:54Z
@aniaremania-g4l,"para pejabat konoha rata buta mata telinga tuli,ngk mempan kritik harusnya diturunkan",0,2026-04-08T01:49:45Z
@SugiHarta-g7x,Pemimpin Ndableg 11-12 seperti teman dekatnya;; Trump dan Netanyahu.,0,2026-04-08T01:49:02Z
@rusmanhd13,"Prabowo presiden kacau
Tak mau dikritik",0,2026-04-08T01:48:37Z
@sentotdj6215,Dan jangan asal bicara mundur.,0,2026-04-08T01:48:33Z
@kwidiada,"Bukan PARPOL nya yg brengseeeeekkkk..., tapi sistem MULTI PARPOL ini yg brengseeeeekkkk..., kalau acuan kemenangan pd suatu kontestasi adalah 50%+1, harus nya jumlah PARPOL itu 2 PARPOL saja, tdk seperti sekarang di INDONESIA banyak sekali PARPOL yg ECEK2 krn Multi Partai, Hal macam ini lah yg bikin INDONESIA sulit MAJU.",0,2026-04-08T01:48:12Z
@mz.maulana,Sok paten pejuang demokrasi tapi berdasarkan isi perut mereka...kalau klah dlm proses demokrasi turunkan tengah jalan bukanya demokrasi SDH memberi waktu dan periode,0,2026-04-08T01:46:11Z
@muhamadhanafi5499,prof..katanya SDH 20 THN LBH JD pejabat elit...indonesia ....msh beginian kok...KLO prof.superman TDK sprt ni..kan..? inilah warisan prof.yg LBH awal menikmati APBN..bukan..? kemana2 d biaya negara..Indonesia msh beginian aja kok..huh...ha ..d masa prof berkuasa juga amburadul juga kok..coba cek ..prof...mahasiswa prof..yg d tahan Krn korupsi...??,0,2026-04-08T01:46:00Z
@johnnysiregar8966,"Ayo pak presiden tonton dulu video ini dan instrospeksi pak  mumpung masih ada waktu 3,5 tahun kedepan",0,2026-04-08T01:45:22Z
@PakBowo-it6be,"Waktu Prabowo kalah pilpres Prabowo pernah ngomong ,2030, Indonesia bakal bubar,jadi cocok indonesia bakal hancur ditangan prabowo😂😂😂😂❤",0,2026-04-08T01:45:18Z
@ImamBasuki77-y5o,Enaknya jadi pengamat...ngomongnya plong gak ada hambatan..eh giliran sudah diberi wewenang pada mlempem..OHH nasib bangsaku,0,2026-04-08T01:43:54Z
@ekoprastio9273,"Indonesian semakin kacau semerawut ,TDK jls mau di bawa kemana negriku ini boleh pemimpin pemenang pemilu.    ..apa yg terjadi terjadilah mungkin semua SDH saat nya ...akan munculnya nya rayu adil dg di awali kekacauan dlm sgl hal di dlm tatanan kehidupan",0,2026-04-08T01:43:04Z
@hadiwijaya7740,Uda susah dibialangin rezim ini prof... Uang Rakyat semena mena digunakan contoh Motor buat MBG 51jt/unit Mobil dari india...,0,2026-04-08T01:42:45Z
@hann-c8r,❤❤ salam perubahan biar gak begini sikonx terus menerus negeri kaya raya semuanya tersedia melimpah ruah jumlahnya tp ga mampu sejahterakan semuanya seluruh rakyat Indonesia Krn itu perubahan,0,2026-04-08T01:42:42Z
@mz.maulana,Mahfud MD jg kalau berkuasa sama saja dan bukan cuma dia siapapun ....kalian para elit Munafik,0,2026-04-08T01:42:20Z
@Mine_mine136,"Efek salah memilih, enak toh rasanya. Makanya cerdas dlm memilih & pikirkan baik2. Jgn memiliki mental kaos,sembako dan amplopan dampaknya sangat besar",0,2026-04-08T01:42:13Z
@kcebonk69,Jadi inget kata efisiensi.,0,2026-04-08T01:41:22Z
@bisindofaridadv8971,"Semua cuma omon"" doang .. ada gak yg berani mempelopori turun kejalan ??  
Percuma omon"" karena presiden dan para pejabatnya buta dan tuli  ...",0,2026-04-08T01:41:18Z
@aaranjasa569,Persiden tidak pernah dengar suara rakyat...,0,2026-04-08T01:41:06Z
@Capulaga_Q,"Kalau ke polisi mulut MD setajam silet, tapi ke tentara atau Prabowo tidak sekeras air keras. Kenapa gitu Mbah, takut yaa???",0,2026-04-08T01:40:39Z
@togarnataadiningrat7300,"Perlu di curigai buku Paradog itu yg nulis siapa sebenernya .. 
Apa mungkin Prabowo 😅",0,2026-04-08T01:40:31Z
@muhamadhanafi5499,ahli hukum bicara politik bisa d fahami prof ni berpolitik lewat ilmu hukum...waspadalah hai bangsaku jg Sampek terpengaruh dg narasi2 politik ahli hukum...coba KLO NNT berkuasa LG..narasi2 nya beda. lagi..ha...he...?? KLO bicara suara politik memang TDK ada yg jernih...namanya SDH politik policik kriminal legal formal...ha...he...dak usah d seriusin...sandiwara intelektual kok...ha..he...??,0,2026-04-08T01:40:11Z
@salamikitchen8583,😂😂😂orang pikun ya gitu deh kalo jadi presiden hancur dah negeri Gue... Mobil dan motor dari India ganti nama doang kebetulan nama hampir sama dgn nama Sansekerta Indonesia.. Paraah kapan sih impeachment dari rakyat di mulai? Ibu RT siap support makan deh,0,2026-04-08T01:39:52Z
@aaranjasa569,sekarang yg puya MBG puya mobil baru semua...terlalu besar keuntunganya...,0,2026-04-08T01:39:43Z
@aldirahman2918,"Isi buku itu tujuannya adl Indonesia Raya. Mengadu dan merongrong pak Prabowo dgn isi buku itu utk umur pemerintah yg baru seumur jagung adl keterburu²an. Semua butuh proses. Bahkan pak MMD pernah menjabat jabatan tinggi banyak juga hambatannya. Dan lagi,banyak orang menghantam pak Prabowo saat ini tujuannya bukan utk mewujudkan isi buku pak Prabowo tsb,tapi utk kepentingan politik mereka masing².",0,2026-04-08T01:39:24Z
@MunsiulChoiri,Tambah parah... Rezim Prabowo...,0,2026-04-08T01:39:22Z
@siwamy3876,"Populasi manusia di Indonesia saat ini:

Maling 99 org
Yang waras CMN 1 org",0,2026-04-08T01:38:11Z
@nilawatiagustinah214,Omdo semua😅,0,2026-04-08T01:38:05Z
@KaryoKaryo-l9g,"Prabowo menerima kritik sah, tapi ingat kritik yg sudah liar dan fitnah ya harus pemerintah wajib tegas apalagi dunia medsos yg lagi ramai pasti digoreng goreng sampai gosong, semua yg menghujat termasuk media yg menghujat Prabowo beserta pemerintahannya, maka berpotensi mengadu domba rakyat NKRI padahal ulah segelintir pembenci negara, pak Mahfud tolong jangan menggiring.seolah2 makar sah, anda mantan pejabat, harusnya bicaranya yg membuat suasana adem, jangan ikut2 an sakit hati",0,2026-04-08T01:37:44Z
@Mbah_Yong,Prof.dudukkan otakmu dutengah,0,2026-04-08T01:37:00Z
@widjihindariwati4820,"Kalau diturunkan ya sepaket pres dan wakilnya , pemilu lagi ganti rezim bubarkan kim plus dan relawan2 jokowi",0,2026-04-08T01:36:52Z
@Mbah_Yong,Pak mahfud gak seperti dulu.karna kalah pilpres.dulu kau tokoh paling kucintai.sekarang udah g ada setengahnya,1,2026-04-08T01:36:17Z
@JumanaHakimmuddin,"Indonesia dipimpin oleh presiden yg buta, tuli dan pikun. Mungkin presiden sudah lupa dengan isi buku yg ditulisnya. Sebaiknya presiden diturunkan, diganti oleh wakilnya, dengan kekuasaan yg dibatasi",0,2026-04-08T01:35:33Z
@doblef8666,Pak Mahfudz lah menyambung lidah rakyat Indonesia.. Teruslah sampaikan kebenaran  demi Indonesia.  Karena kebijakan pemerintah kita ini agak n jomplang.. Bravo 🇮🇩,0,2026-04-08T01:35:01Z
@sugiantoahyati2687,"Judul buku yang seharusnya cocok adalah"" Prabowowo sedang sakaow""",0,2026-04-08T01:34:47Z
@EndyJoko-w6u,"dengerin pak Mahfud bicara ini seperti kita lagi kuliah, detail terperinci dan penafsirannya koq sesuai seperti masyarakat rasakan saat ini. 

sehat terus prof, semoga Allah selalu menjaga orang seperti pak Mahfud",0,2026-04-08T01:32:29Z
@JhonDuloh,"Kata pak prabowo di dalam bukunya 94% politisi itu pembohong !! Saya sepakat.
Saat ini pak prabowo seorang politisi !! Kita sepakat.",0,2026-04-08T01:31:25Z
@kangfajar62,Prabowo menerus kan Jokowi 11/100,0,2026-04-08T01:30:51Z
@RusdiantoRusdi-r7t,Coba lhat d daerah pedesaan pak Mahmud... MBG brmanfaat bnget... Kl d kota orangnya trll sombong GK mau mkan gratis,0,2026-04-08T01:30:32Z
@laurenlauris6425,Pak Mahfud ada lah lawan politik Prabowo wajar kalau beliau pandai memutar balik untuk menjatuhkan Pemerintah sekarang. Beliau waktu jadi Mentri memangnya seperti apa,0,2026-04-08T01:29:54Z
@aditiasenju5641,"pemerintah harus introspeksi?? halahhh mereka mh emang suka cari masalah bukan soal kritik, orang orang itu 10 tahun berkuasa pendidikan hancur diem diem bae, sekarang di luar pemerintahan pngen berkuasa lagi dengan jalur ngajak orang nurunin presiden yg sah",0,2026-04-08T01:28:51Z
@Siti-f6x8s,Mewakili rakyat Indonesia dimana pemerintah Indonesia saat ini tidak mau menerima kritik dan diperkeruh oleh baser basernya yang jelas tidak netral dan cenderung membela sebelah demi keuntungan semu juga membiarkan pemimpin yang berbohong tetap untuk berperan dalam pemerintahan.,0,2026-04-08T01:28:46Z
@muhamadteguh6870,Nyesel gw ga pilih mahfud,0,2026-04-08T01:27:52Z
@yayatrachmathidayat,"Prabowo punya gelar baru yaitu "" Jokowi jilid 2 "" 😂😂😂",0,2026-04-08T01:26:07Z
@abdullahmunif1893,"Usaha jualan & pertokoan  Sepi pembeli lhoo..Alhamdulillah Alloh Memberi kan Rizki kpd kami Menurun kali yaa..
MohonTettap
 Sehat  yaa Alloh..",0,2026-04-08T01:24:45Z
@PakiskonveksiPakis,oya kenyataan setelah memimpin ga sesuai yang di buku  rakyat yang rasakan menurut pak mafud    bagaimana,0,2026-04-08T01:24:36Z
@fiansupiyan6194,"kritik pak mafud bener dan demokrasi memang sdh banyak penyimpangan kayaknya bener 3 aja partai,soalnya skrg banyak pejabat dr partai dan pasti banyak yg mentingkan partainya,dan gak akan no 1 kepentingan rakyatnya.tapi bener kok banyak yg maling pejabatnya.pak prabowo harus berani bertindak ini",0,2026-04-08T01:23:58Z
@MukhlisinSyint,Ini segelintir orang saja bagian dari pasukan sakit hati..😂😂😂,0,2026-04-08T01:23:40Z
@hendrabudimulia-vd2ny,"Pemerintah yg dihasilkan dari kecurangan, pasti tidak mungkin menjalankan pemerintahan secara jujur dan terbuka.😂",0,2026-04-08T01:22:52Z
@TomMax-c3r,"Pikirkan lebih bijaksana lagi pak Mahfud, kalo Presidennya Gibran akan lebih Parah Lagi.",0,2026-04-08T01:22:34Z
@sukijohadi7609,"Klu SDH TDK di pemerintahan ya menggonggong SDH kodrat manusia gak bisa di pungkiri seperti pada,mahfud",0,2026-04-08T01:20:54Z
@siwamy3876,"93,3% politisi itu bohong termasuk Si Wowo sndiri!",0,2026-04-08T01:20:36Z
@KesyaBuma,"Mana pak mafud ini suaranya masalah reformasi polri.. 

Kok kayaknya mlempem.. 😅",0,2026-04-08T01:19:38Z
@jijo1457,Seharusnya kita kasih buku karya prabowo subianto ke presiden indonesia sebagai kritik kita,0,2026-04-08T01:18:42Z
@miyarso7001,Kami rakyat kecil.merasa..pemerintah gak bisa urus negara..prof..🙏,0,2026-04-08T01:18:35Z
@bagusarya3354,"Makasih pak selalu memberikan edukasi mahal yg gratis.. bapak adalah salah satu negarawan di negara ini.. bagaimana ketika akhir Agustus tahun 2025, bapak sebagai negarawan memberikan masukan yg adem untuk negara ini ketika terjadi Keos..",0,2026-04-08T01:17:53Z
@raksawardhana7346,Setahu saya pak mahfud pernah di pemerintahan yang lama.....berdasrkan keyakinan saya keadaan indonesia saat ini sedikit banyak di duga karena ketidak bagusan pak mahfud di pemerintahan dulu sehingga saat ini indonesia seperti ini?,0,2026-04-08T01:17:48Z
@muhamadhanafi5499,prof sendiri SDH lama JD pejabat elit toh juga sama2 TDK bisa sempurna..korupsi TDK bisa bersih pdhal SDH ahli hukum..Prabowo baru 18 BLN kerja...KLO dak puas dg pemerintah skrg silahkan bertarung d 2029 aja..tp dg demokrasi..BKN dg narasi2 jahat licik policik..intelektual2 yg skrg LG d luar..,0,2026-04-08T01:17:03Z
@PranotoWibowo-qq6th,"Orang kaya Sunarko cs, pemerintah walaupun benar, ya ttp   salah. Sebab gerombolan orang tdk  waras.",0,2026-04-08T01:16:44Z
@laurenlauris6425,Parah ujaran kebencian maupun Makar harus di Basmi siapapun. Karena bisa merusak Negara,0,2026-04-08T01:16:32Z
@GiyantoArifin,Secara tidak langsung PK Mahfud menagih ucapan2 Prabowo dalam tulisannya,1,2026-04-08T01:16:30Z
@Telfon-kayu,Hidup PRABOWO❤❤❤,0,2026-04-08T01:16:23Z
@AliSodek,"Ya pak Mahput Kala kan gara pak Prabowo,,,,jelas pak Mahpud   jelas bela orang makar ,,tapi menurut saya apa sih untungnya Mahpud cawe cawe pemerintah, wong rakyat Indonesia gak milih Mahpud ,, mending Mahpud ngurusin anak binih nya aja",0,2026-04-08T01:15:59Z
@AchmadSohibulArifien-ir2uq,"Bagi saya KRITIK terhadap rezim yang dzolim itu hukumnya Fardu Kifayah, karena saya lebih cinta lndonesia daripada penguasa yang haus !",0,2026-04-08T01:15:36Z
@borneo8385,"FAKTOR U PAK...
SUDAH TUA JADI PIKUN APA YANG DIA TULIS DAN RUMUSKAN..
BUKTI NYA DIA GAK BISA HITUNG, MBG ITU KALAU 5 TAHUN BERJALAN DANA NYA 1.675 TRILIUN!! 
HANYA JADI KOTORAN!! 
APA NEGERI INI SUDAH TERLALU KAYA ??
BELI KAPAL INDUK DAPAT 5 ITU + JET TEMPUR CANGGIH+ RUDAL"" JELAJAH !!
MENYEDIHKAN !!",1,2026-04-08T01:15:18Z
@tokoabankps,"Betul kata Pak Mahfud, sidak langsung",0,2026-04-08T01:14:41Z
@yunusaries926,",statement Prabowo sekarang saja besok sudah lain yang di ucapkan.apalagi yang tahun 2017.dia insomnia,gagap memimpin,ketakutan gak sesuai dengan gebrak2 meja",0,2026-04-08T01:14:29Z
@thamrinyusup8844,Wajarlah kalo di ganti krn 1.5 tahun kerusakan semakin menjadi jadi..krn sdh ngak dipercaya tindakannya tks,0,2026-04-08T01:14:29Z
@NatisaAde,Baru satu tahun lebih di pimpin prabowo kehidupan rakyat susah.. berantakan,0,2026-04-08T01:13:46Z
@rulek1618,Semoga saja GPL lah pak. Amin amin aminnnnnnnnnn 🤲,0,2026-04-08T01:13:25Z
@SanaFarma2,Bisinya kritik giliran jadi bagian pemerintah diam2 bae sama koruptor 🥱🥱🥱,0,2026-04-08T01:12:55Z
@bamiyan-e4v,Selama prabowo masih di bawah ketiak jokowi negara ini semakin terpuruk.,0,2026-04-08T01:12:45Z
@MaySaroh-b7v9u,Setelah jadi presiden Koruptor Di Ampuni kwkwkw,0,2026-04-08T01:11:58Z
@teguhwijayahakim6729,Bicara keras. Semester depan dapet jabatan,0,2026-04-08T01:11:53Z
@JAWA_HAM,Intinya wowo egois dan sok benar sendiri,0,2026-04-08T01:11:45Z
@AlanSutarjo,Yang biayai politikus siapa ?,0,2026-04-08T01:11:23Z
@wijiltriatmojo5860,Asal ngga ada peran pasti provokatif...,0,2026-04-08T01:07:32Z
@anakumak3623,Harus secepat ny prabowo di turunkan.... Presiden omong kosong...,0,2026-04-08T01:06:37Z
@MrseporanahSakalangkong,"Prabodoh, sadarlah sebetulnya anda bisa mencapai pangkat jenderal dgn secepat kilat begitu prestasimu apa dan apakah anda itu punya moral yg baik...",0,2026-04-08T01:05:25Z
@PranotoWibowo-qq6th,Prabowo yg milih  96 jt. Yg ndesak spy mundur di bawah 1 jt. Tdk usah pd diurusi. Biarin saja. Klo terus2an momen tangkap sja masukin penjara.,0,2026-04-08T01:05:13Z
@daaralaiman757,Presiden omon2 kt mau kejar koruptor ke Antartika perampasan aset koruptor apa kabar????,0,2026-04-08T01:04:20Z
@mukidisamijo5118,Perlu demo revolusi,0,2026-04-08T01:04:05Z
@robichenel1841,"Kritik itu biasa namanya juga demokrasi, pak Mahfud MD juga dulu pejabat, hasilnya juga biasa aja, jadi itu biasa saling mengkritik",0,2026-04-08T01:03:47Z
@mukidisamijo5118,"Sangat buruk....semua kebijakan dan pengadilan sangat buruk.......Maaf, program MBG yg dibanggakan dan diagung agungkan, itu sesungguh nya bobrok didalamnya, sebab  banyak jatuh korban dari anak anak, 
bukan  ? 
dg makanan  secuil  1 X  sehari, dan jenis makanannya tak ada setandar bakunya, serta  tak jelas kandungan/nilai kalori dan gizinya, dan
 tak ada pengaruh terhadap tumbuh kembang anak,  bukan  ?
karena setelah dirumah harus makan juga. , sepertinya ini jauh panggang dari api,  Bagus dari mana ........?
Menu yang di hidangkan asal asalan kadang di bawah standard mutu gizi pelayan penyedia MBG asal borong dengan harga murah barang 2 busuk juga ikut di salurkan 🙏
Menu MBG banyak yang mubazir tidak di makan anak 2 karena tidak sesuai selera 
Sebaiknya MBG di hentikan hanya menghabiskan uang anggaran negara tidak bermutu... negara ini memang sudah bobrok...hukum dan keadilan  nya",0,2026-04-08T01:03:37Z
@finc5302,"Prabowo udah jadi presiden tapi pidatonya selalu retorika dan janji2, layaknya lagi kampanye. Udah kebiasaan kali 15 thn kampanye mulu, giliran jadi presiden jadinya omon2 doang kyk kampanye.",0,2026-04-08T01:03:11Z
@JoliDewi,"Nikmati aja, kan pilihan rakyat 58, yang 25 dan ""low bat"" juga mesti nikmati juga. Terima takdir saja.",2,2026-04-08T01:02:11Z
@Lagigabut_id,"Sepertinya penyakitnya cuma satu Pak. 
Pikun. Sudah semakin tua, jadi lupa dengan apa yg pernah dia tulis dulu, bahkan apa yg baru saja dia ucapkan. Semoga Indonesia kedepannya mendapat pemimpin yg lebih amanah dengan apa yg dijanjikan dan yg diucapkan",0,2026-04-08T01:02:08Z
@jawa_idquamar8570,Saya pendukung pak mahfud kalau nyalon presiden tapi kalau wakil presiden pencalonannya saya lihat pasangan beliau dulu..,0,2026-04-08T01:01:50Z
@siwamy3876,Smua mulai masuk dalam JEBAKAN BATMAN manusia Got dari Solo😂,0,2026-04-08T01:00:35Z
@MangBaa-i2w,Kalo bner pmerintah cepat atasi di lapangan. Ekonomi rakyat kecil pemakai.harga naraek anjing naon gara2 mbg.Gas24rb.token.pajak..(bpjs.bnsos.pnddikan.hilang sewareh),0,2026-04-08T00:59:56Z
@srihartati8352,"menurut pandangan saya rakyat indonesia yang menyuarakan kritik yang secara halus dan agak keras (program kerja) itu baik artinya rakyat masih peduli dengan bangsa dan kepemimpinan pak prabowo sendiri, dalam artian dikhawatirkan pak presiden tarlalu jauh melenceng dari rel atau aturan aturan ketatanegaraan dan konstitusi, terkait dengan program seperti MBG, KDMP, dan lain lain program yang memerlukan anggaran yang besar seharusnya dibuat studi kelayakan yang harus di debatkan didepan para ahli dan publik, baru dijalankan ke tataran para pemutus kebijakan para dewan dewan agar program dapat berjalan dan hasilnya banyak manfaat dari pada mudaratnya, saya berharap kalau presiden dan jajarannya tidak bisa berubah, tolong para anggota MPR dan DPR untuk melakukan penyeimbang yang lebih obyektif, karna yang  kita hormati MPR dan DPR mempunyai hak untuk itu, jangan sampai program untuk rakyat dimanfaatkan untuk memberi kekayaan yang luar biasa kepada pengusaha pengusaha MBG dan KDMP",0,2026-04-08T00:59:13Z
@AiNurlaela-w6u,Semoga bapak mahfud md senantiasa di beri keselamatan,16,2026-04-08T00:59:12Z
@muhari6523,Pak Makhfud terus berjuang untuk rakyat pak jgn spt jokowi prabowo yg jelas2 nyimpang,0,2026-04-08T00:58:50Z
@emramasri5511,"Sudah bnyk partai2 memenangkan pemilu sejak runtuhnya Orde Baru, tapi sayangnya partai2 yg telah memenangkan pemilu itu saat berkuasa (eksekutif) tak cukup mampu berbuat banyak dalam mewujudkan (mengeksekusi) janji2 pilitiknya saat memerintah sesuai dengan harapan rakyat, artinya karya2 positif Orde Baru belum ada satu partaipun setelah orde reformasi yg bisa menandinginya, kira2 apa vaktor penyebabnya ?????? kondisi politik era ini adalah : mampu menang pemilu tapi tak cukup mampu saat berkuasa !!!!!!!!!!",0,2026-04-08T00:58:39Z
@OvanSam,Itu udah masuk rencana MAKARR,0,2026-04-08T00:58:26Z
@muhindarto5986,"Pak Mahfud mohon menghadirkan Nara sumber ketua dewan gizi Nasional, menteri koperasi dan agrinas. Dialog secara komperhensif. Biar penilaian obyektif. Masalah banya karena program baru kalau ada unsur korupsi, penyimpangan. Tinggal proses hukum. Presiden sebagai pemegang perintah ke pembantunya pasti tidak semua perintah sempurna dilaksanakan.",0,2026-04-08T00:58:01Z
@Ern-c8d,Mengkritisi boleh tapi kalo menjurus penggulingan kekuasaan wakil maupun  presiden itu namanya MAKAR dn makar itu haram mau berlandaskan Pancasila maupun agama,0,2026-04-08T00:57:49Z
@ZahraAyu0520,Ini jokowi yang buat hukum bisa di buat kepitingan sendiri,0,2026-04-08T00:57:44Z
@sesidirimenepi,"Closing nya straight forward...""jangan pernah lelah mencintai Indonesia...selesai!""",0,2026-04-08T00:56:48Z
@finc5302,"Sifat asli seseorang muncul ketika dia diberi kekuasaan. Jadi jgn bingung, sifat asli Prabowo, ya yang skrg ini, bukan yang ada di buku.",0,2026-04-08T00:54:58Z
@BudionoBudiono-h2c,AYO AMATI DENGAN SEKSAMA PEMBICARAAN PAK MAHFUD MD . MASYARAKAT KITA JANGAN SAMPAI TERPANCING DAN JANGAN MELAKUKAN TINDAKAN APAPUN. AYO KITA CERDAS BERSAMA JANGAN SAMPAI SALAH MENGERTI. HANYA TINDAKAN LAPANGAN YG AKAN DITINDAK. AYO RAKYAT JANGAN TERPANCING.,0,2026-04-08T00:53:53Z
@myhobby18,Tak ada 1 pun kata2 Prabowo di buku nya itu dilaksanakan,0,2026-04-08T00:53:46Z
@ciladanata4354,Luar biasa pak MD Podcast nya,0,2026-04-08T00:53:18Z
@ryanwisnuhidayat412,"INTINYA KITA SEBAGAI RAKYAT PAKAILAH PIKIRAN DAN HATI NURANI YANG BERSIH DALAM MEMILIH PEMIMPIN....JANGAN LAGI MAU DIIMING-IMINGI ""UANG PELICIN"" UNTUK MEMILIH MEREKA....GUNAKAN AKAL SEHAT, HATI NURANI YANG BERSIH...AGAR NEGARA INI SEGERA BISA MEWUJUDKAN DENGAN NYATA BENAR-BENAR KAYA DAN BISA MEMBUAT RAKYATNYA SEJAHTERA DAN ADIL, MAKMUR",5,2026-04-08T00:52:57Z
@muslihaika5565,SALAM HORMAT .PROF.MAHFUD..SDH LAMA PROF .GK BICARA...SY  SE 7..SMUA YG  DI BICAKAN PROF.MAHFUD👍👍👍👍👍👍🇮🇩🇮🇩🇮🇩🇮🇩🇮🇩,0,2026-04-08T00:52:50Z
@AkhmadTaufik-jy3mz,"Bpk prabwo,ngak tegaan jd krang tegas,tegaan diblang arogan, yg penting kep.negara ayo pak bowo kembali jd presiden rakyat pasti d blakang bapak. Trims pak mahwud.....❤❤❤",0,2026-04-08T00:52:25Z
@reodiaz6558,Memang bukan makar tapi apa iya semua tokoh tersebut tega mengadu domba anak bangsa? Apakah pendukung pak Prabowo dan pak Jokowi akan tinggal diam ? Jika terjadi perlawanan siapa yang akan rugi? Maka sepatutnya rakyat jangan mau diajak untuk berbuat makar karena yang pasti untung adalah tokoh/kelompok yang mengajak makar....Rakyat ya sudah pasti akan tambah susah....ingat apakah setelah reformasi '98 hidup rakyat Indonesia makin baik atau lebih buruk. Pak Prabowo sudah bekerja pro rakyat dengan tidak menaikan harga BBM sementara pak JK malah menginginkan pemerintah menaikan harga BBM. Silahkan nilai sendiri kalau kalian waras!,0,2026-04-08T00:51:49Z
@RusdiantoRusdi-r7t,Rakyat kcil bnyak yg puas,0,2026-04-08T00:51:13Z
@wawaniban9066,"Jelas dan terang benderang : 
Makar = perjuangan rakyat menentang otorianisme dan ketidak adilan yg "" GAGAL"".
Tapi jika berhasil namanya ""Reformasi atau Revolusi"". ❤",0,2026-04-08T00:51:02Z
@JumanZj,"Indonesia akan hancur lebur di tangan prabowo seperti ucapannya nanti 2030 , setelah jabatannya selesai. Misiniya sukses untuk menghancurkan Indonesia 

Pas prabowo pendidikan di luar negeri, saya curiga di titik itulah ia di kendalikan oleh asing",0,2026-04-08T00:50:54Z
@cheniyosodipuro5572,"Para pejabat tdk Merasakan rakyat yg dibawah bagaimana mereka mempertahankan utk hidup. Krn semua harga2 melambung tinggi juga biaya pendidikan biaya mahal. 
Pajak2 Naik ga masuk Akal, berlipat2.",0,2026-04-08T00:50:39Z
@ariffandyr2288,"Kalau netijen sekarang banyak yg kritik prabowo. Coba bayangin kalau yg jadi presiden anis/ganjar. Dua orang itu gak punya partai, gak punya power, gak punya road map indonesia domestik apalagi luar negeri. 😂😂😂😂 Membuat program2 itu gampang, tapi melakukan nya tidak akan mudah di Indonesia, sistem politik multi partai yg gak bisa membuat predisen maju terus tanpa bersalaman kanan kiri.",0,2026-04-08T00:50:21Z
@merdekabelajargurupenggera2953,Paaaaaaak........prabowo itu sudah tdk bisa diberi nasehat. Sudah parah,0,2026-04-08T00:50:03Z
@MangBaa-i2w,Bodo sekali kalo kritik gak di dengar.. Kritik itu membangun. Merubah,0,2026-04-08T00:49:50Z
@AiNurlaela-w6u,Panjang umur dan sehat selalu untuk bapak mahfud md dan orang orang jujur negara lain nya,0,2026-04-08T00:49:40Z
@yogidwic,"Yg jelas anggaran negara kacau... 

Pemda disuruh TKDN
Pusat main ODM dan import

Saya bukan pro prabowo, cuma berharap presiden sadar, memperbaiki di sisa waktu menjabat",0,2026-04-08T00:48:56Z
@suhardiwijaya5986,"2019 saya percaya kpd prabowo akan memimpin negara ini dg baik, tapi sekarang saya tidak percaya kpd nya, contohnya mengganti kapolri saja tidak berani.
Dan masih sangat banyak yg lain.",0,2026-04-08T00:48:56Z
@ajengpramesti4028,Prabowo gak jelas gak punya wibawa gak punya diplomasi yg baik gak ngalor gak ngidul udh tau amerika dan israel pembunuh malah masuk BOP tentara kita di jadikan sasaran zionis kok gak ada tindakan buat keluar dri BOP,0,2026-04-08T00:48:18Z
@gundalaputra5693,"Bukunya Prabowo isinya memang bagus tp pelaksanaannya...WOW. 
Kesimpulan, Omon2 doang.",0,2026-04-08T00:48:17Z
@nursoleh8665,saya tidak setuju pandangan prof mahfud. tp inilah demokrasi 😂😂,0,2026-04-08T00:48:07Z
@faltin-ol3ht,"Coba kemarin Rakyat tdk dungu....Milih Pak Ganjar&Mahfud sy yakinn Indonesia LEBIH baik.
Prof.Mahfud Best",1,2026-04-08T00:47:30Z
@dunnvarallo4120,"INI MULUT NGAK BERCERMIN, INGAT EGI SUJANA DAN LAIN-LAIN DI TAHAN DITUDUH MAKAR ""PEOPLE POWER""  KAN ZAMAN SIAPA????😂😂😂😂😂😂😂",0,2026-04-08T00:46:46Z
@HartonoGajah,"Kelihatannya presiden sudah banyak menyimpang dari apa yg  pernah dia katakan, tagih tagih",0,2026-04-08T00:46:43Z
@joenamtv2773,Pak Prabowo nonton gak ya .. walau gak digunakan setidaknya dipikirkan....,0,2026-04-08T00:46:25Z
@mariyanarusbandi654,"Indonesia, Swasembada pangan sdh, bbm ga naik, bpjs berjalan bagus sangat membantu rakyat kecil, sekolah gratis untuk rakyat tak mampu sdh berjalan juga, mbg makan bergizi gratis jalan sangat membantu rakyat kecil disamping itu mbg juga banyak menyerap tenaga kerja, membantu pedagang/usaha kecil umkm dlm penyediaan telur, ikan, daging, sayur/tempe, beras  dsb sehingga turut membantu ketahanan ekonomi dlm negri juga walapun masih ada kekurangan yg perlu diperbaiki dan itu wajar karena mbg baru pertama dan belum lama.
Kalau saat ini kita bandingkan dengan negara tetangga kita (asean) bahkan asia lain seperti india, jepang, korea, usa dan negara barat lainnya semuanya menaikan hrg bbm, yg berdampak kenaikan harga barang dan mencekik rakyatnya, tapi alhamdulillah di indonesia bbm tdk naik, pemerintah masih memperjuangkan nasib rakyat kecilnya sehingga barang cukup stabil.
Jadi marilah kita bersyukur dengan keadaan kita sekarang, 
Kalau ada sebagian rakyat yg mrnganggap/mengeluh saat ini di indo hidup semakin susah, susah car kerja, susah cari makan dsb, berarti mereka  penganguran/malas kerja yg kerja cuman isteri doang dia ongkang2 aja kaki di rumah 😂😂😂😂 
kalau pemimpin negara kita ada kekurangan jangan di hujat, dimaki, dan bahkan mau menggulingkan tanpa sebab yg jelas,  manusia tidak ada yg sempurna, ada kekurangan kelebihan. Bantulah pemimpin dg pemikiran/ kritik yg santun, obyektip, data yg jelas tdk hoak, jujur jangan berdadarkan kebencian.
Mohon maaf kalau ada kata2 yg salah, semoga nkri selsmat dan maju aamiin yra, wasalam 🙏",0,2026-04-08T00:46:23Z
@juwahir2216,"Dengerin Woo, Prof Mahfud lagi jelasin tuh.",0,2026-04-08T00:45:54Z
@mangintarsinagasinaga9801,"Sesuaikan 0mon"" dgn nyata bukti seorg kepala negara konsisten segala yg diutarakan,penegakan hukum tegak lurus tanpa tebang pilih hapuskan imit jelek ""Hukum tajam ke bawah,tumpul keatas""🇮🇩🇮🇩🇮🇩👍🏽👍🏽",0,2026-04-08T00:45:27Z
@yuyunjunaedi9102,Waktu menjabat ngapain aja pak,0,2026-04-08T00:45:18Z
@endymulia9432,"""Dia"" dengerin/baca bukunya sendiri tertawa - tawa... saya percaya ""perampok"" adalah manusia yg mempunyai ide pemikiran baik dan baik (positif) dan itu wajar.. cuman outputnya penjahat.. dikatakan jahat karena melanggar norma/hukum.. pertanyaannya bagaimana kabar hukum dan keadilan di Indonesia?",0,2026-04-08T00:44:20Z
@RusdiantoRusdi-r7t,Yg mengkritik brmasalah pak,0,2026-04-08T00:43:58Z
@SilasPapare-v3o,Pagar laut gimana ya pak,0,2026-04-08T00:43:04Z
@basrisamad9290,"Semoga Allah SWT selalu melindungi, memberi umur panjang kepada Pak Mahfud MD dan bisa selalu berbuat terbaik untuk Negeri ini, bisa berbicara jujur terhadap pelaksanaan pemerintahan, politik, sosial, budaya dan ekonomi, Amin .",0,2026-04-08T00:42:41Z
@vladimirz-x2k,kritik karena kecewa ga dapat jatah kue memang beda ya?,0,2026-04-08T00:42:19Z
@andrieirawan8006,"Presiden itu dh mau lindungi isreal,itu nmnya penghianat bangsa, apa rakyat mesti diam sj.. UU perampasan aset jg Ampe karang blm d sahkan jg,program MBG bnyk yg ngawur ,bnyk kesempatan buat korupsi,tiap lembaga pngen BKIN MBG.. gilee UMKM JD g kebagian, menterinya ada yg goblok, TNI gugur biasa aja,,, sedangkan d dlm negeri sendiri yg kn musibah ky Aceh dan Sumatra krg sregep,bnyk d bohongin bawahannya, mknya presiden liat hp...sy beliin KL g pnya,gmn rakyat menjerit,bnyk bisikan dr Mentri yg goblok membohongi anda presiden",0,2026-04-08T00:40:26Z
@SmarthomeMadev,"Alah ni orang ga kebagian jabatan trus skrng di bayar sama Soros langsung jelek""in pemerintah dulu aja muji"" jilat"" 🤭, kita harus sadar bro jangan mau di adu domba sama orang"" di bayar Soros kita udah swasembada pangan, kita udah lumayan di lirik di global sekarang semua hilirisasi jalan , banyak program yang bagus emang MBG kurang bagus tapi masih banyak program yang berjalan dengan baik yang di tutup""in sama Soros, si Soros mau reset supaya kita balik ke 0 ngulang dari nol yang kaya siapa yang di bayar"" ini mereka enak kalo rusuh udah punya dolar lah kita ikut"" demo kena batu ga dapet apa, sama kalo nantik ada yang di bayar chek"" uangnya ya bro bisa jadi itu uang palsu kalo kalian emang mau ikut demo di bayar mintak transfer jangan mau cash ato chek dulu uang cashnya ini sudah mau orang"" busuk"" penghianat bangsa buat uang palsu buat bayar"" lu lu semua yang demo""",0,2026-04-08T00:40:20Z
@ranggasyailendra1411,"Sulit Pak, mental korupsi sudah mengakar dari atas sampai akar rumput, dari pejabat elite sampai tukang parkir liar. Kalau koruptor bisa dihukum mati mungkin setengah populasi indonesia akan habis mati dihukum",0,2026-04-08T00:40:19Z
@didikwibowo9402,5:20.😂,0,2026-04-08T00:39:42Z
@gajagora214,Sehat selalu prof.mahfud,0,2026-04-08T00:39:36Z
@samsjowo3311,"Hallo p mahfud, p jimly,p yusril bgmn kerja anda??? Ditunggu hasilnya oleh masyarakat, krn sdh menggunakan uang masyarakat. Jika kerjamu sbg tim reformasi polri tdk menghasilkan apa2, maka kami akan menuntut anda krn menyalahgunakan uang negara dan tdk ada hasilnya.",0,2026-04-08T00:38:45Z
@MToha-i3d,Semakin amburadul semua lembaga sejak Prabowo rakyat kecil semakin berat semua mahal sulit cari makan,0,2026-04-08T00:38:32Z
@Luckynews88,owh ketahuan lagi  oknum dari kelompok2 yg lagi getol  ngobok-obok negara,0,2026-04-08T00:38:05Z
@RianaSariRitonga3193,"kelamaan Pak...🙋1,5 taon aje negara jd minus amburadul gimana 5 taon😂 taon dpn aje mrk dah sibuk nyiapin PEMILU 🤪
PECAT PRABOWO GANTI PAK MAHFUD MD...itu baru tepat, insyaallah 🤲🏼❤ 🇮🇩",0,2026-04-08T00:37:31Z
@sciencerestoration,"Ya memang gagal untuk disebut pemimpin.  Tidak mau dikritik, hanya menerima berita bagus saja dari ajudannya. Pemimpin dan orang2 disekitarnya harus turun.",0,2026-04-08T00:37:27Z
@bangbowers6365,"pak Mahfud, kalau yg menang dalam pemilu kemarin adalah partai kecil dan gurem seperti partai buruh atau partai Garuda dan presiden berasal dari partai tersebut, apakah kondisi seperti ini tetap terjadi?",0,2026-04-08T00:37:02Z
@restiagustin1877,Emang ni Pak Prabowo gimana siih...katanya pro rakyat..kok hidup tambah gak jelas..makanya jangan salahin rakyatmu yg jadi imigran gak mau pulang..karena Indonesia lama lama gak jelas...gak kasian amat Pak ma Rakyatnya...,0,2026-04-08T00:36:11Z
@muhammadnorbi9794,"Tolong transparan prof , saat sekarang prof ada terima gaji/ insentif atau apapun namanya ( jmlhnya berpuluh x lipat dr UMR), uang yg berasal dr anggaran negara,  
WNI ingin tahu prof benar "" murni  mikirin kemajuan negara ini,  atau  lbh mementingkan penghasilan pribadi,  
Masih ingat KASUS REMPANG, prof bilang penduduk Rempang bukan DIGUSUR,  cuma DIGESER,  statemen yg menjilat dan memalukan 😢😢",0,2026-04-08T00:36:05Z
@bungbess,Paradox Prabowo Subianto dan Solusinya 😂🤣,0,2026-04-08T00:35:19Z
@TridoMini,Sebagus apapun kepala jika leher dan struktur lainnya busuk mau bagaimana? Jangan pernah lupa dalam sebuah struktur pasti ada penghianatan/orang yang tidak suka dengan pencapaian kita sehingga ingin menjatuhkan kita menggunakan berbagai cara. Termasuk orang yang terusik dengan kebijakan presiden yang menggunakan kekuatan atau apapun itu.,1,2026-04-08T00:34:37Z
@yaminmurnadi893,mahfud mshfud plin plan,0,2026-04-08T00:34:31Z
@sannigunawan,Semoga Allah senantiasa memberi pak Mahfud hikmat dan kekuatan dan pak Prabowo dibukakan-Nya hati dan logika untuk menjalankan apa yang di bukukan beliau.....,1,2026-04-08T00:34:24Z
@dewiherliyanti8657,Buku nya buat gimik biar bisa masuk ke pemerintah Han. Dan dibuku itu juga yang dibicarakan ya si 8 sendiri sekarang. 😏,0,2026-04-08T00:34:15Z
@sahrunsiregar3201,"Kata Pak Mahfud tak boleh Fitnah!, Gimana dgn kelompok2 itu yg mengatakan Prabowo berbohong tahun 2025 sdh Swasembada Beras.  Bukan kah ini Fitnah yg kejam?, yg nyatanya Swasembada Beras  sdh tercapai thn 2025.",0,2026-04-08T00:32:35Z
@DAPUNTA_RRS,"DARI PROSES SUDAH SALAH JADI JELAS HASILNYA PASTI SALAH.
INILAH PEMERINTAHAN PERIODE ATAU REZIM SEKARANG.",0,2026-04-08T00:32:25Z
@dannylaksmono8745,"Harusnya kalau mau pemerintah digulingkan jelas karena apa? Misal korupsi,pembunuhan atau penistaan dll.
kalau karena kasih makan rakyat ya aneh,meskipun pelaksanaannya kacau balau tapi bisa diperbaiki,namanya juga pertama kali.
Rakyat sekarang makin susah,parameternya apa? bukannya setiap pemerintah pasti bilang gitu😊
yg ributkan para elit jgn bawa2 rakyat yg cuma ingin kerja dan bisa makan.
Galanglah kekuatan politik untuk 2029,jgn menjatuhkan seperti ini,apa negara semakin baik juga belum tentu,bisa malah kacau balau.
Gunakanlah hati nurani,bukan ambisi politik apalagi krn kebencian.
Kritik wajib,tapi memaksakan kritik itu bukan demokrasi.
Ini pendapat saya sebagi rakyat biasa.",1,2026-04-08T00:32:19Z
@DariusPamassangan,"Inilah akibatnya kalau suatu negara dipimpin oleh seorang sangat ambisius jadi penguasa, dia hanya mengejar kepentingannya bersama kelompoknya bukan pemimpin yg pro rakyat",0,2026-04-08T00:32:15Z
@dewiherliyanti8657,Motor listrik buat MBG juga sudah diparkir tu pak Mahfud,0,2026-04-08T00:32:04Z
@suharto5474,"Efek ga punya ibu negara, jd ga ada yg ngingatkan, jd nglantur keputusan2nya",0,2026-04-08T00:31:42Z
@AjiSeptiyanto-o5n,Lah profesor plin plan udah apal tujuan nya politis,0,2026-04-08T00:31:33Z
@vicividivini,"Wowo adalah penjilat sejati dan aktor yg lihai memerankan sosok heroic, padahal itu semua DUSTA. wowo berhasil menjilati soeharto untuk menikahi anak soeharto. Wowo berhasil menjilat jokowi untuk jd presiden. Dan wowo berhasil membohongi rakyat Indonesia dg joget gemoy nya 😂",0,2026-04-08T00:31:15Z
@harttakada5066,Prabowo itu Thrump Kw. Omon² level domestik.,0,2026-04-08T00:30:59Z
@DjokoSujono-h4q,Saya ngga setuju Prabowo diturunkan kalau penggantinya Gibran,0,2026-04-08T00:30:39Z
@nanna2702,Ya kalau nanti ternyata ada perbuatan perencanaan dibelakangnya ya bisa makar dong pa pertama kan pernyataan terus kelompoknya mendukung ya ujungnya merencanakan akhirnya,0,2026-04-08T00:29:58Z
@budiarsosubarno3276,Alhamdulillah podcast ini sangat mendidik untuk masyarakat dan pemerintah,2,2026-04-08T00:29:04Z
@nurbianto7962,Dulu pas jadi menteri pendapatnya gak begitu memang klo diluar orang jadi waras berfikirnya,0,2026-04-08T00:27:38Z
@AzizAziz-he3dh,"Kalau negara ini Sampek caos kayak 98, Mahfud MD tanggung jawab..",0,2026-04-08T00:27:09Z
@amsukangopibareng6835,"Rakyatnya masih suka disogok duit saat pemilu, atau mungkin rekayasa hasil pemilu, sehingga preman2 bekas napi koruptor bisa jadi anggota DPR. 
Anggota dewan yg skrg juga gak mau merubah UU agar para bekas napi koruptor bisa jadi pejabat laknatulloh.",2,2026-04-08T00:26:54Z
@imamsadali7519,"Tulisan di bukunya,
Tinggal tulisan 
Semoga kelak menjadi nyata bukan OMON Mon",0,2026-04-08T00:26:46Z
@SayutiDahnan,"Assalamualaikum warahmatullahi wabarakatuh, apa yg disampaikan prof Mahfud itulah yang menjadi gonjang ganjing di masyarakat, dan sangat meresahkan, apa yang harus dilakukan DPR apakah jadi penonton yang santun ????",0,2026-04-08T00:25:29Z
@poniranponiran5102,Mantap Pak Mahfud memang Presidenya tidak bisa bi pertahankan lagi lebih baik di lengserkan segera.,1,2026-04-08T00:24:46Z
@rafazamio610,"Prabowo sudah pikun,
Benar apa yg di katakan Pak Mahfud,pagi kedelai jam 2 tempe.
Negri omon² di pimpin orang yg banyak omon, lupa apa yg di omonin.
Jadi nya ambyaaar nunggu bubarr.",0,2026-04-08T00:24:31Z
@afitkurniawan7499,Yg bikin gaduh itu karena sistem Multipartai akibatnya multi kepentingan,0,2026-04-08T00:23:14Z
@KMN_0911,pak Mahfud kurang tegas,0,2026-04-08T00:23:01Z
@johnmiyer7490,"Hari ini sy sebagai rakyat indonesia,sdh tdk percaya  partai,politisi .....",0,2026-04-08T00:22:41Z
@miachandra7495,"Kenapa Pak Wowo hrs sensi sama kritikan org? Apa bpk lupa, Bpk sdh 3x coba jadi Capres jaman Pak SBY dan Jokowi, Bpk selama itu kan juga kritik keras ngomel2 gak karuan sampai gebrak2 meja teriak2. Lha kok giliran Bpk menjabat sensi???? Giliran Bpk menjabat kok marah dikritik??? Aneh....😮😮😮",0,2026-04-08T00:22:20Z
@masrymadrinista3574,"Selama kita ini mengikuti aturan yg disebut MD, sampai kapanpun negara ini tdk akan pernah maju. Karena setiap saat pemerintah bisa di riset ulang, begitu ada kemajuan akan di riset ulang lagi",0,2026-04-08T00:22:02Z
@insanaini,Beliau orang hebat seperti ini ko kalian pilih fufufafa si plonga plongo .. hukum aj di luar kepala  sehat walafiat pak Mahfud MD,0,2026-04-08T00:21:43Z
@harischannel1989,Sepertinya Prabowo sudah melupakan semua pernyataan -pernyataan yg dibuatnya dulu sebelum menjadi presiden,0,2026-04-08T00:21:20Z
@setajamsilet3694,"Pemerintah juga tidak berreaksi juga kok, tapi kalau benar2 mau demo Turunkan presiden, iya harus ditangkap. Kita tidak mau dipimpin oleh orang yang korup",0,2026-04-08T00:19:56Z
@sahrunsiregar3201,"Kelompokk utan kayu itu menuduh Presiden berbohong thn ini sdh Swasembada Beras, paiya ini pun Kritikan yg benar atau pembohongan publik. Pakah klo itu Cendikiawan dan Akademisi bebas melakukan pembohongan publik?.",0,2026-04-08T00:19:14Z
@andisyamsulbakhritanri5341,Ayo buzzer dengar ini jgn asal geplak,0,2026-04-08T00:19:02Z
@ariefnajih1633,"Pak Mahfudh koq masih berharap pada mulut politisi, kalau saya sih dari dulu lebih percaya pada silit ayam, daripada mulut politisi.",0,2026-04-08T00:18:56Z
@Backwoods-chan,Cerdas dan mencerdaskan saluuuut,0,2026-04-08T00:18:46Z
@ayoll97,Kalau mundur wapres juga,0,2026-04-08T00:17:58Z
@goexpertgo5392,"Keren, auto subscribe√",0,2026-04-08T00:17:49Z
@SuparHedong,"Biasa aja nanggapain orang2 model begini, toh klu umpama Mahfud yg menang pasti juga ada yg kritis, jadi bodo amat",0,2026-04-08T00:17:48Z
@AsepWahyuhidayat-h4q,"Semoga khususnya presiden RI ke 8 MAU MENDENGAR, MENELITI KEBENARAN KRITIK siapapun yg menyampaikan nya, bila perlu yg berani menyuarakan kritik AJAK BICARA, bukanya di CIRIAN bhs sunda na mah, di kuntit, di cari cari kelemahan nya, di teror , juga pake tangan buzzerrr untuk meredamnya

SEMOGA PRESIDEN BISA me NGURANGI PIDATO YG BER API API nya 
 kemudian di kasih appluse jadi weeeee BEUKAH IRUNG NA Hehehe

BUKTIKAN SAJA HASIL NYA BOSS 

JANGAN LELAH alias TETAP SEMANGAT MENCINTAI NKRI",0,2026-04-08T00:17:46Z
@togarnataadiningrat7300,Sejak awal Wowo sdh menujukan ke tidak warasan dgn menggandeng fufufafa jd wakilnya sdh bisa di prediksi akan berseri kebijakan kebjjakan berikitnya semakin gk waras,0,2026-04-08T00:17:40Z
@rickjr1822,Dan wowo melacur utk menjadi presiden?,0,2026-04-08T00:17:36Z
@goexpertgo5392,"Ah, saya mah cocok sama Pak Mahfudz. Barokallaahu fiiku Pak Mahfudz",0,2026-04-08T00:17:24Z
@QueenLady8689,"Kutipan buku praroro yg disampaikan prof Mahfud sgt luar biasa baik, bagus isinya. Jd scr teori praproro ini paham skali dg politik di konoha. Hanya saja prakteknya NOL BESAR. Negara Indonesia tercinta di tangan dia merosott jauh😢 curiga bukunya yg nulis sbtulnya praproro atau bukan sih",6,2026-04-08T00:16:40Z
@suratnoandoko7433,"Sesungguhnya yg mendasari mereka yg paling dasar dr lubuk hati yg paling dalam adl KALAH ITU SELALU LORO ATINE, ....wis itu poin ne....dn mereka TDK mendapatkan jabatan.",0,2026-04-08T00:16:39Z
@mirzaaulya4527,"jelas emang omon2 beliau ituu,, berbanding terbalik yang ditulis di buku nya sama yang dia lakuin sekarang",0,2026-04-08T00:16:19Z
@PakSyahri-p4r,"Mengikuti, mendengarkan pecerahan pak mahfud, mncerdaskan rakyat. Program MBG PAK PRABOWO BKN MNMBAH GIZI, TAPI MALAH BNYK SISWA YG KERACUNAN. DAN ANGGARAN MBG BNYK KADES YG MNJERIT, KARNA ANGGARAN DD BNYK DI SEDOT MBG. DAN RAKYAT BNYK YG TRIAK, MBG TDK MMFAAT DAN HNY MENGGEMUKKAN, MMPERKAYA RELAWAN, TIME SUKSES PRABOWO.",0,2026-04-08T00:16:15Z
@AkpBasirun,lha hiyaaa kenapa presiden tak percaya klu mbg. itu amburadol knp.,0,2026-04-08T00:16:04Z
@sahrunsiregar3201,Sakit hati kalah blm sembuh2 dari kekalahan Cawapresnya.   Yg mengkritik keras itu adalah tim2 sukses Capres2 yg kalah yg ingin memaksakan program kerja Capres yg kalah yg hrs dilaksanakan oleh Presiden terpilih.,1,2026-04-08T00:15:30Z
@UlleSitugede,Gimna ini pemimpin Indonesia kacow2 .Gibran ga guna. Bocah cilik .hancur2 rakyat 1 setengah taun udh kaya gini negara.,0,2026-04-08T00:14:33Z
@ajikirei9685,ternyata knyataan tdk sesuai dng pmikiran yg dituangkan dlm bukuny...omon omon aj..miris!!,0,2026-04-08T00:14:14Z
@edyandarto8125,"pak mahfud, apakah uang rakyat bisa digunakan sesukanya oleh pemerintah? tanpa kajian yg mendalam",0,2026-04-08T00:13:08Z
@hendarwaskito3122,sampe kapan nih negara kita awut2an seperti ini…,0,2026-04-08T00:13:01Z
@padra2453,"BUKAN MAKAR YA PROF...
MAAF APA MUNGKIN KUMPULAN..ODGJ
ATAU ..KUMPULAN VOC GAYA BARU... YA ....WONG BARU 1TH LEBIH KOK.....WKWKWKWK

SEKARANG KITA HARUS KOMPAK BERSATU PADU..UNTUK MENGHADAPI DUNIA YG MAU KIAMAT....
KALO KITA HARUS BANGGA KARENA KITA SDH PUNYA RIBUAN MOBIL SMK.....BETUL GA PROF.....😅😅😅😅😅
MAAF KALO KAMPUS KAMPUS BUKANNYA SDH BERJALAN ± 10 TH YG LALU YA PROF....DI TITIK TITIK...",0,2026-04-08T00:11:53Z
@imamsadali7519,"Banyak orang pintar di negeri ini 
Semoga kritik mereka di dengarkan....",0,2026-04-08T00:09:20Z
@wahyudiaziz4329,Yg pertama melihat pemimpin itu bukan fisi misi nya pak Mahfud...yg pertama dilihat itu Spiritual dan moralitasnya...setinggi gunungpun fisimisinya tak akan bermanfaat kalau spiritual dan moralitasnya minus.,0,2026-04-08T00:08:26Z
@anwarsusiono8741,Pak prabowo harus membuka kembali bukunya sendiri dan membacanya lagi agar kembali ingatanya dlm memerintah,29,2026-04-08T00:08:04Z
@budipuspo,"Ada seorang dokter ahli syaraf dari Undip dalam pidato pengukuhan sbg guru besar mengemukakan perlunya pemeriksaan otak setiap calon pemimpin dengan MRI path scan fuctional, itu penting untuk mengetahui ada tidaknya masalah kesehatan otaknya yg nantinya berpengaruh dlm pengambilan keputusan.",0,2026-04-08T00:07:51Z
@gunawangunawan6425,Mantap setuju turunkan Prabowo Gibran...,0,2026-04-08T00:05:41Z
@HendraSpeed-k9b,"jgn terlalu mengeritik pak prabowo pak mahfud nanti 2029 di ajak jadi wapres mau,..",0,2026-04-08T00:05:20Z
@ajikirei9685,pemerintah tuli dan buta..gk mau dengar kritik dan buta gk bisa liat  realita lapangan...,0,2026-04-08T00:01:54Z
@wanajayakusuma5922,"Pelajaran, pengetahuan yang baik 
Semoga bapak diberikan kesehatan",0,2026-04-08T00:01:45Z
@ningtutwuro7955,Bukunya dikirim lg sj k pak prabowo pak..minta baca..barngkali sdh lupa dng cita²nya dl....skrng bnyk penjilat di sekitarnya dan laporan² asal bapak senang...,0,2026-04-08T00:01:22Z
@marwansalut134,"Kritis dianggap makar, tidak setuju disuruh fight 2029, bingung dgn Prabowo.bnginilah klo DPR tidak berani kritik presiden.gini klo oposisi ditarik Prabowo ke koalisinya.",0,2026-04-08T00:00:51Z
@raditlionardvirginia2955,"Pemerintah Kalo dikritik trs baper ya  ga beda sm  anti kritik. Malah ngeles atau balas ngatain seperti yg sudah """,0,2026-04-08T00:00:19Z
@onlove20,Prabowo TIDAK KOMPETEN sebagai PRESIDEN.,0,2026-04-08T00:00:15Z
@mrachmat7644,"Berkata pak Mahfud: ""Di podcast ini saya selalu berusaha untuk berbicara jujur dan terus terang juga berbagi pandangan tentang politik, hukum dan pemerintahan."" Alhamdulillaah, mudah mudahan memberikan efek yang baik bagi aparat negara lainnya dalam mengelola negara ini untuk mewujudkan keadilan sosial bagi seluruh rakyat Indonesia.",0,2026-04-07T23:59:55Z
@AtqanBaron,Kritik itu tanda cinta agar Indonesia lebih maju.  Khususnya  MBG  menjadi perhatian serius  dan sebaiknya diarahkan ke program yang lebih produktif dan berdampak  untuk indonesia hebat,46,2026-04-07T23:59:44Z
@kevinfazar9176,"Ada Cawapres sekaliber begini, kemampuannya top markotop, malah pilih bocah narkoba sabu - sabu. Sehat selalu buat Prof. Mahfud MD",0,2026-04-07T23:59:32Z
@AisyahPutrisalma,Kepala BGN itu kayak anak SD d kasih pelajaran SMA g nyampe ilmunya makanya BOTOL BGT.intensif 6jt sehari trus sekarang mo d kasih motor listrik.keliatan kan gak ngerti sm kerjanya.,0,2026-04-07T23:58:47Z
@AkikMama-i7m,"Pak Prabowo anda harus mundur,anda tidak mampu memimpin NKRI ini,anda hanya omon omon,anda hanya koar koar aja,tidak terbukti sumpah janji sebagai presiden,anda pengecut tidak berani dgn lestiyo dan termul fufupapA,anda harus mundur aja,byk yg mampu dari anda.",0,2026-04-07T23:58:33Z
@SutimanGuntur-nl3vn,"WOWO DI KASIH MASUKAN KRITIS SAMA PENGAMAT SAMA RAKYAT BERBUSA BUSA  BIAR KINERJANYA BAIK NGAK PERNAH DI GUBRIS 
SEKARANG TAMBAH ANCUR DI PIMPIN WOWO SATU PIRIODE KELAMAAN",0,2026-04-07T23:57:06Z
@zankmuhyidin931,"Dulu pernah ada tayangan...lupa kapan dan di canel apa, ada skenario kepemimpinan Prabowo tidak akan sampai 2 tahun...atau apa...intinya akan dilengserkan....apakah ini  sekenario itu ya?? Coba ada yg bisa jelasin",0,2026-04-07T23:56:45Z
@1234567beh,uda mulai sperti pak jokowi,0,2026-04-07T23:55:46Z
@ajikirei9685,pmrintahan programny bgus..tp tata kelolany bangsat...mbg carut marut skrang aplgi tiba2 mtor lstrik mncul...kdmp bngun dsana sini didaerah yg tdk strategis scara bisnis..ini hny proyek bklan nyungsep gk bisa brsaing ...politik kita hnya bagi2 kekuasaan pk mhmud..lbih parah lg tdak dtempatkan pada tempatny..kacau ngri ini,0,2026-04-07T23:52:40Z
@AgusWidjaya-i8u,"Sebenarnya rakyat sudah mendapat pelajaran dari dulu, tetapi tidak sadar membuat kesalahan2 yang di ulang2 dalam memilih pemimpin",15,2026-04-07T23:51:41Z
@tanihiburan,"negara yg lain bersatu untuk dukung pemerintah,menatap era kedepan,negara kita ribut cari simpati rakyat untuk kepentingan pribadi,ujung ujungnya tambah bikin pecah belah.harusnya petinggi itu kumpul jadi satu dukung pemerintah gerak kan rakyat untuk tekan DPR untuk mengesahkan UU perampasan aset,selesai masalah negara kita",0,2026-04-07T23:51:39Z
@lydiakusuma4265,❤❤❤❤❤❤❤❤❤❤,0,2026-04-07T23:51:30Z
@AgusSupiandi-e6w,Pak Mahfud mau konfirmasi.....apakah reformasi polri tetap berjalan ?,0,2026-04-07T23:51:29Z
@cakrakelana9228,"Pro dan kontra sll ada di dunia ini.. 
Ada Yg setuju dgn pendapat mahfud jg ada yg tdk setuju.. 
Itulah kenapa ""SENGKUNI"" sll ada.. Krn provokator akan sll ada yg bela.. Pakar hukum.. Hukum yg mana.. ??? Hukum yg buat siapa.. ??? 
Jelas muzani pemimpin lembaga survey.. SMRC jelasss... pendukung red bull.. dr 2014 - 2019....
Mahfud..tb hasanuddin... Conie bakri jg satu gerbong...Gitu aja kk repot..",0,2026-04-07T23:50:54Z
@HendraSpeed-k9b,cubo posisinya pak mahfud ada di kabinet pasti bicara lain lagi...😂,0,2026-04-07T23:49:34Z
@SaparuddinSyahri,"beruntung dizaman skrg msh ad orang cerdas dan jujur berkata kebenaran (pak mahfud) sementara yg lain diam dalam senyap tidak berani bersuara, semua takut.",0,2026-04-07T23:49:30Z
@Yhansen17,Mundurin bawahan aja g brani mau mundur sedri😅,0,2026-04-07T23:48:28Z
@suratnoandoko7433,"Menurut sya, Syaiful Mujani dkk mengajak mengganti presiden di tengah jalan, adl memaksakan kehendak usul mereka atau pendapat yg agar presiden mengikuti pendapat agar direspon oleh presiden, ini yg TDK baik.",0,2026-04-07T23:47:47Z
@bimosuci7672,"Karena kerja DPR tidak seperti harapan rakyat, maka jangan salahkan jika rakyat bersuara lantang. Pemerintah gak perlu alergi , gak perlu mencari cari alasan antek Aseng. Jujur saja siapa yg nurut sama Aseng, itulah antek Aseng yg sesungguhnya.",0,2026-04-07T23:47:16Z
@MasAlex1959,"Mannntttttaaaaabbbb prof. Panjang umur n sehat selalu Prof.
Melihat lngkah2 Prabowo smpat seneng, ketemu dg tokoh2 masy / oposisi, ternyata NOL BESAR. Membuat Team reformasi polri Nol Besar juga.",0,2026-04-07T23:46:52Z
@kuntjorotedjasetiana747,Buku itu adalah kampanye. Serius banget dibahas,0,2026-04-07T23:46:22Z
@endahyuni8451,"Kita tetap dukung Pemerintah yg SAH,, skrg setiap org bisa bicara sesuai kepentingan",0,2026-04-07T23:46:03Z
@rukmaneffendi3824,"Pemerintah anti kritik, sulit menerima saran seolah semua program yang dilaksakan selalu benar / otoriter.",0,2026-04-07T23:44:59Z
@NanikSri15,"Ak percaya pak prabowo  tp sayangnya sengkuni2nya   gila gilaan   ,penghianat bangsa yg  gak pingin negara maju",0,2026-04-07T23:44:38Z
@AjiSetyoUtomo,OTAK KORUPSI SUMBERNYA DARI BANG JACK...,0,2026-04-07T23:44:18Z
@AbdusSalam-qn1ww,Benar kata pak mahfud,0,2026-04-07T23:43:51Z
@ramlyhendrayantoyanto9373,Saya pemilih 4x untuk prabowo. Tapi saya juga termasuk orang yang kecewa berat terhadap prabowo. Tapi kalau bicara menggulingkan prabowo ini bukan bahasa yang baik. Sebab negara ini tidak lantas lebih baik dikala prabowo digulingkan. Ingat 98 saat rakyat melengserkan soeharto. Negara justru lebih amburadul dengan korupsi....,0,2026-04-07T23:43:40Z
@MasinisDelman,"Lain dulu lain sekarang
Sehat selalu Prof,,, 🫢",0,2026-04-07T23:43:21Z
@fatihrizki2576,"Belum apa-apa sdh recoki prabowo pak mahpud jaman jokowi lebih gila prabowo mewarisi kerusakan 10 tahun jaman jokowi dan pak mahpud ada dlm gerbong jokowi, ayo dong perbaiki bersama",0,2026-04-07T23:42:09Z
@AbdusAbdus,Sangat jelas pandangan pak Mahfud pandangan kebangsaan dan kenegaraan,0,2026-04-07T23:41:59Z
@SuryaPrawira-x5n,"Jika nggak ada yg bisa mimpin
di Konoha MR Kim Jongun ber
Sedia kok di Rental",0,2026-04-07T23:41:40Z
@SLAMET-u3v,"Salam sehat selalu Prof Mahfud,,Gimana kabar reformasi Polri Pak?",0,2026-04-07T23:41:21Z
@HendraSpeed-k9b,mahfud tidak di kasih jabatan jadi ngomong kayak gini...😂,0,2026-04-07T23:41:08Z
@Faiq_zamani,KLO ada di Indonesia 10 orang aja seperti prof Mahfud pasti negara ini akan maju makmur sejahtera,0,2026-04-07T23:40:10Z
@omansugihlar4834,Sy sebagai rakyat kecil menghimbau kepada para patriot dan negarawan yg murni bersatu agar NKRI tidak hancur,0,2026-04-07T23:39:31Z
@AdiNanta-b3t,Cocok untuk pak Mahfud MD,0,2026-04-07T23:39:14Z
@hijriatidewi4965,Kalau jadus novel jaman siapa ya? Beresngga ys?,0,2026-04-07T23:38:23Z
@pelajarkehidupan3,"GEORGE SOROS SEDANG BERMAIN, UNTUK MENGGANTIKAN PAK PRABOWO
DENGAN MEMAINKAN ISU ISU YG ADA. HATI2, NEGARA INI D BUAT KOLAPS 😂😂😂😂",0,2026-04-07T23:37:55Z
@pelajarkehidupan3,"GEORGE SOROS SEDANG BERMAIN, UNTUK MENGGANTIKAN PAK PRABOWO
DENGAN MEMAINKAN ISU ISU YG ADA. HATI2, NEGARA INI D BUAT KOLAPS 😂😂😂😂",0,2026-04-07T23:37:33Z
@Sulasno02,"Kenapa semua presiden dianggap tidak bisa menjalankan tugasnya,ini sebenarnya siapa yg salah /rakyatkah yg salah dalam memilih",0,2026-04-07T23:37:23Z
@fransiskuspehantukan3092,"Pergantian pemerintahan yang oleh rakyat dirasa tidak lagi membawa kemakmuran sehingga dilakukan melalui ""operasi sesar"" itu menunjukkan bahwa rakyat kita sudah dewasa dalam politik.",0,2026-04-07T23:36:36Z
@BudiSarwono-cw8qg,"Bagaimana
mungkin nwgeri.ini bisa menjadi baik la wong presidennya.saja berguru pada raja penipu, raja.munafik penuh kepura puraan",0,2026-04-07T23:36:25Z
@piontv7679,Anjing kalo laper pasti menggongong kemana2 tapi ini bukan soal anjing 😂😂😂,0,2026-04-07T23:34:14Z
@rizkychadikofc4726,"Awas pak , nanti di siram air keras",0,2026-04-07T23:34:13Z
@puryadipurie8922,Masyarakat sudah salah pilih Presiden,0,2026-04-07T23:33:43Z
@M.mad03,"Koperasi merah putih ngimpi, kacau melindas koperasi yg sdh ada.",0,2026-04-07T23:33:23Z
@puyunpolos9778,Besok mahfud yg jadi presiden 😂😂😂,0,2026-04-07T23:32:57Z
@Sulasno02,"Jadilah presiden RI bila merasa mampu memimpin,jangan menjadi pemecah persatuan bangsa,ibarat anak yg selalu menjelekkan orang tuanya adalah adab yg salah dalam sebuah rumah tangga apalagi harus dipublikasi sehingga semua orang jadi tahu segala keburukannya",0,2026-04-07T23:32:39Z
@AbubakarSe-bp7li,"Menurut sy bliaw ,tdk terima saran,tdk menepati janji kampanye ,terlalu terlibat dan melibatkan diri urusan luar negri sementara dlm negri sendiri belum ada program nya yg dirasakan masyarakat mampaat nya,bahkan jika MBG tetap berjalan tdk menutup kemungkinan terjadi defisit anggaran ,di daerah2 sdh ada tanda2 tsb,Pemda sdh kesulitan membangun infrastruktur,membayar gaji PPPK ,paruh waktu juga tunjangan kinerja jadi apanya pemimpin seperti ini yg bisa di pertahankan wajarlah jika turun sebelum ber akhir",0,2026-04-07T23:32:29Z
@hepisofyan6521,"Prabowo setelah jadi presiden bukannya jalankan kerja  dengan benar malah tambah  kepala batu, anti kritik dan sudah mengarah ke otoriter  ... klo terus melakukan hal itu prabowo wajib diberhentikan ....",0,2026-04-07T23:32:16Z
@BudiSarwono-cw8qg,DPR sejak rezim jkw hingga.saat ini telah mengkianati rakyat,0,2026-04-07T23:32:06Z
@imamghozali3488,Berpihak ada islah di sana pak mahfud memang cerdas walaupun sama sama warga NU. Kita beda saya lihat semua hawa nafsu semua.karena dari awal udah gak suka prabow,0,2026-04-07T23:31:55Z
@imannurzamam9636,Setuju dengan kuliah profesor.  Dan terimakasih kalau para pejabat tdk yesmen.,0,2026-04-07T23:31:21Z
@AliminAlimin-k4i,"Alhamdulillah , semoga pak mahfud md bisa jadi RI, satu insyaallah,, Aamiin 🙏🙏🙏",0,2026-04-07T23:30:53Z
@Parna-l2d,"Prawowor memang cenderung mengikuti gaya kepemimpinan Dongo drum.
Sok paling pintar, paling kuat, gak boleh dibantah, ngeyelan,   delusi akut, dan punya kepribadian ganda..
   tapi gak heran sih kalo model nya kaya gitu.
dia udah jujur bilang mengagumi sosok Mustafa kemal Attaturk..
    Sangat meresahkan prawowor ini.
Dan memang sangat layak diturunkan.",0,2026-04-07T23:30:43Z
@ddbagrepairreview3687,Dalam posisi gini terjani penggantian pemerintahan secara paksa bukan akan memperbaiki keadaan malah tambah memperburuk keadaan semakin caos,0,2026-04-07T23:29:11Z
@yanto.p3756,Hai  pak Mahfud ! Reformasi polri kok  tak ada kabar ? Apa hanya basa basi ?,0,2026-04-07T23:26:45Z
@MuhlisMuhlis-q1m,Makin kacau di tangan pak Wowo,0,2026-04-07T23:26:36Z
@suro958,Jangan2 Prabowo itu apa yg di ucapkan... sering lupa yg di lakukan!!!!! Jika beliau bertahan sampai 2029 negeri ini BABAK BELUR,2,2026-04-07T23:26:29Z
@betawikid,"""Berikan Jabatan maka engkau akan lihat tabiat aslinya""... See a Prabowo now 😂... 

Mr. Hypocrite Prisiden",0,2026-04-07T23:25:29Z
@wijayakusuma1487,"Ganti prsident udah berapa kali...?  Kita butuh ganti sistem ketatanegaraan, thus kedudukan idiologi dan sejarah nasional kita... 

Perjalanan kebangsaan kita ini sudah nyasar jauh dari cita2 revolusi agustus 1945... Kita udah nyasar kejauhan nyasar kejauhan...

Sadarlah....",0,2026-04-07T23:24:57Z
@langitbirucahya,Pemerintahan sombong  koruptor semua membodohi dan  memiskinkan bangsa ini!!!tolol....,0,2026-04-07T23:24:37Z
@nurirumini5577,"Sy kemaren dukung Prabowo Gibran Tapi memang betul-betul MBG TDK Bagus 
Tidak terlalu di butuhkan tp makan uang APBN tinggi 
Harusnya pemerintah Prabowo denger kata mayoritas rakyat 
Pertama TDK terlalu di butuhkan semua kalangan murid Kedua harusnya di daftar ulang' bagi yg mau MBG saja 
 pengelola nya TDK membantu UMKM yg SDH ada sblmnya nya
Hanya JD bahan Bancakan UMKM dadakan dan bnyak ke TDK sama rata 1org bisa menguasai puluhan dapurMBG 
Dan LBH fatal LG yg bisa dapat job terindikasi hnya ordal  yg punya modalmilyaran 
JD fix GAGAL DALAM PENGELOLAAN Pak Wowo",0,2026-04-07T23:24:31Z
@Agus-wh7vx,Pak Mahfud 👍👍🙏,0,2026-04-07T23:24:19Z
@BudiSarwono-cw8qg,"Ternyata.Prabowo menjadi.inspirator bagi Rismon  ,.yg dilakukan 180 .o dari apa ygditulis pada bukunya",0,2026-04-07T23:23:25Z
@IndahMoslem,"Gmana majunya negara klo smuanya bgt,, bangsa plin plan",0,2026-04-07T23:20:45Z
@alamasribatik1650,Bubarkan sj sistem demokrasi yg banyak spt ini.sangat merugikan rakyat dan negara..karena boros menghamburkan uang rakyat dan merusak sdm .,0,2026-04-07T23:20:15Z
@IndahMoslem,"Di satu sisi pemerintah konoha tdk becus, di sisi lainnya ada prof linglung yg oportunis sejati yg sll bermain di balik aturan hukum yg dibungkus dgn katakata dialektis",0,2026-04-07T23:19:59Z
@ahmdmkrs3109,Memang DPR kumpulan manusia yang 90 0/0 koruptor.. Naudzubillah mindalik,0,2026-04-07T23:19:27Z
@IndahMoslem,"Inilah konoha yg sengaja membuat semua aturan main jd abuabu,",0,2026-04-07T23:17:25Z
@MuhMasduki,🤣🤣🤣mahpud,0,2026-04-07T23:17:15Z
@mikeromero1zr,"Intinya dari MILITER tidak boleh menjabat di pemerintahan demokrasi yang menganut kebebasan berpendapat, karena mereka para militer system komando",0,2026-04-07T23:16:44Z
@saiful3056,"Wajar saja kalau kepemimpinan sekarang di gulingkan menurut saya kepemimpinan saat ini amburadul dan anti kritik serta cuman menguntungkan gerombolannya saja 
Rakyat sengsara tidak diperhatikan 
Sebutkan satu saja  program pemerintah saat ini yg berhasil 
Prrrreeeeettttt omon omon doang",0,2026-04-07T23:16:43Z
@IndahMoslem,"Prof yg sgt jelas tdk berani complain lgs ke presiden nya malah oportunis menggunakan org lain sbg proxy, di mana idealisme mu prof",0,2026-04-07T23:16:00Z
@andiksantoso8126,"Intinya orang yg teriak "" turunkan Prabowo itu barisan sakit hati kalah pilpres   bersatu untuk menggalang massa menjatuhkan pemerintahan pak Prabowo, yg mau negara ini hancur.❤️🇮🇩",0,2026-04-07T23:15:44Z
@ultramennaga-n2y,"Keamanan ????? Keamanan ??????!!! Keamaaanaaaannn ????????!!!!! 
Hahaahahahaaaaa",0,2026-04-07T23:13:59Z
@ahmdmkrs3109,Mau jadi apa negara ini kalau pejabat negara banyak yang korupsi gede-gede... Naudzubillah mindhalik,0,2026-04-07T23:13:33Z
@BudiSarwono-cw8qg,"Jkw.naik penipuan , manipulasi menjadi konstitusi😊",0,2026-04-07T23:13:05Z
@bambangiryanto9177,"TAMBAH  KACAU..rakyat sudah tidak seimbang lagi, yg terus gerus duit meningkat gak peduli yg menjerit ...pak mahmud jika niat baik jangan hanya di bahas  saja ...sudah enek nuch.....banyak yg mendukung bapak..kritik tidak didengar..",0,2026-04-07T23:12:56Z
@lambeijo3693,Emang masih bisa berharap dari DPR?,0,2026-04-07T23:11:50Z
@sudimawan1494,"Kalau negara ini mau baik, maka segera reformasi kepolisian dan kejaksaan, jika tidak, ya hanya omon-omon.",0,2026-04-07T23:10:24Z
@DerySam-v5q,Mf BPK...bagai mna kl buat undang2 wajib memilih saat pemilu...sehingga org TDK memilih krna uang..,0,2026-04-07T23:09:52Z
@sriastuti2791,"Persiden Otak Lansia Usia 74 th, Segala Ide Langkahnya bikin susah Rakyat Contoh jls : MBG !! MENGARAP MBG STOOP,",0,2026-04-07T23:08:40Z
@BudiSarwono-cw8qg,"Sependapat dg Syaiful Muzani , memang hingga 18 bulan pemerintahan prabowo, indikasinta sangat kuat kalau ptrabowo tidak bisa lagi diharapkan untuk perbaikan negara, terlalu sedikit hasil yg bermanfaat untuk rakyat, bangsa dan negara",0,2026-04-07T23:08:20Z
@DerySam-v5q,Smua yg di bahas ..itu 100% bnar...tp mf KL blh brpendpat...smua mslh sumbernya korupsi ..,0,2026-04-07T23:07:44Z
@NANOFISHINGBALI,"Bersihkan dulu pembisik""nya Prabowo....ga bisa di percaya ...mulut mereka sangat rusak....yg penting ABS...",0,2026-04-07T23:05:54Z
@faisalnizar3471,"Maaf pak mahfud yg menyatakan pihak saiful mujani,yg ribut klarifikasi juga pihak mujani..
Apakah ada tanggapan dr presiden mau pun sekneg atau seskab atas pernyataan ini,heran koq ribut sendiri.
Maaf saya rakyat juga berhak mengkritik dan bersuara pada pak mahfud,selama ini apakah ada pemerintahan prabowo yg otoriter terhadap para pengamat yg anti pemerintahan",0,2026-04-07T23:05:47Z
@belajar2992,"prof Mahfud ijin bertanya 
1. apa penyalahgnaan hukum yang mungkin terjadi jika RUU Perampasan disahkan ??
2. Lalu apa efektif mana potensi korupsi menurun antara pelaksanaan RUU Perampasan Aset atau membuat UU Baru Pembuktian terbalik harta kekayaan pejabat dengan harta tidak sesuai dengan penghasilan/harta koruptor ?",0,2026-04-07T23:05:25Z
@skurzshinoda5317,Semoga di berikan kesehatan dan umur panjang Gus....,0,2026-04-07T23:04:28Z
@suwardisuwardi6859,"Maju terus pak Prabowo  kritik mahmud sakit hati  ,klo bukan Prabowo jd prediden ,miyak sudah melambung   ,",0,2026-04-07T23:04:24Z
@zon4pantau,"Kalau pemimpin harus menerima jika di nasihati, zaman Khalifah Umar Bin Khattab berapa banyak gubernur di nasehati soal memimpin rakyatnya yg kurang merakyat...

Kita di Indonesia, jika pemimpin tak bisa di nasihati dan di kritik tak mau berubah, trus harus bagaimana lagi...?",0,2026-04-07T23:03:39Z
@sulistyosidik3542,Mungkin karena usia jadi Prabowo sering lupa dengan janji dan apa yg diucapkan. Untung dulu saya tidak milih dia 😊,0,2026-04-07T23:03:35Z
@Widarso2025,"Gini pak mahfud, kalau pak prabowo turun, siapa yg gantikan? 
Misalkan pilpres 2024 ganjar mahfud menang terus ganjar ditutunkan, apakah pak mahfud siap menggantikan pak ganjar?
Atau pak mahfud senang menggantikan pak ganjar?",0,2026-04-07T23:03:18Z
@ogehsuma1251,Ternyata dialah yg omon2🤣🤣🤣,0,2026-04-07T23:03:12Z
@RusdyBoy-k7w,Mbg  kacau balau di Angap Empestasi  dimana logika nya  pak Prabowo .. kalau MBG  Empestasi kurupsi jelas itu .. seperti koperasi Mera Puti   logika nya Empestasi  logika nya Engak ada bos cuma koperasi Mera Puti  75% Bakal mangkrak pasti  liat aja nanti.. dana desa di pankas  hacurla desa  seharus nya dana desa di Benai benar dana desa di kurupsi 70% iya  .. ini kiriti  jangan di anggap  musu benci pak Prabowo,0,2026-04-07T23:02:59Z
@MahmudAmut-cs6uj,Mahfut ini seakan mendukung org2 trb,0,2026-04-07T23:02:38Z
@HarizHoris,"Masa negarara di jajaran pingin merdeka, ko, di kata makan, kan bela negara wajib hukum ny ,",0,2026-04-07T23:00:56Z
@lambeijo3693,Apakah pak prabowo salah bergaul 5tahun terakhir sebelum jadi presiden?,0,2026-04-07T23:00:50Z
@kasminsh5473,"Sabar era perdetik isi dunia berubah, ini baru isu fitnah blm detik detik  kiyamat , blm kiyamat tg sebenarnya, coba kalau sdh terjadi negara oreang seoerti ,iran vs israel, AS, dst. Mau apa  oknom yg sakit hati ken tdk tersampaikan jeibginanya pribadi bukan kehebdak rakyat, bila hujum di tegakan , dikatakan kriminilisasi, di biarkan pemerintah lemah, ini bila pangluma tertinggi yg di lindungi hukum tdk tegas ,apa yg terjadi, dan bila saat dijajah bila tdk berkorban jiwa raga kpn merdeka, skrng sdh nerdeka tinggal menata secara demikrasi pilpress dlk bila kalah ya tdk boleh sakit hati, yg jadi jiuga ingin merubah negara lbh maju, memang ada tantangan itu baru tantangan oknom raktat yg sakit hati blm tantangan dari luar begeri, lbh parah, ini mari rakyat bersatu di atur oleh pimpinan negara, ya sadar sabar, smg di mudahkan alloh aamiin.",0,2026-04-07T23:00:01Z
@inneb_widjaya8717,Harusnya PRABOWO sadar diri,0,2026-04-07T22:59:35Z
@faisalachmad3484,Mulai terlihat pemerintahan  otoriter dan Asal bapak senang laporan dan tindakan dari para menteri menteri nya,0,2026-04-07T22:56:32Z
@RevanAdavis,Pak Mahfud guru SD lebih hebat dari Mahfud. Yg. Kalah Pilpres...... Pilihan sy. Dikotak. Suara. Sia. Sia........,0,2026-04-07T22:55:36Z
@HalWani-of1vw,Memang orang Indonesia ini tidak ada rasa ber syukur nya. Kalau seperti saiful  muzadi ini sdh sangat kurang ajar  secara terang terangan pantas nya di hukum mati. Memang kalau di pikir komentator pinter sekali utk ngomong. Kami setuju saiful Muzadi di hukum mati  . Orang yg terlalu banyak bacot & fitnah kami setuju di hukum mati lanjut kan p prabowo. Hukum mati orang yg membuat gaduh,0,2026-04-07T22:55:18Z
@rudyhartanto,"Kangen ,""F U F U F A F A""....",0,2026-04-07T22:55:03Z
@HarizHoris,"Pak, kritik samasakit hati tu lain, klo p  maksud tu jd menteri, pasti akan lain c😢Ericsson tany",0,2026-04-07T22:54:21Z
@sugandaba29,Indonesia ditangan kekuasaan Prabowo sdh pasti tambah rusak dan ngerusak  !!!!!!!!,0,2026-04-07T22:54:16Z
@andriirwandri709,"Terus bersuara pak mahfud,,,",0,2026-04-07T22:53:52Z
@ibumastaliah4804,"Untuk sekarang ini kita rakyat indonesia harus ba yak bersyukur, krn negara kita damai, karena damai itu indah",0,2026-04-07T22:53:31Z
@yayaniriansyah9466,Ga bakalan mempan dikritik Wowo sudah kebal kupingnya dan hatinya sudah tertutup oleh syahwat kekuasaan dan ego pribadi..,0,2026-04-07T22:53:19Z
@AmrizalAmrizal-vo2vh,"PAK MAHFUD ANDA HARUS JADI MENTOR PAK ANIES,   ORANG JUJUR, INTEGRITAS, VISIONER,   😊😊😊❤",0,2026-04-07T22:52:53Z
@sidikmunada6986,Sudah sangat muak kebijakan sekarang,0,2026-04-07T22:52:52Z
@kusraharjoasih9854,"KALO SEORANG PEMIMPIN  PUNYA DASAR IMAN PASTI TAKUT DENGAN SUMPAH JABATAN NYA,,, INI FIX,,,TAPI KALO HANYA AMBISI JABATAN HANYA CARI AMAN,,, PRABOWO SUBIANTO YANG SAYA PILIH TERNYATA OMON -OMON JADI BUDAKNYA PARA KORUPTOR INI FIX SEMOGA PRESIDEN' RI PRABOWO MAU MENDENGARKAN RAKYATNYA MAU BERCERMIN INTROSPEKSI DIRI,,,AMANAH YANG BISA MEMBERIKAN CONTOH KEPADA SEMUA RAKYAT INDONESIA,,,INGAT,,,HIDUP HANYA UNTUK SEMENTARA' YANG HARUS MEMBERIKAN CONTOH KEPADA GENERASI PENERUS PENGGANTINYA,,,KAMI RAKYAT INDONESIA BERHARAP PRABOWO BERANI TEGAS UNTUK MENUMPAS SEMUA PARA KORUPTOR,,,ITU KALO MAU INDONESIA BEBAS DARI PENINDASAN,, ALLOHUAKBAR 💪🙏",0,2026-04-07T22:52:40Z
@teguhbasuki8124,"Apakah saat ini, kehidupan beragama dipisahkan dari kehidupan berbangsa dan bernegara ? Pertanyaan ini saya ajukan sebagai bagian dari carut marutnya kondisi saat ini, sehingga keberkahan sulit didapat.",0,2026-04-07T22:52:32Z
@AsepBasit-jb2jd,Rakyat. Ayo. Komen. Mbg. Stop.  Kasihkan. Aja. Uang nya. Dari pada. Di jadikan. Bancakan korupsi.,0,2026-04-07T22:52:09Z
@NuyakKayun-r9s,"Disini.. Pak mahfud sdh gerah.. 
Intensitas kritik meningkat di samping ada klaim makar dsb.. 

Dan disini jg sy jd goyang berubah pendapat bahwa prabowo hrs tetap dikritik.. 

Wlaw kemudian... Ada narasi pembelaan dr kubu prabowo.. Ada pihak asing yg coba menggoyang mengarah CHAOS negara Indonesia.. 

Sehingga Indonesia indentik dgn prabowo.. Hancur prabowo adalah hancur Indonesia.. 

Tapi kegerahan Indonesia melalui pandangan prof mahfud... 

Dr tindakan hukum yg bnyk tdk tuntas.. Supremasi hukum dipertanyakan
UUD perampasan aset tdk dilakukan dgn alasan jd alasan pihak ttt utk menjerat pejabat
Dan prabowo makin kemari cenderung permisif thd kleptokrasi.. Orang lingkarannya yg jelas dipertanyakan kredibilitasnya masih dipertahankan.. 

Ini baru bahasan korupsi.. 

Blm oligarki.. Otoriter negara..adanya teror dan intimidasi.. Sistem ekonomi yg jitu tp lemah pengawasan... Koperasi merah putih dan mbg tetapi kontrol jelek.. 

Dll.. 

Intinya prabowo mengikuti alur politik busuk dan mengarah yg tdk benar.. 

Ini bukan narasi tapi fakta... Bisa ditelusuri .. 

Prabowo hrs terus dikritik.. Indonesia milik bersama.. Bukan prabowo memiliki indonesia jd nasib Indonesia  tdk bs dipercayakan oleh DPR yg tdk check balanced pemerintah maka rakyat hrs bersuara",0,2026-04-07T22:51:40Z
@AmrizalAmrizal-vo2vh,"WAKTU DI PEMERINTAHAN ANDA HANYA BADUT MULYONO, SEKELAS PROF, DI PIMPIN SAMA SI MULYONO IDIOTSS😂😂😂😂  SAYA LULUSAN SMA,  TAPI UDAH TAU DARI WAJAHNYA MULYONO PERTAMA KALI MUNCUL,   INI PASTI ADA MAINAN PDI, BIAR KORUP SI MULUS, 700 KPPS MENINGGAL,   KORUPSINYA MERAJALELA,  BUKU MERAH, DAN MASIH Banyak lagi, akibat mainan politik busuk pdip,",0,2026-04-07T22:51:18Z
@Pemburu.buzzer,Pelaku politik di Indonesia masih amatiran tapi sok pintar ngomongin negara. Ujung2nya korupsi untuk pribadi dan partainya juga. Bajingan di Indonesia biangnya juga ada di partai,0,2026-04-07T22:51:03Z
@mediakiwari,"Kritik harus disertai solusi, solusinya sampaikan pada pemerintah dengan tembusan pada publik. ketika solusi hasil analisa dianggap baik secara mayoritas tetapi tolak pemerintah  baru adakan aksi. tetapi apa yang dikatakan saeful munjani dkk mana solusi dan analisanya yang disampaikan ke publik. KRITIK TANPA RENCANA SOLUS YANG LEBIH BAIK. ITU HANYA PEMIKIRAN OTAK JAHAT.",0,2026-04-07T22:50:05Z
@alimsuryo3801,Ternyata semua presiden itu tdk ada yg sempurna.yg mengkritikpun bila berkuasa blm tentu bagus bahkan bisa jadi lebih buruk.,0,2026-04-07T22:47:59Z
@EndeLucky,"Tulisan di buku dengan kebijakan nya skrg jauh api dari panggang. 
Si omon2 sudah pikun. Memang sudah seharusnya turun dr jabatannya.",0,2026-04-07T22:47:45Z
@AmrizalAmrizal-vo2vh,"MOGA PAK MAHFUD JADI CEO MBG,  BIAR BAPAK JADI PAHLAWAN NASIONAL😊😊😊 MAKAN BERACUN GRATIS, 28 RIBU ANAK KERACUNAN MBG,,    PODCAST, ABAL""   BILANG JUJUR,,  NYATANYA ANDA PENJILAT YANG BERMUKA 2,,   WAKTU PEMERINTAHAN KAYAK KAMBING KENA HUJAN, DI ULTI BUNG ROCKY,, KAMI BAYAR PAJAK, MENGHIDUPKAN PEJABAT , NYATANYA RAKYAT DI TEKAN,  DI PERAS, 😊😊😊😊 DALAM AKAL SEHAT, MOGA PAK MAHFUD, HARUS KRITIS SEPERTI ROCKY GERUNG KONSISTEN,  JANGAN MUSIMAN😊😊😊",0,2026-04-07T22:47:40Z
@RahayuSaru,Halo pak!  terus terang dan jujur❤❤❤❤❤❤❤❤❤❤❤❤❤,0,2026-04-07T22:47:34Z
@m.siswantorosiswantoro2451,Prabowo sdh linglung jdi lupa apa yg ditulis dlm bukunya saat ikuti pilpres 2009 berjudul paradox,0,2026-04-07T22:47:25Z
@Darwis7194,"Hosea 8:7 (BIMK)  Umat-Ku menabur angin maka mereka akan menuai badai! Ladang gandum mereka tidak menguning, maka tak akan menghasilkan tepung untuk makanan. Tapi kalau ladang itu menguning juga, maka gandumnya akan dihabiskan oleh bangsa-bangsa lain. 

Dari sinilah asal muasal peribahasa yg disampaikan Prof Mahfud",0,2026-04-07T22:47:01Z
@zainudinhs5432,Kritikan semakin besar,0,2026-04-07T22:46:43Z
@radenalite,Gus Dur dlu dilengserkan Amin rais & megawati dg memfitnah beliau. Apakah ini termasuk makar?,0,2026-04-07T22:46:37Z
@muhammadidris6550,"kalau mendengar Prof bicara, banyak ilmu yang didapat, inilah salah satu sosok panutan pemimpin bangsa..",3,2026-04-07T22:46:14Z
@bleepbloop_b,"31:10 uphold checks and balances, if not then it's just pseudo-democracy",0,2026-04-07T22:46:04Z
@WiYono-d1d,Saking sibuknya presiden sampai lupa kpn reformasi polri d tindak lanjuti 😂😂😂😂😂,0,2026-04-07T22:45:08Z
@citrakinasih,"Karena surplus perdagangan dengan india  , India minta beli mobil india",0,2026-04-07T22:43:50Z
@Azkabotak-x6h,Mahfud sudah perna di pemerintahan tp ga bisa apa apa .. ngomong sebakul ga bisa kerja harusnya klu pintar bisa kerja knp zamnny di pemerintahan korupsi dimn mn . JD ga usa terlalu percaya,0,2026-04-07T22:43:19Z
@andrimuslih8823,Tamunya yg mana...tp gpp..daging,0,2026-04-07T22:42:51Z
@annakambara1650,Bpk Suharto jatuh rakyat kecil banyak menderita,0,2026-04-07T22:41:15Z
@DwiLingga-n9m,Pernah jadi menko pulkam kok hukum di indonesia curat marut pd masa mereka,0,2026-04-07T22:41:07Z
@mahmudiskandar8870,"Seorang pemimpin harus siap dikritik, kritik itu bukan makar",1,2026-04-07T22:40:36Z
@Qilaa6789,"Karena se-tajam2nya pedang itu lebih tajam ucapan, maka seblm berucap terkait dg Pemerintahan RI itu sebaiknya difikirkan dahulu dg benar, agar tdk merugikan Bangsa n NKRI. 

Karena KERUGIAN yg pernah terjd sebelumnya akibat KUDETA th 1998 maupun di zaman Gus Dur itu, a.l:

1. Timor-Timur, P. Sipadan n P. Ligitan tdk lagi menjd wilayah kedaulatan/milik NKRI

2. Banyak Perusahaan milik Negara/Rakyat yg dikuasai oleh PENGUSAHA/INVESTOR (tdk lagi 100% dimiliki oleh negara/rakyat)

3. Semakin banyak penduduk pribumi asli Indonesia yg menjd PEKERJA TIDAK TETAP (semakin buruknya nasib pekerja di NKRI)

4. Area2 TAMBANG, HUTAN, PERKEBUNAN, PERSAWAHAN, PANTAI, n LAUT itu semakin banyak atau semakin lama dikuasai oleh PENGUSAHA/INVESTOR

5. KKN hingga saat ini tetap saja banyak terjd

Itulah sebabnya, berusaha sebisa mungkin berjuang untuk MENGUNTUNGKAN Bangsa & NKRI. 

Ingat, mengganti SYSTEM rekrutmen anggota DPR, Kep. Daerah, Presiden RI & Wklnya yg SALAH/JAHAT krn KKN, yaitu: tanpa test tulis lisan dll yg berkaitan dg tugas n kewajibannya itu mungkin lbh menguntungkan NKRI & mayoritas rakyat Indonesia dibandingkan hanya mengganti Presiden RI
Ma'af jika saya salah. Rahayu....Rahayu....Rahayu",0,2026-04-07T22:40:36Z
@HaryoSuharyo,"Maaf pak knapa gerakan ini tidak kalian lakukan di era pak Jokowi? Apakah menjatuhkan pemerintah sah akan menjamin pemerintah terbentuk akan baik,hati2 dengan provokasi dari anasir2 asing",0,2026-04-07T22:40:19Z
@sssb4442,50:38 𝗮𝗽𝗿𝗲𝘀𝗶𝗮𝘀𝗶.....,0,2026-04-07T22:39:56Z
@feridian5792,GAMA💓💓💓💝💝💝🌟🌟🌟,0,2026-04-07T22:39:27Z
@putrisilvianingrum,Namanya juga presiden “ omon omon” pak Prabowo . Indonesia butuh presiden seperti china bukan america banyak kebohongan,0,2026-04-07T22:39:09Z
@brahma2480,"Saya dukung 1000 persen ..Mahfud MD...orangnya pinter,hebat,bijak, punya mata hati...salam waras",4,2026-04-07T22:39:08Z
@keliknofu9585,"Hay, antek2 asing ... Hidup jokowi, lindungi israel, sampai H-1 kiamat MBG jalan terus, dirikan koprasi merah putih diseluruh lapangan desa agar indomart/alfamart bangkrut, perbanyak lahan sawit krn sawit jg pohon, bergabung dengn amerika dan israel, membentuk kabinet gemuk untuk kroni dan partai pendukung.",0,2026-04-07T22:36:48Z
@sonnyspoon6931,"Inilah negeri ku,  presiden bikin sengsara rakyatnya apakah bisa di  bilang makar?",0,2026-04-07T22:34:43Z
@SantosoEddy-n8e,"Mafud kalau berkuasa, juga beda pendapat, sok aja",0,2026-04-07T22:34:03Z
@PopoSutopo-g2e,"STOP MBG
SAH KAN RUU PERAMPASAN ASET KORUPTOR",0,2026-04-07T22:30:51Z
@AR_ZAA77,Paling parah pemerintah an saat ini paling buruk dalam sejarah Indonesia.,0,2026-04-07T22:30:43Z
@zainizaini7977,Mahfud ini kutu loncat.😅,0,2026-04-07T22:29:10Z
@Aqila_cannel.,Mobil mahindra tu mobil gak laku... Tu udah terlanjur udah di Indonesia... Indikasnya deal dgn harga normal tapi dpt diskon gede karena sebenarnya mobil itu g laku dijual.... Ayo KPK lirik kesini dong,0,2026-04-07T22:29:06Z
@SusiloHargiyo,100persen politisi kita bedebah!,0,2026-04-07T22:27:22Z
@SyaifulBahri-r9y,Mahfud koar2 klu g ada jabatan,0,2026-04-07T22:27:12Z
@Sigit-ml6zp,"Salam sehat selalu
pak mahfud  pimpinlah indonesia tercinta ini",0,2026-04-07T22:26:09Z
@alihamzah1492,"Jangan-jangan mereka di bayar mafia agar Indonesia keos, ngajak rakyat"" rakyat yang mane?",0,2026-04-07T22:25:59Z
@M.SaifulAnam-z9g,"Pak Mahfud: ""Sy ... termasuk yg tdk setuju ya misalnya menjatuhkan pemerintah di tengah jalan... "".(Skitar menit 12) 

Memang klo dikit² ganti pemerintah (baca: presiden) apakah nggak jauh lbh besar kerugiannya bagi prospek bangsa/negara, mengingat pengalaman jatuh bangun-jatuh bangunnya perdana menteri berserta kabinetnya di negeri ini di masa lalu...?",0,2026-04-07T22:24:48Z
@SamsungA-ve3wu,Pemerintahan pembohong penipu rakyat pejabatnya kalo ngomong selalu bohong nipu rakyat,0,2026-04-07T22:24:47Z
@SamsungA-ve3wu,Prabowo tuli bebal kaku bodoh gak mau tau,0,2026-04-07T22:24:11Z
@satrianusantara69,"Bisa jadi dia menulis buku paradox indonesia itu, bisa tidak. Masalahnya dia sdh dimakan raksasa kurus dan skrg dia adl tainya si raksasa cungkring. Salah masuk shg kejiwaannya dia sdh luntur, tersandera",0,2026-04-07T22:23:54Z
@bagongmaining,Mahfud koplak lagi,0,2026-04-07T22:23:32Z
@besttruenet3195,"Kopdes Seperti yang terlihat hanya Toko dan Distribusi. apakah Toko dipastikan merugi, tentu tidak. apakah usaha yang hanya bergerak dibidang distribusi dipastikan merugi, tentu tidak. artinnya dua hal ini saja sudah cukup untuk mengatakan bahwa Koperasi Desa bisa bertahan.

Mari lihat ke lapangan, di Kabupaten Katingan kampung halaman saya ada yang namanya RUMAH BUMN Katingan. Biaya operasional + 2 Staff di tanggung Bank. Apa tugas mereka, secara umum hanya memantau dan merencanakan kegiatan promosi yang intinya Non Profit. Meski demikian sampai hari ini RUMAH BUMN Katingan terbukti bertahan, artinya adalah ini cara Pemerintah mengambil keuntungan dari perbankan secara Praktis & Sistematis.

Sementara Koperasi Merah Putih, jelas ada aktifitas Jual Beli, ada aktifitas Distribusi, juga diberikan modal awal. Akan sangat konyol jika itu dalam prakteknya justru tumbang duluan sebelum RUMAH BUMN yang Non Profit. Mau RUMAH BUMN ataupun Koperasi Merah Putih pengawasan-nya tentu di Pemerintah Daerah dan Masyarakat Lokal. Jika ada Pelanggaran, Penyelewengan, Ketidak Puasan namun masyarakat lokal diam. itu salah Pemerintah Daerah dan Masyarakat-nya, kenapa harus diam dan tidak mendorong ganti pengurus.

Jadi untuk Koperasi Merah Putih dalam hemat saya terus Lanjut aja tidak perlu di hambat apalagi di cegat. tapi kalo MBG karena ini program contekan gak salah di kritisi terus karena sejauh ini bebannya langsung ke Pemerintah untuk Operasional.

Jadi gini pak Mahfud, Bank itu memberikan bunga yang masih tinggi untuk KUR, artinya mereka mendapatkan ke untungan dari menjalankan tugas penyaluran dana KUR. Nah keuntungan ini terlalu besar jika hanya dinimkati pihak Bank jadi keuntungan itu perlu diambil lagi oleh Pemerintah secara Sistematis dan itu berhasil salah satunya melalui RUMAH BUMN diberbagai daerah. Pak Mahfud yang kebetulan berada di pusat saya kira dapat dengan mudah memeriksa kebenaran dari hal ini dan meluruskanya kembali jika saya salah.",0,2026-04-07T22:23:28Z
@barikmuhammad1714,"Tentu channel ini semakin bagus, dan pertanyaan kami, kapan UU Pemilu juga dibahas? Bukankah Prof sudah diundang ke Parlemen",0,2026-04-07T22:22:11Z
@FianApong,KUMPULAN KAUM KALAH SALING MEMBELA /MENDUKUNG😂😂😂,0,2026-04-07T22:19:41Z
@reinaldysyahrul2801,Ayooo p Mafud maju teruss.....benahi negeri.....wowo omon2 gibran fufufafa samsul plonga plongo turunkan secepat nya sebelum negara bangkrut babak belur oleh kelompok abal2....,0,2026-04-07T22:19:30Z
@susilo-rk2zt,"Assalamualaikum pa Mahmud, aku suka pendapat dan pemikiran bapak  yg sesuai zaman saat ini,",0,2026-04-07T22:18:55Z
@HafidzFauzi-t9c,"الله يحفظ Mr.Presiden من كل سوء و مكر يا رب ...
اللهم وفقه لما تحب و ترضاه ...",0,2026-04-07T22:18:16Z
@gopekmumet-pp3lf,Orang paling iklas adalah pak Prabowo.... iklas melihat rakyatnya sendiri sengsara,2,2026-04-07T22:17:30Z
@odyssey9525,Nggedabrusssssssss,0,2026-04-07T22:17:27Z
@lukimanhaqim882,"51:08 
😅😅😅😅
Lha teroris yg berakar dari radikalisme,  dipiara sama gerindra je pak...
Lihat munarman FPi dan FPI itu disupport oleh habiburahman gerindra..
Saya yakin HRS itu juga dikendalikan oleh gerindra.
Ketika gerindra jadi oposisi, radikalisme banyak kasus, tapi setelah gerindra masuk pemerintahan, radikalisme agak adem.
Ini prasangka buruk saya lho pak...
😂😂😂",0,2026-04-07T22:17:27Z
@sssb4442,"33:00 𝗺𝗼𝗯𝗶𝗹, 𝗺𝗼𝘁𝗼𝗿, 𝗯𝗲𝗰𝗮𝗸....",0,2026-04-07T22:17:04Z
@kaniapermata,"Mantap!!!! Bangga saya secara pribadi saya utarakan untuk Pak Mahfud dan seluruh team!!!

Embarrasing and disappointing emang pimpinan 15 tahun belakangan ini (walaupun yg 10th sebelumnya tidak di mentioned)",0,2026-04-07T22:17:02Z
@tjatursantoso4351,Sepertinya prosentase geramnya semakin meningkat,0,2026-04-07T22:15:47Z
@AgusSuprayitno-c5i,Mahfud belum move on barisan sakit hati,0,2026-04-07T22:15:28Z
@aguswijayanto4175,"OK 93% politisi pembohong. Prabowo merangkul pembohong2 ini tentunya untuk mendukung program2 dan mengatasi persoalan2 seperti diuraikan dalam buku/tulisan/pidatonya. Beres dong. Tetapi bagaimana realisasinya? (BOP, ART, MBG, KDMP, ketahanan pangan, sekolah rakyat, ketahanan energi, pemberantasan korupsi, dan seterusnya). Apakah Prabowo sudah tertular yang 93% politisi tersebut?😊😊😊",0,2026-04-07T22:15:14Z
@Sofwan-w8f,Banyak omongannya aja tdk mau mambantu pemerintahan yg sah. Omon omon doang. Bagus amran sulaeman langsung eksekusi bidang pangan. Mana pak mahfud menhankam eksekusi apa? Omon omon doang. Banyak cerita doang. Tdk membuat nyaman bangsa.,0,2026-04-07T22:14:16Z
@yanimodiste,"Saya merasakan sebagai rakyat,ko hidup sekarang  makin sulit,rakyat menjerit....harga barang pokok meningkat setiap waktu kalau kepasar.bingung harga ko cepat naiknya....",70,2026-04-07T22:14:11Z
@Arceliocomel,Yg jelas muzani ini bikin rakyat resah,0,2026-04-07T22:12:46Z
@JunaiSampit,Pa mah put apa yang ada perbuwat selama anda menjabat tidak semua juga yang ada kerjakan sempurna kok anda seolah olah semourna,1,2026-04-07T22:12:07Z
@romlah-d9r,"Negara milik pejabat pak, kata mereka",0,2026-04-07T22:11:22Z
@Arceliocomel,"Itu jelas makar , mentang2 dulu memihak mahmud md lalu dibela",0,2026-04-07T22:10:53Z
@Arceliocomel,"Itu bukan kritik mahmud , tapi ingin makar , dan propokator",1,2026-04-07T22:09:28Z
@AdiSupriyanto-t8v,KALAU PRABOWO DI LENGSERKAN SIAPA YG NGGANTI. APA GIBRAN TAMBAH RUSAK NEGARA TLG PIKIR YG JERNIH YA OKE,0,2026-04-07T22:09:06Z
@lank07official10,Nepalkan,0,2026-04-07T22:09:01Z
@lank07official10,Nepalkan,0,2026-04-07T22:08:53Z
@tuluspurwanto3454,Mestinya si pengkritik dan pemerintah bertemu memberi argumen ttg pemikiran program pemerintah kalo perlu lewat DPR. Jangan sedikit sedikit makzulkan kan ada mekanismenya,0,2026-04-07T22:08:43Z
@KafrawiSe,👎👎👎,0,2026-04-07T22:08:23Z
@Fen761o,"hebat di omon omon
indo  sedang tdk baik2 saja",0,2026-04-07T22:07:40Z
@Arceliocomel,"Ingin menggulingkan presiden yg sah itu namanya makar , yg ingin makar itu dulu memihak mahmud md , mangkanya dibela mahmud md,",0,2026-04-07T22:07:28Z
@kepanjenfullsenyum1954,"Indonesia ditangan Prabowo
Ibarat warung makan.
3x lewat kok sepiiii pembeli.
1x lewat nyoba beli karena kasihan sepi,
Eeeeh ternyata rasa masakan ancur-ancuran gak karuan (YA PANTAS SEPI)
BUDAYA KASIHAN TIDAK SELALU BAIK YGY 😅😅😅😅😅",0,2026-04-07T22:04:28Z
@sssb4442,18:00 𝗽𝗼𝘃 𝘁𝘁𝗴 𝗣𝘁𝗮𝗯𝗼𝘄𝗼,0,2026-04-07T22:02:12Z
@edlvaix3622,"jika presiden mundur wakilnya pasti naik jabatan, seperti di zaman gusdur...apa kita semua yakin mau dipimpin sama wakilnya?",0,2026-04-07T22:01:00Z
@BudiSetiawan-x5v,Saya hanya setuju klo mbah emput bicara mendorong UU perampasan aset .satu itu aja dulu.,0,2026-04-07T21:59:49Z
@agusrusdianto3585,Stop MBG pak Presiden yang Terhormat,0,2026-04-07T21:58:21Z
@RealmeCeee4,Tidakusahaneh aneh janganganygu pemerintahan yg sedang berjalan negara ini mau di apakan maulanjut atauahancir negara ini.,0,2026-04-07T21:50:14Z
@lukimanhaqim882,"27:35 
Ironis dan paradoksnya 
Pak prabowo berteman dengan maling2 itu untuk mewujudkan impian jadi presiden dan sekarang pak prabowo menjadi bagian dari maling2 itu..",0,2026-04-07T21:49:28Z
@sssb4442,13:54 ......... 𝗶𝗻𝘁𝗶 𝗽𝗼𝗱𝗰𝗮𝘀𝘁 𝗶𝗻𝗶,0,2026-04-07T21:46:53Z
@RikipongCahya,"Jangan sok pak, ga jadi presiden mah omongan besar sok paling serba bisa ngebela kepentingan masyarakat.
giliran jadi presiden mah sama aja puyeng juga mau ikut masyarakat apa ikut yg diatas.
Jadi jangan gede bacot di podcast",1,2026-04-07T21:45:06Z
@narwiyotototok6921,Baus,0,2026-04-07T21:43:42Z
@pamans,"Wajar aja banyak orang ingin prabowo mundur, ini mungkin trik prabowo utk memenuhi janji kpd jokowi hanya 2.5 th menjadi presiden.",1,2026-04-07T21:42:53Z
@nendangekosularso8444,Semakin mundur ke Zaman Pra sejarah Indonesia ini,0,2026-04-07T21:42:25Z
@zainorrahman5757,Negara sangat membutuhkan  mahfud MD dan Ahok jadi presiden aamiin,0,2026-04-07T21:41:09Z
@nyomansidia2739,"Prabowo seperti raja, Republik ini kayak miliknya sendiri semua suka2 sendiri tak ada yg berani menghalangi apalagi Parlemen semua yes men kecuali PDI-P.",0,2026-04-07T21:40:37Z
@tonysanjaya919,"Dari 1000 orang pemberi komentar (dan 2900 pemberi jempol) ada 7 orang yang tidak setuju, menentang, atau tidak suka dengan apa yang dikatakan oleh Pak Mahfud di podcast ini. Dari 7 orang itu ada satu orang yang menulis komentarnya di 7 kolom yang berbeda. Pada dasarnya penentangan mereka adalah karena fanatisme dan rasa kebencian yang timbul dari perbedaan faham atau aliran politik, dengan cara memberi dalil yang tidak ilmiah, antara lain (90 persen) mengatakan bahwa karena tidak menjabat (diberi jabatan) lagi maka pembicaraan Pak Mahfud ngelantur dan karena kalah nyapres ia menjadi stres dan mengkritik Presiden. (NOTE: Beda dengan kecaman/celaan, kritik adalah suatu pengungkapan kekurangan/keburukan, yang disertai dengan saran tentang solusi/ pemecahannya). Tidak ilmiah karena tidak ada ketentuan dalam psikologi bahwa orang yang kalah dalam pemilihan capres akan selalu mengkritik presiden yang menang (jangankan Pak Mahfud, yang cuma cawapres, capres yang punya partai/golongan politik seperti Pak Ganjar dan Pak Baswedan saja tidak pernah membuat kritikan di podcast atau medsos. Apalagi capai- capai memikirkan problem dan kesulitan pemerintah.",1,2026-04-07T21:40:37Z
@abusina4527,"Koruptor aman, kapolri aman, KPK aman, MBG aman.KDMP aman, yang tidak aman adalah rakyat.",0,2026-04-07T21:36:00Z
@winnieid2727,"Rakyat disuruh hemat pemerintah belanja jor Joran, masyarakat rela Susan kalau pemerintah nya nunjukin ikut perduli, ini...",0,2026-04-07T21:33:54Z
@bengkoangsayub1338,Buku nya bagus execusi NOL,1,2026-04-07T21:32:07Z
@MasyitahDuri-bg9fw,Wowo wajib turun  n menenpatti kapling 1xduo,0,2026-04-07T21:31:07Z
@abusina4527,Pahlawan dari Madura.,0,2026-04-07T21:30:57Z
@humorupdate,❤,0,2026-04-07T21:29:14Z
@andhykasriandono1193,Semoga Alloh memberiperlìndungan Indonesia prof❤,0,2026-04-07T21:28:40Z
@WiedartoDarto,"Contoh MANUSIA PLIN PLAN,,,,,",0,2026-04-07T21:27:58Z
@jeporojeporo689,Beda ya semenjak menjabat sama  nga menjabat😅😅😅,0,2026-04-07T21:27:44Z
@PancaLima-s6b,"Kritik itu sangat wajar,,, 
Yg tdk wajar kritik berdasarkan politik dgn rasa dengki 😅

Demokrasi sdh kebablasan..

Namanya org yg bicara apalagi  org politik sangat banyak punya sudut pandang tergantung org org entah di dalam atau diluar pemerintahan ...",0,2026-04-07T21:27:19Z
@sutrisnosutris2724,"jangan cuma kritik melulu tapi suarakan dan desak dong UU perampasan aset para koruptor,itu lebih utama dan penting, jngn cuma main kethoprakan saha",0,2026-04-07T21:20:13Z
@nenisuryani7620,"Makin kacau balau, Pa.  kita nggak tahan dengan keras kepalanya",0,2026-04-07T21:19:53Z
@mamipartinem1743,"PAK. PRABOWO.   SAMPEAN.  WIS. TUWEK.   JADI. PRESIDEN.   BIKIN.  PROG. YG. ANAH. ANEH.  YG.  KALAU.   ADA. BIAYA.  BILA. BIAYA. HABIS. GIMANA  BULUM. MENGESKAN.  UTANG. MALAH. JANGAN.  IKUT.   IKUTAN.  BERHUTANGG.   JIKA. PAK. PRABOWO. MATI.  NINGGALKAN. 
NEGARA.  YG. KEOS. MARATMARIT.      AKAN. DI. DOAKAN.    ORANG. SELURUH.  INDONESIA.  NYENGSARAKAN.  RAKYAT  DOA.  JELEK.  JELEK.   MAKA. NYA.  DENGARKAN.  KEHENDAK.  SEBAGIAN.  BESAR RAKYAT.",0,2026-04-07T21:19:49Z
@erpe1554,"Apakah ini dapat saya analogikan sebagai ""dimensia politik""?",0,2026-04-07T21:18:33Z
@AhmadRodli-n8j,"Makin runyam, masyarakat bingung orang menuduh semaunya, kelompok yg menyatakan Prabowo harus lengser, gak ada pergerakan dr aparat pemerintah makin dibuat runyam sekelompok yg ambisi",0,2026-04-07T21:16:28Z
@dwirestiyanto1080,Reformasi kepolisian hasilnya seperti apa pak ?,0,2026-04-07T21:12:10Z
@zainurrohman4532,Terima kasih prof penjelasannya,0,2026-04-07T21:10:39Z
@ronnyyudhistira9551,Pemerintah semakin lama semakin asal2an... Indonesia di ambang kehancuran,0,2026-04-07T21:10:30Z
@captaindecol,"Fix Pak Mahfud hanya bisa jadi DOSEN tapi kalo jadi pejabat NO/tidak bisa
Karena ketika menjabat Dia juga ga ada kebrakan apa²
Contoh tuh : Pak Purbaya dan Mentri Pertanian",0,2026-04-07T21:06:46Z
@vipyaristy5269,"Whuaaahhh bener² keterlaluan kalo ada yg menyuruh Bpk Prabowo mundur!!
Heyyy kalian!! Bagaimana keadaan negara ini 2 periode Bpk Jkw?? Sekarang banyak dibenahi diperbaiki oleh bpk Prabowo dan jajarannya.
Dunia dalam keadaan genting, kita masih bisa dapat BBM yg tidak naik.
Kalian ribut² MBG lagi MBG lagi. Kenapa??
Memangnya kalo MBG berhenti kalian lalu diam??
Gak mungkin kalian diam, pasti lebih membully.
Silakan mengkritik, untuk meluruskan.
Bpk Prabowo sudah bekerja keras menyatukan rakyat dan bangsa  yang sudah terpecah belah 10 thn zaman Bpk Jkw.",1,2026-04-07T21:04:45Z
@indonesiatercinta1687,*SURUH PRESIDEN DAN WAPRES YG TAK BECUS KERJA MUNDUR!!!!! BUKAN MAKAR!!!! TAPI MENYELAMAT KAN NEGARA!!!!!!*,1,2026-04-07T21:00:30Z
@speedcenter9161,Emang paling parah pemerintahan sekrang program ga ada yg jelas yg menikmati orang2 dekatnya saja,0,2026-04-07T20:55:01Z
@ekosupriyanto2340,Klo di kritik Emosi.. Hehehehe,0,2026-04-07T20:51:39Z
@mbahnanonano3219,P me cerdas dan jujur tp berpuluh tahun dan beberapa rezim berada di dlm pemerintah dg berbagai jabatan dan posisi strategis tp apa yg kontribusinya kpd perbaikan bangsa ini?,0,2026-04-07T20:50:43Z
@julysudaryanto797,"Bukannya kalau ada omongan yg keluar dari mulut itu ada niat di pikirannya? Di samping itu sudah di publikasikan kan secara tidak langsung sebuah ajakan n membuat gaduhh. Apa yang sudah kalian berikan pd masyarakat luas saat kalian memimpin? 
Saat ini bnyk dampak yg signifikan di berikan pemerintah buat rakyat kecil. Petani sudah mulai sejahtera lagi. Membangun negara tidak secepat itu bro, apalagi dengan sistem yg amburadul n mengakar. Membenahi itu semua perlu waktu apalagi di tambah keadaan global gak jelas. Pemerintah hanya orang biasa bukan penyihir yg bs langsung jadi hehehehe",0,2026-04-07T20:50:37Z
@idiomerta1958,"koreksi pak mahfud..
deklarasi ciganjur itu diadakan stlh Soeharto lengser ..

jadi deklarasi  pertemuan 4 tokoh itu  bukan salah satu yg sebabkan Soeharto lengser",0,2026-04-07T20:48:13Z
@andarabumimas418,"Pemerintah, Ini bukan MAkar... Tapi MiKiR",0,2026-04-07T20:44:22Z
@ekosupriyanto2340,Prof mohon mf kbr UU PERAMPASAN ASET gmn prof..???,0,2026-04-07T20:42:21Z
@MYusufEko,"Pertanyaannya, Kamu mau dipimpin GIRBRAN?",0,2026-04-07T20:42:01Z
@AsmadiyahAsmadiyah-u1j,Teruskan saja sudah jor joran lihat hasilx bakal bankrut,0,2026-04-07T20:39:55Z
@AsmadiyahAsmadiyah-u1j,Teruskan saja sudah jor joran lihat hasilx bakal bankrut,0,2026-04-07T20:39:43Z
@dengermusic,Kita tahu kalau mundur siapa yang menggatikan. Saiful Mujani termul,0,2026-04-07T20:36:33Z
@jazzbass6542,"Penculik & pelanggar ham malah bs JD presiden


PARAHHHHH",0,2026-04-07T20:36:22Z
@sriistiatuti3670,"Paradoks Indonesia,.sy baca berxxx. Sayang saat ini jadi Paradoks Prabowo.",0,2026-04-07T20:36:20Z
@jazzbass6542,KALO GAK MAMPU LBH BAIK TURUN,0,2026-04-07T20:34:27Z
@arifjunaidi282,Pokoknya perang yang GK berhenti bagi rakyat biasa Indonesia GK ada istilah merdeka sejak 1945 sampai sekarang tapi sekarang ini bukan penjajahan tapi artikan sendiri,0,2026-04-07T20:34:10Z
@SaYa-b7o,"Kek mna membandingkan dengan pemimpin yg berkuasa 32thun sebelumnya dengan kondisi kepempinan yg baru berjalan 1,8 thun kan kocak,",0,2026-04-07T20:27:14Z
@fozizain6182,"Bencana Aceh, Sumut & Sumbar contoh bagaimana pejabat berwenang gagal berfungsi secara efektif & efisien,malah presiden seenaknya dikibulin",0,2026-04-07T20:26:37Z
@MoniThebali,"Hati hati dgn semua narasumber yg patut di duga Uda dapat kucuran dana dari elit global utk urusan  perut dan memenuhi syawat politiknya lalu nasionalisme tergadaikan..... Hidup pa Prabowo , hidup rakyat Indonesia, hidup TNI POLRI dan kesatuan kekuatan  pertahananan keamanan rakyat semesta Indonesia basmi penghianat bangsa dan kolonialisme imperialisme modern",0,2026-04-07T20:26:23Z
@Ismail-xz5gl,Baru turunkan begini sudah dutuduh makar.Kritik yg lain dibilang antek asing.Patut Prabowo pernah bilang tdk perlu ada oposisi.Mau jadi raja monarki yg absolut. Semoga cepat terjadi revolusi.,0,2026-04-07T20:26:02Z
@AhmadUsamah-w1l,"Pak Mahfud termasuk golongan pembohong kah ? bias omongane pak Pak Mahfudz, gak netral blasss",0,2026-04-07T20:23:38Z
@selamatjatiyanjah7435,Kes pagar buloh???,0,2026-04-07T20:17:52Z
@nomoresilent4625,"effect ""koalisi besar"", seakan (tidak) perlu persetujuan apapun.",0,2026-04-07T20:15:43Z
@tuslims3493,Pro kontra itu biasa dan kritik di negara demokrasi tapi Pak Prabowo itu masih Presiden terbaik,0,2026-04-07T20:14:57Z
@yayangzy9192,Mahfud sepertinya sudah gila  karena kalah pilpres,0,2026-04-07T20:12:44Z
@heribertussuryo5852,"Lha ķan prabowo sudah bilang 14 dr 15 politisi pembohong, dia termasuk yg 14 itu 😂😂😂",0,2026-04-07T20:11:26Z
@ijrihatomini1949,MD kyak nya suda thumats pnjlasan knp jdi sebodoh sekarang ??? Jadi mikir aku,0,2026-04-07T20:07:43Z
@user-dq8bh2du3o,"HANYA MENGINGAT KAN SAJA...... MAHFUD PERNAH NYAPRES, DAN KALAH DARI PASANGAN PRABOWO - GIBRAN ❗‼️🥶🥶",0,2026-04-07T20:07:37Z
@dibalikkeindahannya,Keren,1,2026-04-07T20:07:02Z
@ijrihatomini1949,"93% oposisi bohong. 
Makin banyak ditangkap korutor makin gadu ini indikasi Prabowo memang lagi diserang para pedusta",0,2026-04-07T19:56:32Z
@MedanPanjalu,"Pada mulanya saya suka prof mahfudz, tetapi makin ke sini pernyataannya cenderung mengikuti arus yang berlawanan dengan pemerintah.",0,2026-04-07T19:56:22Z
@mimpianakkampung9234,"Maaf pak mahfud,tlng tunjukan satu aja dampak positif untuk rakyat kecil slama kepemimpinan pak prabowo,",0,2026-04-07T19:54:31Z
@tuakWhiteCoffee,Indonesia darurat riba. Pemerintahan Indonesia tidak lama lagi bakal hancur. Dan bukan lagi suara rakyat tapi tindakan rakyat baka tak terbendung,0,2026-04-07T19:54:29Z
@andulaila9154,Kao.gak.bisa maju ya mundur.,0,2026-04-07T19:53:25Z
@tegarjaya2676,"Pemerintah jln dgn fantasinya sndiri,
Rakyat hidup dgn kenyataan yg jauh dri harapan.

Ooh Negeriku
😖",0,2026-04-07T19:53:17Z
@KayanaAra,Koen iku opo cak..,0,2026-04-07T19:53:16Z
@krisnawijayadaniel,Dipilih satu paket maka dimakzulkan juga harus sepaket jangan presiden dimakzulkan karena tidak mampu bekerja baik digantikan oleh orang yang lebih tidak mampu,0,2026-04-07T19:48:50Z
@RudiSulistiono-n8x,Wah pak de mahfut rwpot,0,2026-04-07T19:44:54Z
@rendybettencourt,"inti dari video ini adalah mahfud mau ajak orang orang untuk merasa biasa saja ketika menurunkan Prabowo dari jabatan presiden. ""itu bukan makar"", ""itu bukan menggulingkan"", ""itu wajar wajar saja"", dan seterusnya. sisa nya cuma bumbu bumbu masak saja.",0,2026-04-07T19:44:06Z
@wagiransaja6988,"Istilah makar itu melawan dan merebut ,menggulingkan pemerintah yg sah dg gerakan menghimpun menuju ke rusuhan .....harus di cegah.....propesor banyak yg keblinher muter muter membenarkan gerakan perlawanan ....dengan  kritik dan diskusi di anggap sama.",0,2026-04-07T19:42:44Z
@cecepyusup1469,"Prabowo garis keras.sehat selalu jendral .kesayangan anak anak miskin,presiden prabowo the best",5,2026-04-07T19:42:01Z
@wagiransaja6988,"Prabowo program MBG ,KOP MERAH PUTIH ,KEPUTUSAN KOMPROMI DG ORANG ORANG DAN LEMBAGA BURUK ,BUSUK DAN BRENGSEK.....TIDAK JELAS ARAHNYA.",0,2026-04-07T19:36:21Z
@renodfitrahendika3379,"presiden nya bebal, mentri nya bahlul, wapres nya... ya gitu lah...
PARADOKS IS REAL LIFE",0,2026-04-07T19:34:56Z
@deldel9960,Ah krn mahfud kalah aj g bilang makar.....,0,2026-04-07T19:31:26Z
@MansyurSuryaman,"mantap ,pak mahpud MD.saya bangga orangnya blak2an apa adanya sht slalu pak",15,2026-04-07T19:28:15Z
@joseppino2965,"Mksdnya pak mahfud ini apa sbnrnya, mksdnya gak ada gerakan yang namanya MAKAR adanya anarki??",0,2026-04-07T19:26:36Z
@gojekjakartadriver308,"...Pak Mahfud, lawan bicara muka'nya mirip seperti Bruce Wilis yg skrg🙄🤔😁😄👍🙏",1,2026-04-07T19:25:26Z
@deadidad9366,"Terima kasih byk atas penjelasan Bpk Prof Mahfud MD, kita menjadi lebih paham konstitusi dan bagaimana bersikap pd kondisi pemerintah dan negera. ❤",0,2026-04-07T19:25:23Z
@machmudkihari5227,"Indonesia silangan mahfud md,  indonesia dimata mahfud md",0,2026-04-07T19:24:18Z
@andiaziz398,"Hahahaha,... kwkwkw,... saat pak mahfud menjabat menteri kejanya apa,... hanya bisa mulut nyinyiran,...",0,2026-04-07T19:23:38Z
@Seputarfaktareal,jika suara mereka aja g di dengar sama presiden bagaimana dengan suara sumbang individu masyarakat. BEM seluruh Indonesia juga g ada suara lantang dari kampus kampus. kampus di bungkam dan g mampu bersuara,0,2026-04-07T19:23:17Z
@Imron-t8w,"Asalamualaikum pak, kw nga bisa ngurus negara Indonesia tercinta ini, kw bisa Indonesia di bagi jadi 4 negara biar rayat bisa menikmati hasil perjuangan nenek moyang kami",0,2026-04-07T19:16:00Z
@santri_nazlif,Pak subiyanto harus menasehati pak prabowo,1,2026-04-07T19:15:13Z
@genzy-Indonesia,"Membuat negara menjadi baik itu bukan prestasi presiden. tetapi kewajiban dan tugas presiden. jika kita diminta untuk memuji, ya jangan jadi presiden. Masalahnya negara ini tidak memiliki rencana kerja yang matang. Dipimpin grudak gruduk sesuai yg dipikirkan. Bagaimana mau bilang jika pemerintah sekarang baik?",0,2026-04-07T19:14:31Z
@holissantri4098,"Prof, Tolong suarakan terus untuk melakukan audit program prioritas pemerintah. Seperti MBG, KDMP dll. Karena program ini sangat banyak dikeluhkan rakyat, namun sulit di dengarkan oleh pemerintah",0,2026-04-07T19:13:46Z
@waknoy6625,Siapa menabur angin akan menuai badai tertulis dalam alkitab Hosea 8:7,0,2026-04-07T19:13:36Z
@Siken1403Anas,"Lahan kelompok tani masyarakat desa Pulau Kabal kecamatan Indralaya Utara, kab Ogan Ilir, Sumatra Selatan dengan luasan -+1000 hektar, dijual belikan oleh mafia tanah dan sekarang dikuasai oleh perusahaan ilegal.
Sementara masyarakat kehilangan hak nya dan tidak ada ganti ruginya!.
Mohon kepada Bapak Mahfud MD untuk memberikan perhatian atas kasus ini.
Terimakasih 🙏.",1,2026-04-07T19:12:39Z
@achmadfauzi9481,"Pak Mahfud sy respect kepada anda,tapi ini sekedar saran untuk anda,kalau ada keputusan/kebijakan2 pemerintah yg dipimpin Pak Prabowo ada yg keliru/salah arah sebaiknya bapak Mahfud bertemu dgn beliau. Sy ingat beberapa waktu yg Lalu di podcast ini juga,kalau ga salah setelah pak Prabowo menang di pilpres bapak bilang bahwa secara hubungan dgn beliau pak Mahfud dekat,Krn pernah di satu atap pada waktu pemerintahan pak Jokowi. Kalau bapak koment disini ato medsos jadi tambah gaduh jadinya pak. Krn saat ini kondisi negeri sedang terpecah antara yg pro & kontra.Maaf kalau sy salah berpandangan.",0,2026-04-07T19:11:53Z
@JooxQ,"Prabowo pasti diturunkan paksa,itu pasti terjadi,sekarang siapkan penggantinya yg cerdas,pemberani dan bisa menjadi imam sholat (tahu agama)",0,2026-04-07T19:09:06Z
@TerongPeot-q7q,Uu subversi dan makar apa bedanya pak..?,0,2026-04-07T19:08:53Z
@pamujiaja-y3n3z,Apakah Saiful Mujani orang yg beradab,0,2026-04-07T19:05:17Z
@Arivadir,MANTAP... SAKLEK KEREEN PROF,0,2026-04-07T19:04:40Z
@quuensyafira1951,Bpk wakil 16%,0,2026-04-07T19:04:13Z
@Pratikno-x4n,"Sayangnya masyarakat Indonesia, khususnya yg berduit, pd gengsi, hrs pakai mobil impor  eropa.
Biar kelihatan WAHHH..
jg mobil buatan Indonesia sendiri TDK laku dan bangkrut, rakyat nya yg TDK kurang menyadari",0,2026-04-07T19:03:53Z
@HajahSopian,Mahfud lupa saat dia jd menkopolkam saat menghadapi kritikan oposisi saat itu 😂,0,2026-04-07T19:02:38Z
@frigsanprayogasaragih1141,"Harusnya Beliau Yg Menjadi Presiden RI.
Bukan Presiden Omon Omon...😅😅",0,2026-04-07T19:01:03Z
@Arifin55-ke5fx,"Wajib demi keselamatan negara kedepannya ,",0,2026-04-07T19:00:55Z
@fuadhasan5589,Uu perampasan aset mana,0,2026-04-07T19:00:07Z
@corneliaoen244,Wisma kacau bener. Negara kita,0,2026-04-07T18:59:33Z
@GMAHKBukitTorsinaSamarinda,"DPR itu org Prabowo semua, fungsi pengawasannya tdk jalan. 

Indonesia dintangan Prabowo bisa ancooor",0,2026-04-07T18:58:02Z
@sharjono_chalon,"sangat jelas sekali bahwa pemerintahan prabowo ini hanyalah perpanjangan rezim yg lalu tanpa ada perubahan dan perbaikan, semua janjinya hanya omong kosong hanya berkoar koar dipodium tapi faktanya praktek nya hanya untuk kepentingan kelompok nya saja,  sagat jelas sekali dengan dipertahankanya pejabat pejabat penting warisan korup warisan masa lalu...",0,2026-04-07T18:57:08Z
@daimimam2682,Para pejabat hanya memikirkan mereka dan golongan sendiri boro boro mikirin rakyat kalau ngomong banyak bohongnya,0,2026-04-07T18:56:57Z
@Userx-b6u89sml,"Indonesia dipimpin clepto, ( termasuk aku ini "" wowwo"" )
😂😂😂😂😂",0,2026-04-07T18:55:46Z
@radensahid2841,"Prabowo sepertinya sudah pikun, sementara hampir semua pembantunya sudah disetel dari solo, klo gak segera dihentikan negara ini bakal rusuh",0,2026-04-07T18:55:36Z
@MagnumFilter-h1j,Lagian pede amat yah .. menang dimenangkan aplikasi perubah angka saja bisa pede seperti itu .. gak malu emang !,0,2026-04-07T18:53:18Z
@saveyourunitlink5634,"Analisis Prof. Mahfud sebenarnya menarik, namun menyebut ajakan menjatuhkan pemerintah di luar jalur formal sebagai kritik biasa berisiko mereduksi makna makar dan mengabaikan delik penghasutan dalam Pasal 246 KUHP Baru. Penggunaan teori Hans Kelsen juga terasa kurang tepat karena teori tersebut bersifat deskriptif untuk menjelaskan validitas hukum pasca-revolusi, bukan alat preskriptif untuk menjustifikasi tindakan inkonstitusional saat ini. Selain itu, mengambinghitamkan penurunan Indeks Persepsi Korupsi hanya pada 18 bulan pertama pemerintahan Prabowo terasa bias, mengingat itu adalah masalah struktural warisan rezim sebelumnya di mana Prof. Mahfud sendiri menjabat sebagai Menko Polhukam. Kritik memang vitamin bagi demokrasi, tapi ajakan mengabaikan konstitusi justru berpotensi merusak tatanan negara hukum kita.",0,2026-04-07T18:50:12Z
@njremci2,KALAU 14 DARI 15 POLITISI BOHONG MAKA SISTEM DI EGERI ADA YAAG SALAH,0,2026-04-07T18:49:53Z
@Nizarudin-f6y,Otaknya pejabat konoha itu isinya kekuasaan dan uang...nenumpuk uang haram dan mencicil tiket NERAKA...,0,2026-04-07T18:49:52Z
@lecksoanam8117,"Prabowo itu ambisi doang jadi presiden. Padahal mah ga tau apa2 jadi presiden, salah ny pa jokowi mau d rayu prabowo",0,2026-04-07T18:48:22Z
@NendiHardiantosos,Nyalon deui fut,1,2026-04-07T18:48:08Z
@thethoythoy,"Semoga pak Prabowo, dengerin dan lihat podcast ini.",0,2026-04-07T18:47:37Z
@AcengSulaeman-k3m,Boleh kritik tpi liat konsitusi nkri skarang bantu pemerintah Bp prabowo yg akan perbaiki nkri semua pro pesor harus bantu jangan jd propokator gt,0,2026-04-07T18:46:34Z
@TaslimLim-s5s5g,Di kasih jabatan orang ini langsung ngejilat,0,2026-04-07T18:45:54Z
@babankmesak,"Capres selanjutny pak
Jgn jadi waKil",0,2026-04-07T18:45:26Z
@ariesusatiyo7677,Pak Mahfud sebaiknya tatar si Hasan nasbi ...,0,2026-04-07T18:44:56Z
@agusslamet6839,"Berharap dan berdoa 
agar Prof Mahfud MD  menjadi Presiden RI dengan integritasnya, keilmuannya kejujurannya, keberaniannya dan kami yakin Indonesia akan kembali menjadi bangsa yang beradab, bermartabat juga sejahtera....",14,2026-04-07T18:44:53Z
@Nashoihulibad-v4n,Semoga pak prabowo mendengar dan melihat podcas ini❤,0,2026-04-07T18:43:23Z
@anurmasruri5882,"Betol PK mahfud kejar korupsi sampai ke ujung dunia , tapi baru sampai solo sudah putar balik",0,2026-04-07T18:42:44Z
@Hendri_Machinery,BARISAN PARA SAKIT HATI😅😅,0,2026-04-07T18:42:18Z
@fitrifatmawati5066,"Di indonesia jangan jadi presiden jujur ,resiko nya ya di gulingkan.",0,2026-04-07T18:39:20Z
@EduartTheedens,"Intinya adalah ada rakyat baru ada pemimpin, sehingga apa yg rakyat ingin sampaikan maka pemimpin harus melihat, mendengar dan menerima jika yg disampaikan oleh rakyat itu benar, demi untuk membangun negara ini bisa berkembang lbh baik kedepannya... ✍️🙏",3,2026-04-07T18:38:15Z
@RestuMutya,Penguasa tdk mendengar rakyatnya padahal presiden wakil akyat gemana tuch? Kritik d bungkam,0,2026-04-07T18:37:32Z
@fitrifatmawati5066,"Prabowo di gulingkan..terus gibran gitu yang naik😂😂😂 ngomong aja gak nyambung, apa lagi jadi president..",0,2026-04-07T18:36:28Z
@mahiruddinsinaga9714,Impeachment bukan MAKAR. Rakyat berhak mengganti Pemimpin Negara yg tak bisa memimpin Negara,0,2026-04-07T18:36:16Z
@AzmiBks-pv5of,Wowo itu udah pikun ..omong nya asal asalan aja..hari ini dia bilang A..besok dia bilang B..tapi itu lh presiden yg di ingin rakyat konoha😂,0,2026-04-07T18:36:04Z
@kurniawan-zt7qe,"Bicara KPK, ingat siapa yg menyetujui revisi UU KPK. 
Kata pak Mahfud zaman Firly bahuri bagus, eh sedang bagus2nya, Firly buat aturan TWK.  Novel Baswedan disiram air keras sampai skrng gelap 😂",0,2026-04-07T18:35:55Z
@AhmadKhan-p7z6b,Tes tes tes tes tes tes tes tes tes tes tes,0,2026-04-07T18:35:15Z
@JuandaJuanda-b9i,Bermacam macam wujud dan sifat presiden di negara ini.tapi satu pun kagak ada yg membuat seluruh rakyat nya sejahtera.hanya memperkaya diri sendiri dan membodohi rakyat nya.rakyat jd babu dan di jajah di negara sendiri.,0,2026-04-07T18:34:29Z
@Anaklangit-s1e,"Dlu berharap sama prabowo bisa membenahi negara ini, harapan dan semangat untuk menjdi negara maju menggebu gebu, sosok yg ditunggu tunggu. Ketika sudh menjabat jd presiden kq seperti ini, kq omon-omon, kq lemah, kq tidak jelas kebijakan dan arah pembangunan. Jadi makin muak. Mulai detik ini saya sudah tidak percaya lgi sma prabowo. Justru makin rusak negara ini terima kasi kpda prof mahmdu yg sllu mencerahkan, seharusnya anda yg cocok menjadi presiden indonesia. Amiiiin",0,2026-04-07T18:33:58Z
@fitrifatmawati5066,Presiden sebelum nya membuat kerusakan selama 10 tahun gile,0,2026-04-07T18:33:18Z
@fauzimusarowanza8687,"Seperti nya menggebu-gebu sekala podcast episode ini prof, ada apa?",0,2026-04-07T18:31:35Z
@kangyusuf7988,Semangat banget pak mahfud roastingnya,0,2026-04-07T18:30:49Z
@AchmadSyafiie-m3w,"YANG TERPENTING YANG MAU KRITIK BUKAN KARENA SAKIT HATI ATAS TIDAK KEBAGIAN KEDUDUKAN,TIDAK PUAS ATAS NAFSU PRIBADI DAN TIDAK MERASA DI ANGGAP DALAM PEMERINTAHAN INDONESIA 😍",0,2026-04-07T18:30:11Z
@wawandarmawan5969,Uu perampasan aset coruptor menguntungkan rakyat Indonesia kenapa DPR begitu santai 😂😂😂 rakyat dan mahasiswa menunggu di sahkan dengan sekeras2ny maling2 aset dan uang negara,0,2026-04-07T18:28:20Z
@sadhamalgufron7784,"Cari Data dulu Prof kalo buat podcast.
1. MBG sdh dibuat Pengawas
2. KDMP konsep nya sudah jelas
3. Demokrasi ,byk juga mahasiswa yg kritik
4. Dan masih byk kebijakan dan program yg Pro Rakyat
5. Lapangan kerja tercipta dr MBG, jembatan Merah putih ,sekolah rakyat.

Pemerintahan ini baru berjalan 18bln, obyektif lah kalo membandingkan dgn pemerintahan yg sudah TAMAT",1,2026-04-07T18:27:39Z
@bayunuartas,Wkwkwkw...dulu masuk rezim diem aja...ngoceh gara2 g di kasih posisi,0,2026-04-07T18:26:10Z
@MuhammadAwi-x3i,Semua orang pintar KLO cuma bicara mahfud,0,2026-04-07T18:25:57Z
@ZoelJaya,"SISTEM PEMERINTAHAN INDONESIA WAJIB DI GANTI....SDH TERLALU RUSAK
DGN BYK PEJABAT MENTAL PENJAJAH, 
PEJABAT MENTAL PERAMPOK 
PEJABAT MENTAL PENIPU 
PEJABAT MENTAL MALING...😂😂😂😂😂😂

INDONESIA WAJIB BELAJAR KE IRAN DLM SISTEM BERNEGARA 😂😂😂😂😂
BIAR MAJU DAN BERDAULAT. .

JGAN GANTI PRESIDEN, 
GANTI SISTEMX ......😂😂😂😂😂",0,2026-04-07T18:25:48Z
@SudarManzyah,Iran di bumi hanguskan di embargo Indonesia juga musuh zionis akan di hapus dari peta dunia zionis udah turunkan dana 1000 triliun untuk hancurkan indonesia lewat orang dalam oposisi semua pemegang partai yang kalah pemilu,0,2026-04-07T18:25:20Z
@Sriyadi-e6g,"Mahfu fd ini kok kyk anak kcil.
Mau jadi bagian reformasi polri tapi kritik prabowo juga.
😅😅😅😅",0,2026-04-07T18:25:02Z
@MuhammadAwi-x3i,"Si Mahpud ini dkit hati, kmu waktu jadi mntri apa yg kmu lakukakan",0,2026-04-07T18:24:46Z
@syaifuloktaviantoh.musa-go1039,Prof tercerdas di Indonesia,0,2026-04-07T18:24:43Z
@mikerajolangit552,"Pak Mahfud tidak ada Demokrasi"" di negara cripto Negara yg di kuasai Kapitalis dan oligarki, Demokrasi adalah Hayalan belaka.(ilusi)
Pertanyaan sy ""Klo boleh Jujur, sy mau Pak mahfud jujur, Apa bs negara kita di perbaiki, klo tidak di Restart ke Stelan Pabrik.
klo sy Pribdi No.
di Negara ini semua Intitusi/Dept Korup.(Mikirin kantong sendiri).
tidak ada yg iklas untuk Negara ini, siapapun.
klo ingin negara ini baik  di mulai dr awal.
adab (moral)  di bangun dr dini, TK-SMP,
bukan di bebani dg tugas2 sekolah, berlomba2 siapa yg hebat, siapa yg terbaik siapa rangking 1,2 dan 3. itulah yg terjadi di Indonesia. dr dini sudah di tanamkan hubud dunia, bukan di ajarkan kbersamaan, saling membantu, menyayangi dan iklas dlm berbuat.
sejak dini itu adalah Pembentukan mental yg stabil, konsisten serta terarah, yg akan di capai dlm kehidupan berakyat yg bermartabat dan mandiri, tanpa tekanan ASING.(Elit Global).",0,2026-04-07T18:24:16Z
@SudarManzyah,KLO cuma MBG yang jadi masalah kan bisa di bicarakan lewat sidang MPR bisa di hentikan KLO makar ini politik luar negeri ganti rezim kayak Iran kita akan di buat lebih sengsara karena semua ekonomi hancur,0,2026-04-07T18:22:55Z
@user-Alin557,"kecewa dengan sikap presiden Prabowo yang tidak berbuat apa-apa, tidak berani mengecam keras Israel atas gugur nya tiga prajurit TNI di Lebanon karena presiden Prabowo pro Amerika Serikat dan Israel di bop.",0,2026-04-07T18:22:32Z
@hadimsaeful0hadimsaeful0,Pak Mahfud apa kabarnya reformasi polri?,0,2026-04-07T18:21:43Z
@teguhwijayakusuma3047,Setuju pak Mahfud👍,0,2026-04-07T18:20:32Z
@SudarManzyah,Hati hati jos Soros ada di mana mana mau susun makar Mereka di bayar zionis agar kita kacau seperti 1998 dolar akan di naikan rakyat di suruh demo dan aset di jarah asing karena kita di anggap musuh as dan sekutunya hati hati demo makar semua uang zionis agar Indonesia kios dan hancur lagi,0,2026-04-07T18:20:12Z
@Kabejan-oi88_,"Pak mahfud selalu menghormati pak prabowo, begitu juga sebaliknya...",0,2026-04-07T18:19:57Z
@TriMahadi-d2g,"REZIM PELANGGAR UUD45, PEMBANGKANG KONSTITUSI  ADALAH MAKAR KONSTITUSI.  MIKIIIIR",0,2026-04-07T18:19:46Z
@AgusTriwijaya-w8n,Ya ada  kruptor koar koar untuk menjatuhkan presiden,0,2026-04-07T18:19:10Z
@IkaAlfarabi,"Waduh pak lebih baik diganti saja , pusing aku melihat presiden seperti itu kyk nya dia sdh pikun",0,2026-04-07T18:19:09Z
@freetalk7772,"Dari cerita tentang buku yg di tulis oleh prabowo itu dapat di tarik kesimpulan bahwa ketika berada di luar pemerintahan dan kekuasaan seseorang akan jeli dalam melihat. Tetapi ketika memegang kekuasaan lalu merasa di atas angin maka penglihatannya akan makin buram. 
Bisa jadi karna kenyamanan membutakannya atau bisa jadi dia mulai merasa ragu dan gugup sehingga mencari saran tapi sayang seribu sayang saran yg di terima ternyata dari orang yg salah atau dari orang yg memanfaatkannya dan membutakannya",0,2026-04-07T18:16:52Z
@Intelbnn,udh WOWOK mundur.,0,2026-04-07T18:14:26Z
@mattaev,"Sebenarnya secara simple kalau dalam kacamata politik: Prabowo digulingkan, dan kecil kemungkinan gibran akan diizinkan menjadi pengganti oleh pihak yg menggulingkan, maka kepresidenan akan dipimpin oleh triumvirat(menlu, mendagri, & menhan) untuk sementara waktu dalam masa transisi, hingga MPR memilih calon presiden baru dari dua calon presiden dgn perolehan suara terbanyak sebelumnya. Intinya sah² saja pihak istana atau pendukung presiden menganggap ini strategi dari kubu yg kalah untuk mendapatkan tampuk kekuasaan, alangkah baiknya membiarkan pemerintahan saat ini menuntaskan pemerintahannya selama tdk melanggar UUD45, karena sdh memenangkan kontestasi pemilu kemarin. Dan pihak aktivis bila tidak setuju, maka harus menuntut secara konstitusional apabila merasa presiden melanggar UUD45",1,2026-04-07T18:13:50Z
@wahyuseptika462,👍,0,2026-04-07T18:13:33Z
@AgusTriwijaya-w8n,Doa kan presiden sehat gaes,6,2026-04-07T18:13:28Z
@Suherman-s9j,Yg makar itu pemerintah kepada bangsa indonesia,0,2026-04-07T18:12:28Z
@controlversikidsgame4992,"Pak Mahfud, berobat pak...anda sakit",0,2026-04-07T18:12:20Z
@MarrrMarrr-r5u,Pak mafut sebenarnya orang baik kalau gak di stir mega chan penjual pulau🙏🏼,0,2026-04-07T18:11:15Z
@sunilram3968,Makar itu membela Israel,0,2026-04-07T18:10:43Z
@AgusTriwijaya-w8n,Saaya jaga presiden doa,1,2026-04-07T18:09:19Z
@Arul11-i8r,"Bgaimna mau baik, jika 17 menteri plus Wamen, direktur, komisaris TITIPAN JKW tidak Jujur, ..",1,2026-04-07T18:06:39Z
@pursuparno488,"PK Mahfud mmg 👍🏽.  Tp sangat sayang , knp PK Mahfud bisa terjegal waktu pemilu? Mmg rakyat SDH paham,  pemilu yg baru itu sangat TDK ada kejujuran. Tp mengapa PK Mahfud tdk menuntut?",0,2026-04-07T18:06:09Z
@arthurhutauruk5355,"Membingungkan juga inti dari  pembicaraan pak Mahfud .menggulingkan presiden apakah itu adap .pak Mahfud ,adap dan ketidak berhadapan .membingungkan juga .nyasar kemana mana sebenar nya apa yang di bahas pak .🤦🤦🤦🤦",0,2026-04-07T18:06:00Z
@budisapto9501,"Demokrasi bebas berbicara.
Ada yang
Berbicara bebas berlindung di bawah Demokrasi.
Sampai fitnah mengolok secara personal di kata demokratis
Ternyata demokrasi hanya menghalalkan segala cara.
Terbukti korupsi tetap saja kuat di bawah demokrasi.
Hak rakyat kecil di narasi tidak mendidik.
Yang makan hak rakyat dan negara bebas kesana kemari negara seolah yang melindungi...........😅😂😅😂😅😂",1,2026-04-07T18:05:57Z
@SyamSudin-c2b,"Pak mahfud cerdas tp tendensius, sebagai contoh bicara pemberantasan korupsi KPK jaman jokowi periode pertama bisa nangkap 4pejabat jaman prabowo baru 1 kok gak jelaskan perubahan pelemahan UU KPK dijaman pak mahfud waktu jd mentri, dijaman prabowo. Mentri yg ditangkap 1 Noel 
2  Reza kalid DPO (anaknya sudah dipenjara) 
3 walikota madiun
4 bupati pekalongan
5 bupati bengkulu dan masih banyak lainya. 
Selama masih berjiwa politikus pasti tendensius. Kenapa kok tdk ngomongin suami puan maharani yg terindikasi korupsi timah kok tdk berani bahas menantu jokowi yg terindikasi korupsi. Indonesia lebih akan jadi lbh bersih dari korupsi jika pak mahfud md. Melaporkan semua pejabat yg korupsi ke penegak hukum. Mungkin rakyat Indonesia lebih menghargai prof Mahfud",0,2026-04-07T18:05:50Z
@RamaGaming-04H,"Prabowo udah lansia jadi pikun percuma di protes n di kash tau ga akan dia  menderngarkan n membuka hati untuk mayoritas suara rakyat d seluruh negeri hanya suara 58℅ aja, tu pun yg mash waras sadar aja pasti juga nyesel. Pantesnya di buat sprti 98 aja biar di sadar",1,2026-04-07T18:05:00Z
@freetalk7772,"Yang mengatakan kritikan terhadap Prabowo pada reuni itu sebagai makar adalah mereka2 yg sedang takut jika kritikan itu di dengar, di cermati dan di tindak oleh Prabowo. Banyak parasit dan lintah darat yg berada di lingkaran Prabowo. 

1. Prabowo secara tidak langsung melanggar undang -  undang dengan menjadikan Teddy sebagai seskab, karena jabatan militer masih melekat padanya. Sesuai undang2 seorang militer wajib pensiun/mengundurkan diri dari kemiliteran jika memiliki jabatan dalam pemerintahan, jika tidak maka sebaiknya dia di ganti. Jangan salahkan opini rakyat yg menganggap jika kejadian penyiraman air keras pada aktivis Andry Yunus ada kaitannya.
 
2. Demokrasi kita menjadi luntur ketika mayoritas partai pada parlemen mendapat jabatan/kedudukan pada pemerintahan. Fungsi kontrol (chek and balance) dari DPR gugur dan rusak dengan sendirinya ketika semua partai yg ada di ajak, terlibat dan mendapat jabatan atau kedudukan dalam pemerintahan, inilah awal rusaknya demokrasi.

3. Pada kasus Nadiem, beliau adalah kambing hitam sekaligus kelinci percobaan agar setelah masa pemerintahan ini berakhir, jika ada kasus2 korupsi atau kasus besar yg melibatkan Mentri maka yg di salahkan adalah presiden (dengan alasan jika ada kesalahan bawahan maka pimpinannyalah yg harus bertanggung jawab. Jika demikian maka Mentri2 itu akan otomatis di jaga demi nama baik presiden)

4. Pengadaan mobil untuk koperasi merah putih secara terang - terangan adalah kasus korupsi yg memanfaatkan sistem dan jabatan. Sangat jelas bahwa pengadaan mobil itu adalah aksi balas budi terhadap tim sukses dalam pemenangan pemilu.",0,2026-04-07T18:00:30Z
@andreardi1880,bohong dia jangan percaya,0,2026-04-07T18:00:10Z
@rejekirosokjepara1738,Yg merusak indonesia itu KORUPSI,0,2026-04-07T17:59:57Z
@Boedijanto-o2m,Pretttttttttt,0,2026-04-07T17:58:53Z
@benibeni6561,Mahfud dah jadi kompor juga termyata mahfud jugaprofokator  yg mulut juga kotor,0,2026-04-07T17:58:32Z
@amenttohari9224,"Presiden sekarang memang PONGAH & Kepala BATU, rakyat sdh muak dan mual dgn prilaku se enak udelnya sendiri",0,2026-04-07T17:58:00Z
@ediedoy8732,Percuma pak kalo masih di bawah bayang bayang jokowi ga bisa berbuat apa apa..apalagi skrg di kelilingin banyak penjilat yg dulu benci prabowo skrg berlomba-lomba mejilat dan miris nya prabowo menikmatinya...😢.,0,2026-04-07T17:56:39Z
@MakinAhli,"sangat mencerdaskan... dikit dikit dibilang makar... saking takutnya lengser... mungkin hanya terlihat omon omon. mungkin juga mata, telinga, serta hatinya tertutup rasa angkuh. ayo sadarkan prabowo. jangan sampai orang kejalan teriak NO KING NO WOWO",0,2026-04-07T17:56:29Z
@zoolife313,"Dalam hukum Islam, juga ada istilah dzis Syaukah, yang menggulingkan pemerintah yang sah.",0,2026-04-07T17:56:08Z
@agungdar5335,"Kalau prabowo sadar, akar kekecewaan masyarakat kpda pmerintah adalah MBG",0,2026-04-07T17:55:47Z
@ciptadicecep3119,"Prabowo menggebu gebu ingin jadi presiden, setelah benar benar menjadi presiden  eee ternyata  tidak tidak tahu cara memimpin negara, malah semakin kacau",0,2026-04-07T17:55:18Z
@nurjannahsapuanahmad2437,"Tong kosong nyaring bunyinya itulah yg dapat saya simpulkan tentang isi buku praboowo,, karna buku tersebut dia tujukan untuk mengkritik pk jokowi ,lantas sekarang dia sudah menjabat, apa yg dapat dia lakukan selama 18 bln dari masa jabatannya,,mau mengajak perang lagi? Sekarang dia ada diposisi pk jokowi dulu ,,sudah taukan bagaimana rasanya ada diposisi sekarang,, the Best buat pk mahfud md❤",0,2026-04-07T17:55:18Z
@adebimatara9481,Hancur banyak melanggar uud kesejahteraan rakyat 19jt lapangan kerja nipu gini amat ya,0,2026-04-07T17:54:53Z
@DaryaBinwgen,Ko bnyk bunyi bikin gk nyaman,0,2026-04-07T17:54:35Z
@AlfinSeptyanto,PRABOWO & GIBRAN GAK MUTU. . . . 👹👹👹,0,2026-04-07T17:54:04Z
@Boedijanto-o2m,Penipu kebenaran mengelak😅😅😅😅,0,2026-04-07T17:53:03Z
@arikkeceng1502,"Sudah paling benar.. 
Wowo cukup 2 th. Kurang
Pemerintahnya amburadul",1,2026-04-07T17:52:34Z
@fikrifarouki5381,Hehehehe ngopi bareng sama pak Prabowo dong pak mahpud,0,2026-04-07T17:52:12Z
@Boedijanto-o2m,Pak mahfud kamu omon2 di tertawakan masyarakat menjunjung memuja2 jokowi😅😅😅😅😅😅😅😮😮,0,2026-04-07T17:51:17Z
@prabujos,"10  Orang Mahfudz MD,  undonesia bisa joosjis",0,2026-04-07T17:50:42Z
@Bewok12-r3l,Di putar putarmud jangan Jangan ikut juga,0,2026-04-07T17:50:11Z
@kitaksuke3146,"Klo Prabowo langser yg ganti paling Puan atau Bahlil (Partai Besar), Partai kecil bisa usung Capres ? ya bisa dong, yg penting siapapun Capresnya punya duit besar dan harus kolaborasi dg Oligarkhi yg punya cuan. Klo gitu berarti penggantinya akan dibawah ketiak oligarkhi dong? pastilah, setelah itu penggantinya bisa mulus 1 periode, ya kagak dong, kan Gerindra gak akan rela Prabowo digulingkan dan pasti akan galang kekuatan dan gulingkan lagi. Klo gitu hancur dong Negara? lha iyalah😅😅😅",0,2026-04-07T17:50:09Z
@Boedijanto-o2m,Pagar laut di mulai dr jaman sampean pak jng mengelak,0,2026-04-07T17:48:00Z
@shidurip6452,MEI adalah bulan yang sangat BERSEJARAH,0,2026-04-07T17:46:07Z
@Cinta-e7k3t,Sejauh ini ...kepemimpinan p.prabowo cuma Omon omon kosong... cuma pecundang..,0,2026-04-07T17:45:05Z
@FirdausSyair,Mput Hanya Banyak Bacotnya.. Dia di dalam pemerintah juga tdk Bisa merubah Indonesia lebih Baik juga dari sekarang..,0,2026-04-07T17:44:56Z
@York-o1w,Maung dari HK!!! Liat tuh di LN pake nya apa.. MAYBACH!!! Merc S500 aja kurang bagi president negara terkaya di dunia,0,2026-04-07T17:44:35Z
@julinsansinaga8689,Ini bisa terjadi seperti tahun 1998,2,2026-04-07T17:44:23Z
@ujangMunggah-m1u4r,Semoga ikut Bertanding Lagi Pak Mahmud.  Kamu Dukung.,1,2026-04-07T17:43:53Z
@setyoawy8375,Office boy kita,0,2026-04-07T17:43:39Z
@Indra52-k3v,Pemimpin keras kepala pelihara ego besar pujian santapan lezat baginya,0,2026-04-07T17:43:32Z
@UungRumli,Sama dengan gurunya sen kanan belik kiri.,0,2026-04-07T17:43:12Z
@JimmySuparno-q7b,"Ketua DPR nya siapa dong.. mengapa hanya diam, sementara UU perampasan aset jg Diam.. kalau mau protes ayo protes ke DPR mengapa mereka diam ngakunya wakil Rakyat.. kalau GK guna mending bubar saja..",0,2026-04-07T17:43:03Z
@HasanBasri-h8y2x,Prabowo mengikuti gaya jokiwi ya nambah hancur....,0,2026-04-07T17:42:58Z
@julinsansinaga8689,"Mobil dan motor di import dari luar untuk MBG padahal di dalam negeri banyak pabrik mobil dan pabrik motor, kata si wowo efisiensi nyatanya pemborosan",1,2026-04-07T17:42:19Z
@ujangMunggah-m1u4r,Yaah. Mudah2an pak Mahmud. Legowo dengan kekalahan kemaren. Jangan jadi  Kadrun Barisan Sakit Hati. ( BHS ).,2,2026-04-07T17:42:10Z
@denikris99,"Sayangnya,anak kampus yang banyak bicara,rata rata orang munafik. Kita sudah liat banyak contohnya.",0,2026-04-07T17:41:46Z
@julinsansinaga8689,"MBG jadi ladang korupsi bagi antek anteknya, negara ini sudah semakin kacau",1,2026-04-07T17:39:40Z
@Silvia.5227,Kubu sakit hati,0,2026-04-07T17:39:16Z
@AbahDiran-q4w,Prabowo dikritik gak mau yaudah tabiatnya Krn sedari kecil udah jadi anak orang kaya yg arogan,0,2026-04-07T17:39:12Z
@Adiyatmawan07,"IJIN BERTANYA,,,
KAPAN PENJAJAHAN BUAT AGAMA KERISTEN SELESAI DI INDONESIA?
KENAPA TDK DI TINDANG TEGAS BAGI ORG IYA TUTUP GEREJA DEGAN PAKSA?
Kenapa ORG BERDOA
BERIBADAH DI RUMAH SDRI arus di usir?
KENAPA KERISTEN BERIBADAH ARUS PUNYA/MEMILIKI SURAT IJIN?
KENAPA URUS SURAT IJIN BAGUN GEREJA LAMA SELESAI,?
Apakah indonesia ini punya 1Agama aja?
Apakah indonesia ini punya 6 agama?
Maff saya Bertanya,,",0,2026-04-07T17:38:51Z
@julinsansinaga8689,MBG itu perintah prabowo,1,2026-04-07T17:38:14Z
@dingindingin-x3t,makar itu. menurut saya. tolong hormati pendapat gua,0,2026-04-07T17:37:20Z
@NorIsmail-z5f,''Kalau rakyat Indonesia ramai yang tidak mahu Prabowo maka yang sebaiknya turunlah wahai pak Prabowo dengan cara terhormat..ini bagi mengelakkan pergaduhan yang lebih besar dan mematikan dari rakyat untuk mengusir Prabowo..akhirnya siapa yang  sudah malu dan rugi??? Pikir pikir kan lah wahai Prabowo yang masih dihormati..sebelum terlambat...InsyaALLAH...,0,2026-04-07T17:37:10Z
@Cinta-e7k3t,"Presiden semestinya punya seorang penasehat seperti pak Mahfud MD..cerdas,lugas,tangkas..  yg mampu menjawab setiap kritikan... Harus peka terhadap isu yg berkembang .. tapi sayang orang orang di pemerintahan siomon omon semua manusia dungu...",16,2026-04-07T17:37:07Z
@suyotoart9331,"jokowi yg sipil tdk tersentuh hukum, apa lagi prabowo yg tentara, daya rusak nya lebih dasyat dari jokowi yg sipil,",0,2026-04-07T17:36:27Z
@RizalHidayat-e7n,Halal bihalal apaan tuh bikin statement begitu,0,2026-04-07T17:36:20Z
@hadimargono3339,"Lugas, cerdas, luas, Pak Mahmud MD. Top Markotop 👍👍",0,2026-04-07T17:35:32Z
@AsepindraLasmana,Perpmahpud orang yg kalah kan,0,2026-04-07T17:35:27Z
@mandaloriaan,"barisan sakit hati kalah pemilu ya gitu, anti demokrasi. kalo mau menjatuhkan prabowo ya tunggu 2029😂",0,2026-04-07T17:35:10Z
@kuahrawon-i0s,"Dikritisi keras di bilang MAKAR. Itu tandanya pemerintahan dan pejabatnya yg GILA JABATAN atau otaknya GESER.

Go impeachment PRABOWO-GIBRAN please !!!",1,2026-04-07T17:35:08Z
@vicetv46,"2030 ,milih presiden bersih aja sudah yang bebas masalah international Dan dalam national misal pak mahfud ,anis , amran ,jusuf kala yang secara kompetensi kelasnya sudah national ,maaf saya tidak memasukan Kdm atau sherly karena ini jam terbang belum teruji secara national Dan international sangat mudah di tekan karena munculnya terlalu mudah Dan terlalu banyak drama ,mereka tetap baik tapi kita cukup cari yang terbaik. Tolong jangan saling judge karena yanng saya sebutkan semua orang baik Dan ya semua punya kemampuannya di bidang masing-masing.",1,2026-04-07T17:34:20Z
@borntodieee2,pemerintahan prabowo tidak lebih baik malah tambah susah,0,2026-04-07T17:33:45Z
@wahyonodamanhuri,"Benar dan setuju sekali dg apa yg dikatakan pak Mahfud, bahwa Di dlm negara demokrasi bila ada Pemimpin yg tidak mau dikritik oleh rakyatnya adalah  otoriter (NO KING).
Bahwa sekarang apa yg dikatakan pak Wowo pada prakteknya tidak sesuai itulah sekarang yg terjadi...sangat memprihatinkan selalu sign kanan belok kiri juga (Munafik) dan mengecewakan rakyat.",10,2026-04-07T17:29:27Z
@sobrijamami5290,"Menurut sy saat ini Indonesia di bawah pemerintahan Prabowo semakin carut marut seperti negara tanpa arah,, amburadul, koruptor dan penjahat seolah dpt karpet merah,, premannisme merajalela, terkait kasus"" yg menyangkut anggota polisi dan TNI pun serba tdk jelas,terbaru baru terkuak lagi terkait persidangan kasus penganiayaan terhadap sopir artis oleh anggota pengadilan nya malah sepi gelap tanpa ada kegiatan,,, maaf prof terkait teroris atau teror bom yg menurut prof aman,, itu justru tanda tanya besar, karna kalo kita ulas dan ingat sejak kapan teroris dan teror bom menghilang ,,",0,2026-04-07T17:29:01Z
@MrNdesoo,Tolong sampaikan ke presiden prabowo KAMI HANYA BUTUH KESEHATAN GRATIS SEKOLAH GRATIS BUKAN MBG,0,2026-04-07T17:28:58Z
@imbalho7922,Kalau punya president dan pembantu2nya yg model kayak  sekarang ini lama2 rakyat otomatis akan MAKAR= MANGAN KARAK( nasi aking).,1,2026-04-07T17:27:54Z
@dedegatz8665,"Pak makfud masih belum move on setelah debat presiden sama mas Gibran, orangnya emosian, waktu di mengkopolhukam juga emosian, paling kalau di pemerintahan lagi sama aja emosian",0,2026-04-07T17:27:52Z
@imadesudarma5274,"Mahfud juga enggak bersih bersih amat.tapi bisa mengingatkan pemerintah,parahhhh dehhh,dia masih sakit hati tu😂😂😂",0,2026-04-07T17:27:13Z
@KusmantoKusmanto-y8p,Orang yg kalah pilpres corongnya rusak.....,0,2026-04-07T17:26:14Z
@eDzAn382,MBG di bubarkan saja karena jadi ladang korupsi,1,2026-04-07T17:25:40Z
@wiryaadi-e3c,Pokoknya adili prabowo,0,2026-04-07T17:25:02Z
@harmenharmen433,Pak prabowo tdk akan menerima saran masukan dari  beberapa  tokoh bangsa maupun dari rakyat .. karena  OTORITER !!!,0,2026-04-07T17:24:48Z
@Alfa.numerik,"Kalau anda mau nepalkan presiden siap2 jadi nepal. Negara miskin dan tidak stabil.

Contoh Suriah, burkinafaso, irak, bahkan iran. Apakah saat ini sudah stabil setelah penggulingan rezim?. 


Ibaratnya gimana lu mau sampai level 10 kalau baru sampai level 6 atau level 4 reset lagi ke 0 gitu aja terus, kayak pertamina mulai dari 0.


Ingat yah setelah krisis 98.

Sekitar 3 tahun pertama banyak kerusuhan (pahit untuk diingat) 

Begitupun setelah kemerdekaan juga banyak kerusuhan.

Selama masa kekosongan atau bahkan di awal pemerintahan baru itu adalah peluang tiap golongan untuk mendapatkan hal yang paling besar untuk kelompok mereka. Misalnya merdeka dll.

Berada dibawah pemimpin yang dzalim bahkan lebih baik daripada sehari tanpa pemimpin.",0,2026-04-07T17:24:43Z
@michaelhoetabarat4140,"Analisa yg obyektif dari Prof MMD, tidak hanya bicara kejelekan tapi juga yg baik. Semoga pak PS mendengarkan ini.",25,2026-04-07T17:24:22Z
@IwanRiefsal,Nyesel milih prbwo yg gede omong makzul kn presiden kardus,0,2026-04-07T17:22:51Z
@d1_pondokpinang_muhammadar323,Kusut udah ulah MBG,0,2026-04-07T17:22:20Z
@mrtanjoenk8640,"Pak mahfud lama dipemerintahan jokowi
Knp pak mahfud tak berani bongkar semua kejahatan jokowi ketika dia menjabat
Krn akar semua masalah bangsa belakangan ini berawal dari pria solo",0,2026-04-07T17:21:52Z
@ShaninD-z5h,Yg ngritik orang2 yg sakit hati karena kalah pilpres,0,2026-04-07T17:21:52Z
@rohmatrohmat7258,Prof nanti wowo malu klo denger😂,0,2026-04-07T17:21:46Z
@FadhilPutra-e2p,Lah.. Krna  kmrn ga kepilih ya prof??? Jadi lucu liat nya,0,2026-04-07T17:21:27Z
@ahmadtaufiktad9940,Anomali wowo sang omon²,0,2026-04-07T17:21:27Z
@insanmisteri8974,Indonesia sgt beruntung punya seorang Pak Mahfud . mencerahkan tegas jelas konsisten gak byk org sperti beliau 🙏🔥,0,2026-04-07T17:19:41Z
@DwiHastuti-zc1jf,🤔,0,2026-04-07T17:19:33Z
@fastiakbar9701,sebarkan video ini ke akun buzzerp biar melek mereka,0,2026-04-07T17:19:10Z
@atiknurfatmawati5776,"Sehat selalu u/ terus menyuarakan kebenaran karena jenengan Prof , ngerti hukum, bukan dari partai, tulus memang u/ kepentingan rakyat, i feel that, may Alloh bless you Prof",0,2026-04-07T17:18:52Z
@Indokkeneng,"Tergantung DPR dan MPR, krna UUD pasti butuh persetujuan DPR dan MPR, jdi sebaik-baik setegas-tegasnya Presiden, tpi klw DPR dan MPR-nya tdk sejalan dgn Presiden ya ttp aja UUD-nya gak akan berjalan.",0,2026-04-07T17:18:25Z
@grimkobold,"Pak Presiden, ""Bapak kan punya kekuatan buat negakin hukum. Tembak aja si para maling itu, atau ternyata malingnya malah banyak yang dari ""kalangan itu""?
Kalo mau otoriter, mbok ya sekalian. Tegas ga pandang bulu, terbukti maling, tembak. Indonesia ga kurang orang buat ngisi jabatan. Basmi aja malingnya Pak, setidaknya ketika periode Bapak selesai, Anda akan dikenang positif sebagai sosok pejuang anti korup. Jangan mencla mencle. Tikus didiemin malah makin banyak, sekali beranak, 1 sistem sekeluarga semua isinya.",0,2026-04-07T17:17:15Z
@imadesudarma5274,Kampus kampus sudah dihilanvkan para kadrunnya pak,0,2026-04-07T17:16:58Z
@denikris99,"DEMOKRASI adalah produk tersukses dari AS.
 Yang bilang Prabowo antek AS,justru kalianlah antek AS sesungguhnya,karna slalu bicara soal kebebasan dan demokrasi.",0,2026-04-07T17:16:38Z
@lukmankustriandi3107,RUU perampasan aset pak ayo pak mahfud,0,2026-04-07T17:16:08Z
@casavell,Ngomongin IGRS jg tolong lg rame rating system game indonesia yg bikin gaduh industri game,2,2026-04-07T17:15:53Z
@satumansolikatin4995,Kalau sebagai presiden RI seharusnya memberi contoh tauladan yang cakep dan gentleman ter utama masalah hukum di tegakkan tapi jangan skeptis dan retorika kosong hukum tak pandang buluh dan tak ber kompromi kepada siapapun,0,2026-04-07T17:15:30Z
@Indonesia4Indonesia,"❤❤Bapak Prabowo, tolong MITIGASI  PENYELUNDUPAN BBM ke luar negri & PENJUALAN ILEGAL ke kapal2 asing yg BANDARNYA APARAT & POLITIKUS !❤❤",0,2026-04-07T17:15:05Z
@BambangHandojo,"Spt Rismon , dia mau mengingkari bukunya sendiri !!! Sorry yee....e 😡👊💥",0,2026-04-07T17:14:36Z
@anwarnusapro3,Udah ganti si omon_omon naekin prof mahfud wakil nya bebas asal jgn gibran,0,2026-04-07T17:14:32Z
@ifan1744,"Ingat dengan kata"" kpla MBG , sehari potong sapi 15000 ekor sapi untuk MBG😂😂dan heranya presiden percya"" aja bawahnya bilng bgu. , 😂pdhl menu yg sesungguhnya cumn roti 😢😢trus sapi yg 15000 perhari kemana itu😅, program GENTENGISASI , tp koperasi merah putihnya bukan pke genteng 😂.",0,2026-04-07T17:13:42Z
@ardisetiawan3876,"Ayo pak Mahfud perjuangkan sebelum terlambat, negara ini chaos",0,2026-04-07T17:13:27Z
@MuhammadAlfarizi-s4m,Prabowo dan FUFUFAFA HARUS DIMAKZULKAN,0,2026-04-07T17:13:25Z
@Alfa.numerik,"Masalahnya setelah pak Prabowo lengser. Siapa yang tepat. Menurut saya justru yang paling tepat saat ini adalah Pak Prabowo. Beliau benar benar mengerti tentang Geopolitik dan ekonomi.

Hanya saja memang beberapa menteri dari partai koalisi itu kurang  kompeten. Tapi itulah resiko Demokrasi. Wong partai itu berdarah saat kampanye. Masa' gak dapat kursi barang sebiji.

Jadi kesalahan terbesar sistem kita yaitu terlalu banyak partai. Akhirnya koalisi memamkan terlau banyak kursi.

Maksimal 5-10 partailah atau bahkan 2.",0,2026-04-07T17:13:01Z
@iyanherdiyana7914,"Saiful mujani baru menyerukan dan mengajak orang utk menggulingkan Prabowo, kl berani ditunggu aksinya dan mimpin paling depan utk menggulingkan president, kl cm provokasi msh br sinyal sinyal. Blm bisa bulat di katakana makar",0,2026-04-07T17:12:37Z
@SenzeiX-n2g,"Sekarang puji2 Pak Mahfud. Kemana kalian kemarin, waktu pemilihan…👎 Makan tuh Presiden pilihan kalian.",1,2026-04-07T17:12:28Z
@Boedijanto-o2m,Pesakit hati 99% dari jargonnya di pilpres kalah 😮😅😅😅,0,2026-04-07T17:10:37Z
@simondehard8310,Dan herannya kanapa msh percaya pemimpin model begini ..track rekod buruk soal kerja di militer saja GK bene apalagi di publik ...buku itu sy percaya cuma tulisan pemikiran seseorg yg di klem dimiliki .... 100% dg sadar berani menjilat ludah sndiri segala yg dicapkan bulshit smua...pemikiran kosong visi misi cuma angin sepoy ....pemerintahan bulshit,0,2026-04-07T17:09:34Z
@shellafbrynti7702,Rakyat bukan butuh janji Tapi Bukti.mkanya Prabowo bertidak langsung klaw nurutin politik kpan majunya Indonesia.banyakan Rapat tidak bertindak.,25,2026-04-07T17:09:13Z
@SyaifullahAbidin,"RT 24 & RT 16 suka menghasut, suka provokasi, menganggap program pemerintah gagal, sementara RT 58 menilai presiden ikhlas bekerja untuk rakyat dan program nya bermanfaat.",0,2026-04-07T17:08:22Z
@chaniagofams2409,"Wajar pak...!

Kan dia mengklaim si Jokowi itu gurunya.

Seorang murid kalau gurunya dablek, penipu, curang, .... pasti menghasilkan murid yang prilakunya sama !",1,2026-04-07T17:08:20Z
@agussupriyadi3748,"Pak Mahfud...
Apa Bapak pernah diundang Presiden; seperti halnya para tokoh kritis, para editor, para senior ex pimpinan nasional?
Jangan mau, Pak. Nanti malah buat Bapak stres dan kecewa. Mending begini saja, kritik melalui udara, podcast atau tulisan yang mudah dipahami rakyat jelata.
Tetaplah lurus, Pak.",0,2026-04-07T17:08:10Z
@rifianto-02,"Kalau Wowo pinter harus nya kekuasaan di berikan sama Mahfud MD saja
Wowo itu sudah ketuaaan
kalau di kasih ke Gibran makin rusak
dah ..... 
serahin ke Mahfud aja
..... 
setuju aku
Anis juga nggak bakal mampu
hanya yang punya kekuatan hukum dan adil yang mampu mengubah bangsa yang sudah bobrok ini.....",0,2026-04-07T17:07:28Z
@RanduRandu-t1o,Saya.. Penasaran Mahpud pimpin negara... Tapi jangan ah... Ga akan mampuuu,0,2026-04-07T17:06:37Z
@UwoSayang-q5p,"Ya'Allah"" Yth Bpk Mahfud MD  .. Bpk Harus2 Berani Bersuara Tegas Mewakili Umat/Rakyat Untuk Menyelamatkan NEGRI Tercinta ini Krn Bapak Berilmu Pintar Cerdas Berkwalitas Amanah Mencerdaskan Anak Bangsa .. Lanjut Bersuara Tegas Trimakasih.",0,2026-04-07T17:06:17Z
@Boedijanto-o2m,Mafud apa kerjamu waktu jadi menteri kenyataannya gak ada kerjanya zong hasilnya kok bqru sekarang ngoceh baikbmana pemerintahan di zaman jokowi dng prabowo,0,2026-04-07T17:06:15Z
@dumdum6459,"Pak Gemoy itu sudah susah diberi masukan dan  diluruskan, karena sudah dibengkokkan oleh orang² disekitarnya yg notabene adalah orang² kepercayaannya, ditambah lagi dirong'rong oleh Genk SOP (Solo, Oligarki dan Parcok) yang  belum bisa dikendalikannya dengan baik, bahkan mereka ikut campur tangan atau cawe cawe dalam menjalankan kebijakannya, baik secara terang²an maupun tersamar  yg justru sebenarnya merugikan Pak Gemoy sendiri...!! 🤣🤣🙏🏻",0,2026-04-07T17:04:57Z
@EPIC6475,Seandainya bapak wakil nya trs saling bersinergi bahu-membahu untuk negara  dan rakyat insyaallah Indonesia bozz pak ❤❤❤,0,2026-04-07T17:03:48Z
@Rusni-u5h,"Presiden paling lemah di indonesia😅😅😅 yaitu omon"".",0,2026-04-07T17:03:45Z
@shellafbrynti7702,Kritik sama makar beda.klaw sudah bilang gulingkan Prabowo.itu sama ajah makar.inti Nyamah klaw BBM.naik pasti rakyat turun.kan dampak nya luas.,2,2026-04-07T17:03:22Z
@Rusni-u5h,Ayo pak Mahpud bersuara yg lantang.,0,2026-04-07T17:02:22Z
@krakataumeletus6039,Saya pemilih Prabowo...sangat kecewa dengan gaya kepemimpinanmya..banyak ngomong..ruwet mendengarnya.,0,2026-04-07T17:01:58Z
@nlastria817,"Apa prediksi di awal pemilu, bahwa jika terpilih Prabowo akan digulingkan setelah 2 tahun memerintah-untuk kemudian digantikan oleh Gibran-adalah kenyataan, pak?😢😢",0,2026-04-07T17:01:56Z
@agussutonoutama6293,Apakah kita masih harus melaksanakan aturan hukum lama yang dibuat penjababat2 lama. Banyak koruptor aman atau kita melaksanakan demi kepentingan masarakat. Bukan kepentingan dikalangan atas.,0,2026-04-07T17:01:41Z
@hotmel82,Ahhh peduli bagong,0,2026-04-07T17:01:40Z
@KusmantoKusmanto-y8p,Prof mahfud cangkeme mencla mencle gak layak kau jadi prof....,0,2026-04-07T17:00:27Z
@faktaerachanel,"saat ini bukan cm kritik,nasehatpun SDH ratusan dr tokoh2 nasional yg peduli negeri tp presiden GK mau dengarkan makanya timbul kemarahan rakyat wajar kl tumbuh isu2 turunkan Prabowo.",0,2026-04-07T17:00:24Z
@Pendukungtimnas79,Yg kalah jadi pemimpin jadi bicara😂,0,2026-04-07T17:00:02Z
@oentorogunawan1677,Pak Mahfud. Berikan solusinya dong. Jangan kritik saja. Berikan jalan baik pemerintahan itu harus bagaimana?,0,2026-04-07T16:59:54Z
@Kayas86,"DPR skrg cuma kerja nya sidang rapat saja ... tidk pernh bekerja untk menjadi brisik terhdp kebijakan pemerintah... akhirnya org2 d bawah sperti hal nya rakyat malah yg menjadi brisik dn bebas teriak dng bermacam2 cara untk berteriak... mau itu dng cara caci maki atau berpikir turunkan rezim...
Ya itulah faktanya yg terjadi karena fungsi DPR yg seharusnya sebgai wakil dr rakyat untk brisik ke pemerintah malah tidk berjalan dng baik",1,2026-04-07T16:59:52Z
@jbtampu,"masalahnya presidfen sekarang kemaruk ke luar negeri mulu, nggak ngurusin di dalam negeri, berantakan.",0,2026-04-07T16:59:01Z
@misjaSaid,"Intinya jngn berharap banyak dngn pemerintahan yg menang dpt hsl curang,mustahil.jd 11  12 dngn pemerintahan sebelumnya.",0,2026-04-07T16:58:56Z
@pranajati558,"PENCERAHAN AGAR RAKYAT INDONESIA TERCERAHKAN. 
❤❤❤❤❤",1,2026-04-07T16:58:43Z
@anjaywijay1833,"Saya pikir JKW udah parah banget, tapi paling gak ada pembangunan infrastruktur, lhaaa yg skarang ini gak kalah parah dan gak ada hasil selain MBG yg sangat ladang basah korupsi, uang rakyat dihambur2kan secara ngawur, rakyat digencet dg pajak dari segala arah. Kasihan rakyat dg presiden yg punya dunianya sendiri, yg jauh dari dunia real rakyat Indo.",0,2026-04-07T16:58:31Z
@AbuDikha,"Mumet pak mumet,,😇😇,,mgkin hanya mlkul maut yg bs mmimpin  negri ini,,sbb sy ykin semua aprtur pmrnth akn tkt klo dia yg jdi presidenya,,",0,2026-04-07T16:57:24Z
@YogitzRj,"sejak merdeka disini,hingga saat ini kok belum pernah tau presiden yg bener bener bisa merubah negeri ini pada cita cita konstitusi dan pancasila yg terealitaskan,",0,2026-04-07T16:56:32Z
@dedych,"Mangkanya bro.. sahkan undang² perampasan aset biar semuanya tuntas.
Ngomong sama ngewadul sama aja. Negara demokrasi  tapi banyak pejabat koruptornya, negara demokrasi tapi rakyatnya miskin, negara demokrasi tapi ga abis²nya buat kegaduhan.",0,2026-04-07T16:55:55Z
@haryjoz6115,Bukunya hanya sekedar Omon² Doang,0,2026-04-07T16:55:44Z
@djempolanramli,"Sesuai apa yg sering di kutip Ahok: kalau ingin mengetahui karakter seseorang, kasih dia kekuasaan.
Terbukti.",0,2026-04-07T16:55:41Z
@agussutonoutama6293,Manusia  bisa dikalakan dengan aturan dan hukum. Cuma masalahnya prodak hukumnya dibuat oleh siapa. Dibuat oleh orang yang bener2 memperbaiki NKRI atau hukum dibuat dibuat oleh orang2 hanya mengejar kepentingan prbadi.,0,2026-04-07T16:55:39Z
@mobiletaskforce_id777,Pa maksud baik tapi kelihatannya masih nafsu pengen nyapres,0,2026-04-07T16:54:10Z
@ikhsanmuhsin7422,"Jangan² Prabowo udah ""LUPA"" Kalau DIA PERNAH NULIS BUKU ITU PARADOK INDONESIA",0,2026-04-07T16:53:48Z
@finhariyanto8150,KLO saya berpandangan 😅😅😅😅😅😅😅😅Mahfud MD 😅😅😅😅😅😅😅😅😅😅😅😅😅😅😅😅😅😅,0,2026-04-07T16:53:26Z
@misjaSaid,"Pemerintah seharusnya instropeksi dgn kebijakannya yg selalu membuat rakyat bingung,resah,tdk berdaya jauhdari kata makmur. dikeritik berarti pola pikir & kinerjanya ga becus.klo tdk mau dikeritik benahi/ganti orang"" yg tdk berkompeten,ekonomi hukum dll hrs bnr.",0,2026-04-07T16:53:19Z
@saripudin4100,"Pak Mahmud MD, pak Anies, banyak yang jujur , yang pemilihan umum untuk pak MD panies orang jujur , klau yang lain pakai uang negara hukum haram menjadi jadi bagi pemimpin didlm Al-Qur'an baca dong",0,2026-04-07T16:52:45Z
@heriashter677,Si wowo sudah memenuhi syarat untuk di gulingkan,0,2026-04-07T16:52:44Z
@finhariyanto8150,😅😅😅😅😅😅 Mahfud MD 😅😅😅😅😅😅,0,2026-04-07T16:51:29Z
@asmawandipi,"politik itu adalah akal akalan, seperti inilah menurut pendapat penilaian dari diri ku ini pak",1,2026-04-07T16:51:28Z
@alfariziakun5923,"Saya heran dinegara kita ini ,setiap pemerintah yang baik selalu dibenci oleh pengamat2 yang mungkin belum kebagian kue, oleh karna itulah susah negara kita maju,itulah budaya kita.",0,2026-04-07T16:51:26Z
@ninanina5451,Alah kadang lebih parah kalau mahhmut kemaren yg jadi,0,2026-04-07T16:51:06Z
@siljadOmbel,"Berantas premanisme pak yg berkedok ormas.
Yg lagi viral sekarang di purwakarta,sebagai contohnya,masyarakat kecil banyak dirugikan akibat premanisme.",0,2026-04-07T16:51:05Z
@akhmadghufroni5332,"Ganti Wowo dg Mahfud, pak Mahfud pasti Indonesia beres",0,2026-04-07T16:50:56Z
@WNTI-y9t,kalau presidennya punya telinga tapi tak mendengar punya mata tapi tak melihat masa akan terus didukung,0,2026-04-07T16:50:41Z
@airlanggaaryaduta2522,"Ternyata OMON-OMON, ASLI😅😂",0,2026-04-07T16:50:38Z
@pakasad5031,Tembak di tempat para pengkianat negara,1,2026-04-07T16:50:29Z
@finhariyanto8150,😅😅😅😅😅 Mahfud MD 😅😅😅😅😅😅😅😅😅😅😅😅,0,2026-04-07T16:50:22Z
@FendiGemilang,"BBM naik pasti dijadikan pintu untuk demo besar
BBM tidak naik membengkak kan hutang Indonesia .

2 kenyata'an yang akan kita hadapi",0,2026-04-07T16:49:38Z
@usupsupriatna3819,"TERUS YANG PAK MAHFUD BUBARKAN ORMAS ISLAM KAN CUMAN WACANA AJA,BAPAK SEBAGAI MENTRI MENKO.",0,2026-04-07T16:49:29Z
@SuyatnoSuyatno-wu8gq,Dimata pak Prabowo negara ini mau di jadikan  negara otoriter..kenapa begitu karena yg ngeritik banyak yg diancam masuk penjara..,0,2026-04-07T16:49:23Z
@bayuhari.sutopo431,"Barang kali saatnya muncul kembali si pithung utk menegakkan keadilan, atau zorroo yg bertindak demi keadilan utk rakyat kecil dan memberantas mafiabhukom dan mafia pemerintahan,.. membongkar segala kong kalikong prpyek dan kecurangan2 para oligharkhi,.. keculasan proyek2 tambang dan kebun2 sawit yg curang dari proses awwal hingga ekspor yg mengelabuhi negare dlm hal perpajakan,..",0,2026-04-07T16:48:46Z
@anggreksolis,Semoga prof Mahfud sehat panjang umur Aamiin Yaa Robbal'aallamiin,0,2026-04-07T16:48:22Z
@agussutonoutama6293,Presiden prabowo banyak dikalangan atas gak senang karena tidak bisa mendapatkan kemauannya. Tetapi masarakat dikalangan bawah banyak yang senang karena pak prabowo benar2 berusaha mensejaterakan rakyat.,0,2026-04-07T16:48:20Z
@Maungra-y9p,ADMIN NGAPAIN DI SENSOR MULU.,0,2026-04-07T16:47:50Z
@saripudin4100,Mantap pak trus kan untuk kepentingan bangsa   rakyat Aminn,0,2026-04-07T16:47:40Z
@verijun6618,Tolong pk mahfud MBG.. koperasi merah putih udah lah jangan di lanjutkan tolong pk mahfud suarakan kersahan kami .. tdk ada mnfaatnya sama sekali,0,2026-04-07T16:47:19Z
@krisnadewi7985,"INDONESIA itu kalao kalah dalam hal apapun, ujung2nya menjelekan",0,2026-04-07T16:46:54Z
@danielsriady1312,"Nah begini pandangan yang selalu saya harapkan dari pak Mahfud.
Selalu berjalan di rel yang dari dulu selalu diperjuangkan pak.
Terimakasih pandangan nya prof.
Good job❤",0,2026-04-07T16:46:47Z
@ifarohma6307,KONTEN mencerdaskan bangsa ! Sehat2 prof Machfud.. 👍😊❤️❤️,0,2026-04-07T16:46:26Z
@King_54,saya sangat tidak yakin prabowo bisa dan mampu menulis buku semacam itu......pasti dia bayar beberapa penulis untuk menulis buku itu....ijazah sarjana UGM saja bisa di palsukan palagi cuma semacam buku seperti itu.....omong kosong,0,2026-04-07T16:46:17Z
@mimron254,Biasa orang kalau sudah kalah omongnya pasti nyalakan,1,2026-04-07T16:44:55Z
@saripudin4100,Bagus pak Mahmud MD orang pintar itu,0,2026-04-07T16:44:40Z
@gundwg6936,"ini podcas,bebaslah menterjemahkan,bicara sesuka hati silahkan.pak Mahfud silahkan tidak setuju sama Pemerintah,begitu juga jika Pemerintah tidak setuju sama pikiran pak Mahfud ya sah sah saja...intinya bagi saya sembako aman,ada,murah,dan kopiku masih enak kok 😅",0,2026-04-07T16:44:07Z
@anonimanonimous9880,Setuju.. pak Mahfud MD.,0,2026-04-07T16:44:00Z
@mustofa8875,Kepemimpinan Jokowi lebih baik drpda prabowo !!!!,0,2026-04-07T16:43:46Z
@barakelana1,Parah dong Indonesia,0,2026-04-07T16:43:42Z
@J3L4S,Keriput tulang dipipi itu gambaran perjuangan diri seorang.Otot yg dulu terlihat kekar merangkul menggandeng untuk mengajak Ayo..bersama-sama bangun indonesia yg lebih baik untuk menuju indonesia emas.Meskipun orng terpilih jd nomor satu tetapi jika tanpa kalian anak cucu kita ada didalam nya Apalah daya kekuatan saya keinginan saya jika bertindak  hanya seorbg diri.(H.M. prabowo subianto)PRESIDEN RI TERPILUH.,0,2026-04-07T16:43:39Z
@Lovers-ID95,Media sosial bukan menjadi patokan bung 😂,1,2026-04-07T16:43:23Z
@agussutonoutama6293,Hukum dibuat bukan untuk kepentingan masarakat. Tetapi hukum dibuat untuk kepentingan yang membuat hukum agar aman dan lancar untuk kepentingan.,0,2026-04-07T16:43:17Z
@Masrizal-ox5gm,Perintah sudah tidak sejalan dg UUD 45 .wajib digusur .itu bukan makar.apalagi rakyat merestui,0,2026-04-07T16:43:12Z
@rudalnjaranspeed,"Klo gk bisa dibilang makar, di bilang provokator bisa gk pak? Masuk gk pak?",1,2026-04-07T16:43:09Z
@DeRy-b6w,Penjelasan kaum yg kalah pilpres dan wapres,2,2026-04-07T16:41:44Z
@AlFira-tk1ms,Kasih manfud nasi goreng,1,2026-04-07T16:41:36Z
@smartfrenku-d8t,"Shrsnya Bpk Machfud MD (menguasai N. Agama, N Hukum dan Etika) sbg PENASEHAT PRESIDEN.  Krn Kendaraan Prabowo RODA DEPAN dan RODA BELAKANG semuanya sdh digembosi sama GLEMBUK SOLO. 😄😄😛😛🤓🤓😎😎🤠🤠👎👎",0,2026-04-07T16:40:57Z
@mbahronggo3960,pak mafut sruh bubar kan mbg yg bikin gaduh  jutakan kantin tutuo dan jutajan orang jualan di sekolahan bangkrtut orogran gila gak ada tin ahlinya yg jujur dan apa ada nya,1,2026-04-07T16:40:35Z
@fredibalqhis2600,"ganti Dinasti Mulyono lanjut ganti kursi tahta Dinasti Wowo,dari menjabatnya hingga sekarang kinerjanya OMON2x",0,2026-04-07T16:40:28Z
@mamasaria54,"Kalo saya pikir seperti yang dikatakan pak mahfud dalm buku prabowo tersebut, terkait 3 prinsip pak prabowo yang mana 2 prinsip nya yaitu Strategis dan Pemerintahan Yang Bersih. MUNGKIN, ini salah satu langkah strategis pak prabowo untuk mengeluarkan sampah2 yang mengendap di dalam air. Karena terlihat belakangan ini, ada banyak sekali tokoh2 yang dulu tak terlihat tiba2 naik ke pemurkaan dan menyampaikan kritik dan protes terhadap prabowo, yang terkadang kritik nya sangat blunder dan awur awuran. Tidak ada saya lihat kritik yang disampaikan dalam rangka untuk memperbaiki kebijakan dan program2 yang sedang berjalan, namun kritiknya langsung Attack The Point, seperti MBG, tidak ada kritik yang disampaikan untuk memperbaiki MBG, tapi langsung menyerang dengan ""Stop MBG"". Sebagai contoh yang udah mulai naik ke pemurkaan, Pak Caplin belakangan ini mulai muncul dan memberikan pernyataan yg menentang prabowo, negara tidak menaikkan BBM tapi caplin malah ingin BBM dinaikkan. Jika di cek dan analisis siapa caplin ini dulu, apa yang dia pegang dan dia miliki, maka akan tampak bahwa pernyataan dia hanya untuk menguntungkan dirinya sendiri. Jadi MENURUT SAYA PRIBADI langkah strategis inilah yang digunakan pak prabowo untuk memancing para sampah2 ini dengan menebarkan umpan yaitu melalui program2 dan kebijakan yang menguntungkan untuk rakyat TAPI merugikan dan membuat panas para sampah ini (koruptor, mafia, dan org2 yg memiliki kepentingan pribadi). Seperti yg dikatakan pak Soleman B Ponto mantan kepala BAIS TNI di salah satu forum, beliau mengatakan bahwa presiden sudah punya semua data2 para sampah yang megendap ini, intelijen dari presiden itu ada di mana2.
Namun tidak mudah untuk menangkap mereka, karena kalo ditangkap satu persatu justru malah membuat sampah yang lain makin mempersiapkan diri untuk melawan. Sehingga inilah langkah strategis prabowo, menebar umpan dengan program dan kebijakannya, sehingga mereka para sampah merasa terancam, mereka pun akhirnya menebar narasi yg panas ke masyarakat agar terpancing untuk ikut menyerang prabowo, namun prabowo sekarang terlihat diam santai agar tampak lemah seperti tidak ada langkah untuk melawan supaya pergerakannya prabowo tidak terbaca, ketika waktunya sudah tiba DAMMMNNN🔥 saat itu lah pak prabowo menyerok sampah ini sekaligus untuk mencapai prinsip yg kedua nya yaitu Pemerintahan Yang Bersih. DISCLAIMER : HANYA ASUMSI PRIBADI SAYA😁",0,2026-04-07T16:40:25Z
@TheKsharyadi,"Politik di negara ini tidak sehat. Lembaga tinggi negara tidak berfungsi dengan benar. Sekalipun ketika dilantik mengucapkan sumpah jabatan, semua itu hanya sekedar sumpah sekedar kata-kata yang di ucapkan.",0,2026-04-07T16:40:07Z
@Mangkhoo,"Di rezim sekarang ini korupsi dipertontonkan secara terang-terangan, hukum hanya sebagai pelengkap bukan sebagai penegakkan, pejabat terang-terangan minta di tuankan bukan sebagai pelayan. 
Rakyat kecil kesulitan dalam mencari nafkah, sang kroni yang merasa dekat penguasa malah pamer harta yang didapatnya dari masyarakat lemah. 

Sekarang Indonesia diisi oleh kelompok yang berbaju bak raja raja kecil yang taunya hanya mengumpulkan upeti dari rakyat. 
Indonesia masyarakat yang penuh adap dan beradap perlahan mulai punah.",0,2026-04-07T16:40:04Z
@mimron254,Makfut kalau dak dikasih jabatan ngomong nglantur,2,2026-04-07T16:38:13Z
@suhartosuharto9431,Inilah akibat hampir semua partai dirangkul sehingga di DPR tidak ada kontrol terhadap Pemerintah,1,2026-04-07T16:37:18Z
@WargaMelas,"Prof. Mahfud saya kira prof. tau kalo dalam beberapa bulan ini teman-teman dan kolega prof akan melakukan demo rusuh seperti tahun lalu, dan prof pasti tau dr obrolan kalian, kali ini mereka tidak boleh gagal menggulingkan Prabowo, tentu prof sudah memikirkan posisi apa di rezim yg baru. prof tentu sadar betul ucapan di video ini sedang membela niat makar muzani dengan mengatakan ""ngajak penggulingan presiden bukan makar, boleh menggulingkan president asal menang, karena pemenang yg menentukan yg kalah adalah penjahat"" dengan mengambil contoh peristiwa kemerdekaan, penggulingan Sukarno dan Suharto, caranya boleh salah, tp karena menang, mereka adalah pahlawan. Tapi perkirakan saya Prabowo juga berpikir hal yg sama dan sedang menunggu waktu kerusuhan itu terjadi, karena kerusuhan adalah waktu yg tepat untuk dia menghabisi elit-elit makar ini dengan dalih kerusuhan dan penjarahan. Saya harap prof bukan bagian dr orang-orang bayar Soros yg sedang melakukan makar itu, karena sepertinya sejak tahun lalu Prabowo juga mempersiapkan diri untuk all out habis-habisan. Mungkin prof ingat dengan yg kondisi seakan-akan bocor telegram rahasia TNI untuk siaga 1, kira-kira buat apa dibocorin?",0,2026-04-07T16:36:24Z
@arfeyza01,Wowo omon OMON jogetin aja,0,2026-04-07T16:36:23Z
@setyo615,Kritik pasti akan didengar Prabowo....dan pelan2 kritik akan difollow up,0,2026-04-07T16:36:00Z
@alj8827,"GIBRAN naik melanggar konstitusi, turunkan juga tanpa konsultasi....ooo come on !!!


Saat ini presiden Prabowo tapi rasa rezim Jokowi 3 periode !!!


Hancur pemerintahan tanpa oposisi, koalisi semua partai sama-sama cari aman!!!

Rakyat cerdas Krn sudah jadi korban!
.kacau parah !!!",0,2026-04-07T16:35:53Z
@AwangIrawan-eo7bm,Bukunya dengan orangnya sangat jelas kebalikannya....,0,2026-04-07T16:35:34Z
@TamarTamar-l5e,Prabowo harus baca trus bukunya kemudian lakukan segera dn rakyat ingin tahu bukunya jadi kenyataan.. bukunya belum ada hasil saat ini,0,2026-04-07T16:35:09Z
@asmawandipi,"makanya seluruh politik itu harus di hapus semua nya di negara republik Indonesia ini untuk selama lamanya, harus seperti inilah pak, tidak ada lagi tawar menawar",1,2026-04-07T16:34:31Z
@mapotofu_ID,Sekarang sibuk jalan ke LN staycation sama aspri 😂,0,2026-04-07T16:34:20Z
@nenengrachmawati2192,"PDIP,Nasdem dan PKS kemana suaranya? Harusnya mereka yang bisa menjadi pengontrol kebijakan pemerintah saat ini,  karena ketiga partai tersebut tidak berebut kekuasaan menjadi pembantu presiden...",0,2026-04-07T16:32:54Z
@waheeed6826,"""ini keliru pak, ini negara kita, mari kita urusi bersama-sama"".    -Prof. Mahfud MD",0,2026-04-07T16:32:30Z
@kucingoyen9965,"Presiden paling bodoh yang pernah ada, sejak awal dia sengaja mepet ke amerika dengan pujian indonesia merdeka atas jasa amerika, bodoh sekali ini manusia tua. Sejak kapan amerika peduli sama negar lain kalo tidak ada timbak balik. Akhirnya dia kena jebakan gk bisa keluar karna terlalu dekT dengan amerika, bahka sekedar konfrensi pers ke media aja dia sudah takut ke sangksi😂, jadi presiden karna ingin membersihkan diri dari catatan ham masa lalu agar di masa depan tidak bisa di gugat lawan pokitiknya😂, perhatikan dia sejak capres gk pernah mau keluar modak ngebodohin lawannya yang punya modal kampanye😂 kemudia dia gandeng anak penguasa walaupun melanggar konstitusi😂kayak gitu di panggung dia mengatakan paling pancasika paling bhineka paling taat hukum😂, kalo memang dia taat hukum sejak duku seharusnya dia masuk ruang sidang HAM tapi dia malah kabur ke jordania😂",0,2026-04-07T16:32:23Z
@rhzcb,"Indonesia makin kacau gara"" prabowo",0,2026-04-07T16:31:56Z
@EndangHeryana-c9x,Keluhan rakyat banyak hrsdidengar jlnkan buktikan keluhan rakyat nya,0,2026-04-07T16:30:58Z
@ardinata181,Alhamdulillah saya pilih Prabowo Subianto dengan segala kekurangan dan kelebihannya..🇮🇩🇮🇩🇮🇩,0,2026-04-07T16:30:55Z
@Suwandyaia,"Makanya, jgn memilih org2 yg mencalonkan, karena Lahirnya Pemimpin yg Bego,bermula dari Pemilih yg Tolol.,",0,2026-04-07T16:30:33Z
@Sembilankata,Hallo jua pak prof..😊😊😊,0,2026-04-07T16:30:07Z
@vingosetar,Pak Mahfud klo di luar gocer bner .. tapi waktu jadi Mentri gc bisa beresin masalh hukum' 😂😂😂,0,2026-04-07T16:29:32Z
@sanxysandy6962,Kebanyakan partai² busuk mencari makan pada pemerintah seperti sama kita melihat ormas😂sayangnya rakyat takut turun kejalan.bahkan yg turun jln hnya ormas² pendukung bayaran.,0,2026-04-07T16:28:48Z
@Rokimmmmm,"BARISAN SAKIT HATI KALAH DALAM PILPRES ,,,MPUT SUDAH PIKUN,MPUT TDK DAPAT KURSI EMPUK",1,2026-04-07T16:28:46Z
@karineokreasi1714,Krn pemerintahan msh itu² saja dimasa jokowi msh ada sm juga bohong ya begini² saja jdnya... wiwi perusak hukum dll diterus oleh wowo,0,2026-04-07T16:28:17Z
@sanxysandy6962,Kebanyakan partai² busuk mencari makan pada pemerintah seperti sama kita melihat ormas😂sayangnya rakyat takut turun kejalan.bahkan yg turun jln hnya ormas² pendukung bayaran.,0,2026-04-07T16:27:57Z
@sanxysandy6962,Kebanyakan partai² busuk mencari makan pada pemerintah seperti sama kita melihat ormas😂sayangnya rakyat takut turun kejalan.bahkan yg turun jln hnya ormas² pendukung bayaran.,0,2026-04-07T16:27:40Z
@rizalrambe6277,"Susah berharap perubahan dari Probowo, karena beliau merasa sudah benar yg lain salah",0,2026-04-07T16:27:28Z
@EKAPRAYOGA-chanel,Tujuan lu sama mau indonesia di kuasai elite 😂,0,2026-04-07T16:27:19Z
@anakrantau76srg,Dari buku Prabowo yg di kutip Pak Mahfud emang presiden Prabowo adalah presiden OMON2 karena tidak sesuai isi buku dgn bukti kerja presiden Prabowo.,0,2026-04-07T16:27:17Z
@Arya_Wicaksana,Sebenarnya yang paling bermasalah itu kita punya wakil rakyat yang tidak mewakili suara rakyat,4,2026-04-07T16:26:30Z
@masnurmasnur8251,Orang paling bahaya orang munafik tidak sesuainya kata&perbuatan,0,2026-04-07T16:26:16Z
@lukitosaktidjaya2623,Saatnya impeachment keduanya... NKRI suram,1,2026-04-07T16:25:40Z
@denblankon,"demokrasi cocok di negara maju , tidak cocok di negara stunting. by sistem negeri stunting tidak bisa maju bibawah demokrasi , suara terbanyak berdasarkan perwakilan. dalam timeline yg sempit masak iya ngabisin anggaran ngumpulin perwakilan dulu berembug bersama suara suara samar,yg secara trak record nya samar samar jg by sitem demokrasi itu sendiri",0,2026-04-07T16:25:15Z
@nzrtlab,bukan parbowo yg bikin buku tapi asistenya,0,2026-04-07T16:24:28Z
@danangjadoel4326,"intinya jika sebuah pemerintahan tidak punya oposisi di parpol atau DPR, berrti oposisi yg sesungguhnya rakyatnya sendiri",238,2026-04-07T16:23:22Z
@THP_BC,"bekas lawan di pilpres di mintai pendapat  ttg musuhnya yg menang,.. tentu jawabannya ya menjelekan,.....",4,2026-04-07T16:23:11Z
@refarefa121,"Ucapan lebih enteng dari pada exsekusi kebijakan. banyak kebijakan yg tidak menguntungkan rakyat.
pidato boleh ber api"" tapi terima para kritikus untuk di evaluasi. jangan malah di bungkan di serang air keras dsb.  belum lagi MBG sarang koruptor terselubung. APBN Boncos gegara MBG. dana pendidikan di potong buat alokasi MBG, whoosh, IKN, yg banyak merongrong APBN",0,2026-04-07T16:22:46Z
@rogezfs6481,"Saya gk percaya buku itu adalah hasil pemikiran Prabowo,, menurut pendapat saya,, mungkin buku itu ditulis oleh tim pemenangan pemilu waktu dia nyapres, dan semua hal yg
Kontradiksi dari isi buku itu adalah Prabowo,.",1,2026-04-07T16:22:32Z
@adebimantoro4882,"Kalo msh ngelawan juga dan bilang makar trus, gelar pemilu ulang.",0,2026-04-07T16:22:24Z
@FawZziii,Semuanya udah di atur,0,2026-04-07T16:22:22Z
@NH-Maple,kalau udah Provokasi mau menggulingkan Pemerintah itu namanya udah MAKAR bapak.,1,2026-04-07T16:22:18Z
@saroji4041,"Betul prof , dikira Indonesia itu milik Prabowo dn kelompok nya , kenapa klau rakyat yg mengkritik di tuduh macem2 dn ada yg di teror oleh tangan kotor..",126,2026-04-07T16:22:09Z
@AiMoticon,gas impeachment👋,0,2026-04-07T16:22:08Z
@TuriminDemak,"Masalahnya Pak Mahfud...??!! Presidennya kerjanya tanpa konsep. Tidak ada yang ditulis dari yang dikerjakan, dan tidak ada yang dikerjakan dari yang ditulis. Presiden kita tahu ada masalah, tapi tidak tahu  solusinya.",0,2026-04-07T16:22:05Z
@YudiWahyudin-ek3xp,"Bersihkaan diri sucikan hati❤❤❤❤
Dunia ini panggung sandiwara politik itu bisa menyesatkan biarka mereka elit politik rebutan kekuasaan kita jgn muda ter bius dengan permainan nya..",19,2026-04-07T16:21:38Z
@romiromi2555,"Podcast cuma omon"" thok..emang gampang pimpin indonesia",0,2026-04-07T16:21:19Z
@AbdulWahab-q6s,Kritik boleh tapi jgn memprovokasi,0,2026-04-07T16:20:59Z
@ekosriwibowo6373,Nyata jelas kan? Prabowo sudah bukan prabowo yg dulu. Antiklimaks dan pikun,0,2026-04-07T16:20:46Z
@TonoBkl-s7z,Prof mahfud sehat slslu,0,2026-04-07T16:20:28Z
@smartfrenku-d8t,"Apakah/mungkin buku"" Gagasan/idea Yg dikeluarkan Prabowo sdh lenyap semua dan sdh berada di tukang loak. Shngg beliau lupa thd idea/gagasannya sendiri demi Negara dan Bangsa stlh jadi Presiden dan diganti dg buku GLEMBUK SOLO. 😄😛🤓🤠",0,2026-04-07T16:19:53Z
@ipoel_lc,"Sesuatu yang diperoleh dgn cara yang tidak benar, hasilnya juga akan tidak akan benar. Rakyat yg merasa menang ataupun kalah, sama-sama menanggung hasilnya.",1,2026-04-07T16:19:50Z
@DinaLorena-p6d,"Betul pak mahfud harus sampai kapan rezim ini dibiarkan dan sampai kapan kita harus diam akan program yang gak masuk di akal kita sebagai rakyat seperti gak ada manfaatnya salah satunya program konyol MBG,program prabowo lebih condong menghambur hamburkan uang negara gak ada faedahnya",0,2026-04-07T16:18:56Z
@NengahTanaka,Saya setuju 100persen Pak Machfud,1,2026-04-07T16:18:54Z
@Gutomo-m3e,Mungkin Pak Mahfud buku itu di buat waktu beliau masih cerdas dan waras otaknya.... La sekarang dah tua mungkin dah pikun jadi ya lupa sama yg dulu pernah di tulis.... Atau mungkin sudah kemasukan ilmu dari oslo jadinya ya begini....,1,2026-04-07T16:18:45Z
@badakhitam77,"Rakyat tdk akan bersama dgn prabowo yg tuli & buta terhadap jeritan & penderitaan rakyatnya. Presiden macam apa yg  berfoya² pakai uang rakyat di atas penderitaan rakyatnya. Menghamburkan uang rakyat untuk pemilik SPPG yg ternyata adalah para pejabat & keluarganya. Itu sm saja memberikan suap ke pejabat², TNI-POLRI untuk mendukung dia menjaga kekuasaannya. Sedangkan rakyat cuma di kasih makanan beracun & masih banyak penderitaan lainnya yg kalian pejabat & pemerintahan tutup mata.",0,2026-04-07T16:17:21Z
@Raden.Wijayaa,"Klu Presiden gak bisa KERJA buat Masyarkat ya di ganti lah!! Atau ga mundur secara terhormat. Ya kali harus nunggu ampe 5 taun,, kerja aja gak becus.. Udah anti kritik pala batu lagi.. Di jaman si CEO MBG jadi R1 bnyak bgt bawahanya yg jadi penjilat. Buat laporan asal bapak senang.. Lbih kocak lgi si CEO MBG GA MAU TURUN NGECEK SNDRI KEBENARANYA...",1,2026-04-07T16:17:17Z
@RosyidNur-b3q,"Sama saja semuanya,ketika diluar begitu keras mengkritik,ketika menjabat sebagai pejabat lebih banyak diam dan banyak meninggalkan pr yg tidak terselesaikan ketika tdk menjabat artinya apa ... artinya bahwa indonesia memang sungguh sulit untuk diperbaiki...karena terlalu banyak orang yg mempertahankan segala kepentingan pribadi dan golongannya,dan orang yg seperti ini sangat banyak baik para pejabat maupun rakyatnya,maka mengkritik dan introspeksi diri harus seimbang,karena mencintai indonesia bkn hanya sebatas mengkritik dan mengkritik apalagi di landasi rasa kebencian dan kekecewaan karena calon yg didukungnya kalah pada pilpres kemarin,salam damai,salam persatuan",0,2026-04-07T16:17:17Z
@abdiarianthaarambe,"Saya menyesal pak milih 02 kemarin, apalagi presiden ini sangat keras kepala, Saya meyakini kalau program MBG itu baik, namun tidak bisa di pungkiri ini program sangat banyak kekurangannya, ini program lebih berpihak kepada para pemodal, para Rente, harus dilakukan pengawasan yg sangat ketat, pemerintah sibuk melakukan efisiensi anggaran, kegiatan di pangkas, akhirnya kita di kantor kebanyak an plenga plongo tidak ada anggaran, namun di sisi lain kinerja tetap dituntut agar maxsimal, gimana mau maximal kalo kegiatan/anggaran saja tidak ada,
Disisi lain saya juga meliha orang orang disekitar presiden sangat tidak berkompeten berkompeten, khususnya si mayor Teddy itu, sangat tidak layak menjadi menteri. Mohon lah pak presiden evaluasi program MBG ini, kenapa tidak pendidikan saja yg di gratiskan jauh lebih bermanfaat untuk kemaslahatan bangsa. Bukan memperkaya rente atau oligarki",0,2026-04-07T16:17:16Z
@KaisarRamadan-l5h,percaya aja pada presiden kita karna ini amanah allah klo presiden ingat untuk apa dia hidup insyallah bisa  di perbaiki negara kita.ingat manusia bukan dewa apa lagi tuhan.jadi pasti ada kekurangan sebagai manusia,1,2026-04-07T16:17:13Z
@sutiknowijoyo413,Itu kan buku sebelum jadi pleciden...kalau sdh jadi pleciden ..ya kepleset dg isi bukunya....seperti gak tahu saja,0,2026-04-07T16:17:06Z
@AGFR86,"lama2 ketularan sama jokowi nih Prabowo,ga konsisten omongan dengan kenyataan",0,2026-04-07T16:16:51Z
@OtongMaliki,Ayo tokoh2 bangsa bergerak bersama mahasiswa siswa gen Z dan seluruh rakyat gulingkan rezim si omon2 boneka Mukidi !!!,0,2026-04-07T16:15:52Z
@teukuiskandar5163,"Kadang kita mudah berbicara dan mengkritisi, namun saat menjabat baru merasakan obstacle apa yang dihadapi. Ditunggu lah semua yang merasa kan presiden presiden Indonesia kurang baik, semua kritisi mari kita jadikan presiden 😅",2,2026-04-07T16:15:50Z
@Flowerofrisa,"Pak Mahfud, apakah carut marut pemerintahan Prabowo ini karena punya hutang Budi dg Jokowi?",0,2026-04-07T16:15:49Z
@EndangHeryana-c9x,Org egois ga bakalan dengerin,0,2026-04-07T16:15:45Z
@JokoTriono-c4l,udah bener dulu indonesia jadi negara komunis malah jadi negara demokrasi. terbukti semua negara komunis jadi negara maju.,0,2026-04-07T16:15:17Z
@BoriTriHarmoko,Indonesia sudah sakit ulah jokowi dan di perparah oleh prabowo..,0,2026-04-07T16:15:15Z
@vanpersi-v9g,Pertanyaannya adalah apakah buku itu di tulis oleh Prabowo atau bukan ?,0,2026-04-07T16:15:04Z
@EndangHeryana-c9x,Mantap pa mahfud,0,2026-04-07T16:14:25Z
@abangpii3893,"Besok besok akan viral nih.... pendapat pak Mahfud. Akan dikutip dan ""dibedah"" lagi oleh media-media arus utama, kanal-kanal youtube serta flatform media sosial lainnya. Mudah2an jam 03.00 WIB malam ini pak Prabowo nyimak kanal Mahfud MD Official dengan judul ""INDONESIA DI MATA PRABOWO, INDONESIA DI TANGAN PRABOWO""",4,2026-04-07T16:14:06Z
@mushizamalhafiz3195,Probowo cuman omong omong... Probowo Harus mundur...,0,2026-04-07T16:13:59Z
@mataharikesadaran116,"Mereka yang menanggapi kritik terhadap kinerja pemerintah RI kini  sebagai ""makar"" agaknya mirip dengan kelompok ""Trump Derangement Syndrome/TDS"" di Amerika; Mungkinkah kini sedang tumbuh sindrome lain: PDS?",0,2026-04-07T16:13:59Z
@AGFR86,"DPR periode sekarang adalah yg terburuk selama DPR berdiri,anggotanya terutama dr daerah kebanyakan karbitan karena keluarga2 DPRD daerahnya, bisa jadi anggota DPR karena duit aja tuh.",0,2026-04-07T16:13:57Z
@Zanisme,"Ngeriii banget Prof Mahfud, inget perkataan di Buku bahkan halamannya.",1,2026-04-07T16:13:50Z
@LeoBoy-j3o,Pak Wowo.... udah tua pak Mahfud...jd udah pikun .. udah lupa omongan2 yg dulu.... hahaha 😂😂hahaha,0,2026-04-07T16:13:22Z
@Samin-dn4wv,"KALAH PEMILU SI PROF PANAS LIAT INDO MAJU,..",0,2026-04-07T16:13:04Z
@mickey_t_k,God bless pak Mahfud MD…,2,2026-04-07T16:12:49Z
@DwiariHerwanto,Aku memang ga suka rezim prabowo. Tapi untuk makzulkan sekarang kurang tepat di tengah geopolitik dunia yang lagi kacau.,0,2026-04-07T16:12:34Z
@MuhamadAgas-nj2nc,Pak Mahfud 🤟👍,0,2026-04-07T16:12:23Z
@MualifHaroni-e3k,"Sedikit-sedikit makar sedikit-sedikit makar
Kok takut banget digulingkan 
Kalau rakyat sudah tersakiti terdzolimi seperti Soeharto apa yang bisa diperbuat....ya harus turun dan mengundurkan diri",0,2026-04-07T16:11:33Z
@khalisanurfajri3655,"Pemakzulan presiden atau wapres itu hak demokratis setiap warga negara dan dilundungi undang3. Kalau Prabowo dan Fufufafa gak kompeten urus negara, rakyat punya hak penuh buat makzulkan. Makanya jadi presiden itu bukan ambisi atau.cita2 doang tapi lebih tepat adalah amanat rakyat. Kalau rakyat lihat ptesiden gak amanat tapi khianat, rakyat berhak makzulkan😅😅😅",0,2026-04-07T16:11:19Z
@Samin-dn4wv,MAKAR YA MAKAR AJA,0,2026-04-07T16:11:16Z
@uzi_xiii,"Sy kira awalnya pernyataan Saiful Mujani sebagai makar itu dari pejabat ternyata dari postingan di IG. Mau-maunya Pak Mahfud ini panjang-lebar membahas postingan di IG di sini😂😂😂... atau jangan2 mungkin mmg ada upaya menggiring opini publik seolah olah  ""pemerintah yg menganggap pernyataan SM sebagai makar"" lalu muncul tagar rakyatbersamasyaifulmujani, lalu dibahas lagi panjang-lebar di sini, koplak😂😂😂",0,2026-04-07T16:11:08Z
@JokoTriono-c4l,semua yang membuat hidup gk makmur itu amerika. harusnya indo putuskan hubungan denga AS usir kedubesnya.,0,2026-04-07T16:10:54Z
@Riyan-c9v,MBG ladang korupsi terbaru,0,2026-04-07T16:10:50Z
@Samin-dn4wv,sebagai rakyat jelata saya anggap kinerja pak presiden lebih bagus dari presiden pendahulu,0,2026-04-07T16:10:42Z
@SanudinAhmad,Indonesia misinya ke manusian membangun manusia se utuhnya bukan kiamat karna perang dengan alasan apapun perang tidak di benarkan nga Pain takut kiamat karna perang akibat ke serakahan manusia Indonesia bukan misi kiamat perang,0,2026-04-07T16:10:28Z
@asmawandipi,"siapa yang berani merusak harus benar2 bertanggung jawab, seperti inilah yang telah aku lakukan itu pak, assalamualaikum",1,2026-04-07T16:10:26Z
@arudam6109,Masalahnya kalo Prabowo diturunkan yg ganti malah si ngantuk dan tambah puuuaaaraaaaah😂,0,2026-04-07T16:09:02Z
@lasarusbulukaleka2089,Saya menyimak secara seksama dari awal sampai akhir. Skrg rakyat semakin resah dan gelisah thd situasi dan kondisi negara yg semakin hari semakin tdk baik.,1,2026-04-07T16:08:03Z
@AkbarIlang,"Bingung ngukur yg paling gampang adalah 

Saudara mu di kampung yg lulus sekolah gampang cari kerja ngak ?
Mak atau keluarga kita biaya hidup tambah murah atau mahal ?
Berobat gampang atau susah bgitu juga sekolah murah atau mahal.?

Kalau semua itu di kampung kita tambah gampang berarti Wowo kerja benar kalau kebutuhan dasar itu tambah sulit Wowo perlu d tinjau kmbali 3 tahun nungu terlalu lama",0,2026-04-07T16:07:36Z
@NurRachmat-kk2vl,apa kabar uang cash 1T,0,2026-04-07T16:07:16Z
@EkaST-qp6nb,"Kalo Pak Prabowo gak mempan dikritik, Pak Mahfud bikin buku saja ""Paradoks Prabowo""",0,2026-04-07T16:07:11Z
@DedePurwanto-ne8we,Presiden Indonesia Prabowo subianto selamat ada termasuk presiden yang tidak pernah ada perubahan Indonesia emas karatan,0,2026-04-07T16:07:05Z
@MienManik,Pak Machfud..Apakah BETUL Rakyat Indonesia paling BAHAGIA di DUNIA ⁉️.....Sumpah Aku sendiri bingung menjawab nya....,0,2026-04-07T16:07:03Z
@BedjoBedjo-tv5bo,Mahfud jangan ngumung hukum kalau di politik hancur  kau juga tidak baik fud islah feri Amsari sudah di ketahui,0,2026-04-07T16:07:01Z
@juventusfinoallafine3909,Pemimpin PERUSAK NEGARA,0,2026-04-07T16:06:32Z
@andrilampur3334,Podcast gerombolan kebo😂,0,2026-04-07T16:06:15Z
@H.Thonny,Satu kata saja pak prof ....jatuhkan si wOwo...titik ...gak pake koma 😅,0,2026-04-07T16:06:07Z
@budimetiga1195,Prabowo Subianto apa yang di janjikan itu yang di hianati... Beliau sudah menipu rakyat,0,2026-04-07T16:06:06Z
@nuriasmoro682,Aq g percaya sm Prabowo,0,2026-04-07T16:06:06Z
@rinisusanti4159,"Monte Carlo, Monaco! 

I remebered Isack's reflexes in the tunnel + i think its Singapore chicane",0,2026-04-07T16:05:45Z
@TjoenLewLim,Bravo prof Mahfud 👍🇮🇩,0,2026-04-07T16:05:34Z
@ratzz_2013,"Bang bennix lebih akurat, kalau analisa, masa depan bangsa Indonesia",0,2026-04-07T16:05:33Z
@neil4645,"Aku bangga kpd bapak Prabowo jika 
Mau mencari makam Widji Thukul 
Mau mencari silfester matutina 
Tidak menjadi antek Amerika, Krn mahal biaya utk menjadi antek Amerika.
Sesuai janji bapak SIAP MEMPERTARUHKAN NYAWA DEMI RAKYAT",0,2026-04-07T16:05:17Z
@DedePurwanto-ne8we,TIDAK ADA PERUBAHAN DI PIMPIN PRABOWO...,0,2026-04-07T16:05:07Z
@djssquadofc1599,"Angkat Ahok mahfud berdasar kedaulatan rakyat, abaikan Parpol biar tdk tersandera hutang politik, reformasi DPR, Polri, MA... Angkat mentri sesuai keahlian... Dll...",0,2026-04-07T16:04:39Z
@myakobuskeneng3037,"Sudahlah pak Mahdud, saya hanya mau katakan :
1. Rakyat udah cerdas, ga mau dibodohi oleh kalian para akademisi yg menjadi provokator.
2. Kritik itu wajar aja, tapi ajakan utk pemakzulan itu pembodohan.
3. Pemakzulan itu bukan hanya degan narasi liar tapi harus konstitusional. 
4. Jangan lupa pak Mahfud, kejatuhan Soekarno, Soeharto itu karena ada gejolak dan otoriter. Sedangkan sekarang itu demokrasi. Situasi aman dan tidak ada gejolak. 
5. Soekarno itu memecat Hatta dan mau angkat dirinya sebagai presiden seumur hidup. Soeharto berkuasa selama 32 tahun dengan KKN. Beda dengan seksrang, presiden itu hanya 2 periode. 
6. Bicara soal korupsi, anda aja ga mampu utk terjadinya pengesahan RUU Perampasan aset koruptor. Dikucilkan oleh Bambang Pacul kok. Anda disuruh utk lobi ketum parpol bukan di DPR. Anda seperti anak kecil yg sesang diajarkan.",0,2026-04-07T16:04:38Z
@GagangSapu-r9z,"Terimakasih pak prabowo terus berjuang demi rakyatmu Indonesia dan NKRI 🇮🇩🇮🇩🇮🇩 Lanjutkan program MBG dan koperasi merah putih rakyat sangat membutuhkan ❤❤❤
Si mahput ga dapet jabatan mulai koar koar,belum kenyang lo ya put 10 tahun di rezim jokowew ?!",0,2026-04-07T16:04:25Z
@herimustandar9105,"Jika Kritik adalah hal yg lumrah atas nama Demokrasi (Wacana)....
Berarti rakyat juga boleh dong Juga ikut mengkritik Orang2 yg Pengkritik haus kuasa...
Toh wacana MAKAR juga belum menjadi tindakan (kongkrit) di level Pemerintahan.....
Silahkan kan saja Para ELIT SOK PATEN Bertanggung jawab.....
Paling2 Resikonya ""CHAOS HORISONTAL"" ber darah2 antar Anak bangsa.....

Selanjutnya tinggal ""Tentara George Soros"" yg Tertawa....",0,2026-04-07T16:04:14Z
@acep.arojak,"Tidak stuju mlengserkan☝️
walau tidak memilih,toh 58%sudah mwakili pilihan rakyat NKRI,Prabowo bnyak salah tinggal mluruskan yang salah saja,yng nafsu mlengserkan itu klakuan mnusia yng haus akan kkuasaan saja",1,2026-04-07T16:03:27Z
@mutiaraberlian9757,Intinya Prabowo harus mengikuti dan bisa di setir supaya jauh dari solo..kalau Ndak nurut yaa...digulingkan sekalian ...kok saya memandangnya seperti itu,0,2026-04-07T16:03:01Z
@randycahya7652,"Gak Perlu ngikutin sampe selesai sih buat liat arah Pak Mahfud kmn, sangat menyayangkan atas terkikisnya sikap kenegarawanan beliau, semoga sehat selalu pak.",1,2026-04-07T16:02:42Z
@smartfrenku-d8t,"Selama 10 th yl bnyk aturan/hukum dirubah dan dilakukan Tidak BENAR dan Tidak TEPAT. Shngga bnyk terjadi penyimpangan"" Scr Hukum/perat UU. Di segala bidang. Inilah kehancuran negara dan bangsa.   BENAR dan TEPAT apa yg disampaikan oleh Bpk Machfud MD. Mdh""an muncul generasi"" baru spt Bpk Machfud MD. 💪💪💪👍👍👍❤❤❤🤲🤲🤲",1,2026-04-07T16:02:34Z
@AdolfmauridHarianja,"Tapi tidak sesuai dengan kenyataan ,malah memilih sigibran jadi wakilnya yg jelas 2 dari klepto family",0,2026-04-07T16:02:16Z
@jhonpempu4563,"Mengkritik pemerintah adalah hal wajar berdemokrasi, yg kurang tepat adalah acaranya yg di kemas halal bihalal, karena Halal bihalal adalah tradisi khas Indonesia setelah Idulfitri yang bertujuan untuk saling memaafkan, mempererat silaturahmi, dan membersihkan hati dari dendam atau kesalahan",20,2026-04-07T16:02:09Z
@endangsusandiana8998,Wowo omong omon bikin sarang tikus bukan berantas tikus,0,2026-04-07T16:01:34Z
@agusihpramestiwi5716,Assalamualaikum pak Mahfud tolong suarakan semua keluhan rakyat ini,74,2026-04-07T16:01:33Z
@asmawandipi,assalamualaikum hadir mohon izinnya untuk ikut turut menyimak terimakasih banyak,0,2026-04-07T16:01:07Z
@Azura019,Menurut saya kalimat jatuhkan/gulingkan itu sudah jelas makar.. krna kalimat jatuhkan atau gulingkan menurut saya bukan kritik...,0,2026-04-07T16:00:55Z
@madeedywahyudi236,"Analisa prof Mahfud seolah2 baik, kenyataannya Demokrasi yang katanya hadiah dari amerika ini lah sumber masalahnya. Demokrasi adalah akar masalah korupsi dan pemimpin boneka yang disetir oleh asing. semua negara miskin menganut asas demokrasi sementara Malaysia, Jepang, dan Arab Saudi menganut sistem apa? Bertanya",0,2026-04-07T16:00:44Z
@yudiherwantono6147,Masukan yg bijak dari pak mahfud,1,2026-04-07T16:00:07Z
@kadampiofficial9060,banyak kritikan karena takut prabowo gibran 2 periode,0,2026-04-07T15:59:15Z
@UmarAli-lw2wm,"Buat referendum untuk beberapa program presiden,, jangan konyol, program untuk masyarakat desa kok kamu yang tinggal dikota yang banyak bicara,, salah kamar bos,,, kalau kalian yang di kota seenaknya menutup program untuk kami masyarakat desa,,, tunggulah pecah perlawanan kami dari desa, yang tidak setuju tak perlu ambil mbg, susah amat, biarkan kami didesa yang cuma berpenghasilan 1jt perbulan yg makan mbg",0,2026-04-07T15:58:15Z
@ikhsanmuhsin7422,APA KABAR REPORMASI POLRI???,0,2026-04-07T15:58:01Z
@ernaerviyanaofficial,Pak tolong undang mba najwa sihab biar lebih pass,0,2026-04-07T15:57:43Z
@Angga-x2z,"Omongan Poltisi memang gak bisa di percaya,mau Profesor mau Doktor semua penipu,omongannya penuh Dusta dan Menipu,seperti pak Mahfud ini...Yg namanya menjatuhkan Pemerintah yg sah itu namanya Makar...",0,2026-04-07T15:57:33Z
@NurAini-zz1zs,Selama pemerintahan Prabowo Gibran. Blm ada kesalahan. Kerja sama dgn negara 2 berhasil bawa uang. Enak saja. Kubu JK mau menggantikan dgn menggulingkan pemerintahan yg SAH. Jgn mimpi. JK  rakyat tak percaya mulut busuk kau. Cukup 1998  dana Asing bisa menjajah pemerintahan. NKRI. Soros SDH basi. Amerika bakal bangkrut. Negara. NATO tak bersekutu lagi. Mana mungkin. Soros kuat lagi  Kini JK wajar di hukum mati semua sampai ke akar 2 nya 1 pun jgn ketinggalan  penjara BKN yg baik merugikan. Uang negara makan minum listrik air. Lebih baik hukum mati tuntas kejar walau ada di negara lain / luar negeri menjijikan,0,2026-04-07T15:57:21Z
@maryamahmoestafa8861,"Jika Kritik adalah hal yg lumrah atas nama Demokrasi (Wacana)....
Berarti rakyat juga boleh dong Juga ikut mengkritik Orang2 yg Pengkritik haus kuasa...
Toh wacana MAKAR juga belum menjadi tindakan (kongkrit) di level Pemerintahan.....
Silahkan kan saja Para ELIT SOK PATEN Bertanggung jawab.....
Paling2 Resikonya ""CHAOS HORISONTAL"" ber darah2 antar Anak bangsa.....
Selanjutnya tinggal ""Tentara George Soros"" yg Tertawa....",0,2026-04-07T15:57:11Z
@jafarsodiq5251,"Pak prof. Mahfud tolong bahas kelanjutannya undang undang tranportasi onlin, di DPR hilang tanpa jejak,  termasuk greb, gojek, maxim dan indraiver.",1,2026-04-07T15:56:58Z
@amaworlds9588,Sekarang yg mengkritik di bayang bayangi ancaman siraman ''air keras '',1,2026-04-07T15:56:47Z
@KusdiyantoBsm,Sudah saatnya bersatu turunkan prabowo. Sebelum tambah rusak,0,2026-04-07T15:56:10Z
@riandaarsal1024,"Percepatan reformasi polri gimana pak? Pak prabowo diem diem aja. 
Masyarakat nungguin hasilnya",0,2026-04-07T15:55:46Z
@ImpolHaryanto,"Serba salah, maju kena mundur kena : Batalkan MBG atau lanjutkan.",0,2026-04-07T15:55:39Z
@tutiutomo6320,"Mantap Penjelasan bpk Prof
Mahfud MD.. Sht sll ya Prof😇🙏",130,2026-04-07T15:55:33Z
@ariefrahman4414,kritik silahkan ..tapi everithing is ok now...rakyat s3nang sama ketegasan prabowo dan keberpihakan sama rakyat kecil...ada nya MBG .koperasi merah putih sangat bagus,0,2026-04-07T15:55:00Z
@budisinarso,Apa masukkan pak mahfud utk presoden?,0,2026-04-07T15:54:37Z
@riauwanto536,APABILA DPR TIDAK MEMAHAMI TUGAS DAN TANGGUNG JAWAB TERHADAP KEMAJUAN DAN PENEGAKAN HUKUM DSB.,0,2026-04-07T15:54:18Z
@AnasSatria-u5z8q,Spertinya proyek mbg perlu di evaluasi.. Berikan dana mgb untuk sekolah gratis dari beli baju beli tas beli sepatu LKS dll sampai Perguruan tinggi itu lebih tepat... Jika tetap mgb berikan dananya ke pihak sekolah masing masing untuk memasak di dapur sekolah bekerjasama dngn orang tua murid... Atau berikan dana mbg ke orang tua murid untuk masak mbg sesuai menu yg disukai anak,0,2026-04-07T15:53:54Z
@ninakunila3785,sama2 sekelompok,0,2026-04-07T15:53:41Z
@farihung4393,"Dek teddy pak bowo dengerin, prof Mahfud ya.",0,2026-04-07T15:53:26Z
@Ujang-s1k,"Saya sdh hidup di era pertengahan presiden Soeharto,,  
  Sejak saya sdh punya hak suara, baru sekali saya gunakan hak suara tsb, yaitu saat Megawati jadi presiden, karena kecewa, sejak saat itu saya lebih memilih *GOLPUT sampai sekarang* , 
   Terus terang saya sudah putus asa dgn bangsa inj,  sulit rasanya negara ini bisa maju selama penegakan hukumnya masih terus begini ,, sebab sistem apapun yg dipakai, mau demokrasi, mau khilapah , mau komonis ,kerajaan, atau apapun, selama *PENEGAKAN HUKUMNYA MASIH BEGINI* , *SULIT RASANYA AKAN ADA PERUBAHAN* , *MAU SIAPAPUN YG JADI PRESIDENNYA*  ,,  
   Artinya kuncinya cuma satu *TEGAKKAN HUKUM* !!!",0,2026-04-07T15:53:24Z
@sahalasilalahi800,Apa yg dilakukan setelah jadi presiden berbeda sama sekali dgn yg ditulis dalam bukunya.,0,2026-04-07T15:53:06Z
@DwiDwi-v4s,Sabdo Pandito Ratu aja di jalankan sesuai yg ada di buku P Prabowo...jgn smpe sdh jd Presiden malah g konsisten...Rakyat butuh bukti...bukan janji...msh ada wktu yg kritik klo memang benar jgn di teror/di anggap musuh Negara...smg bs Amanah krn hanya titipan ..selalu belajar Sejarah biar g terulang...,0,2026-04-07T15:53:00Z
@HeriSumarno-w5k,"P Mahfud kadang waras kadang mencla mencle.
Ngga bsa d pegang omongannya.",0,2026-04-07T15:52:56Z
@Ani-c8y,"Gibran aebagai wakil presiden nggak bisa apa2, jadi Prabowo berat kerja aendirian. 
Ganti saja wapres yg bisa meringankan tugas Prabowo.",0,2026-04-07T15:52:50Z
@marontakiro7724,"Prabowo jika tidak berubah 
Halal di gulingkan",37,2026-04-07T15:52:37Z
@pendekarlintangsanga2662,Betul pak prof... Mulai keliatan omon omon nya...,0,2026-04-07T15:52:13Z
@WarSuti-ni4on,"Kl ada pemimpin yg bikin ekonomi rakyat makmur insyallah indonesia maju.  Pendidikan-kesehatan & bnyk lapangan kerja itu pondasi ekonomi rakyat,, tp sayang blm ada pemimpin yg cerdas & pro rakyat",1,2026-04-07T15:51:42Z
@aryasatyakrisna8555,Mereka tidak mengkritik tapi menghujat dan menjatuhkan...,0,2026-04-07T15:51:20Z
@IrvanZuhri-f4e,Kasihan rakyat pk..... Aspirasi GK bs tersampaekan DPR itu GK ada fungsinya  kasihan rakyat pk.....,0,2026-04-07T15:50:22Z
@SULZERS_1562,INDONESIA tidak cocok dengan sistem demokrasi,0,2026-04-07T15:50:08Z
@anggitluthfi8240,😮VIRUS PENYAKIT POLITIK PUTUSAN MK NOMOR:90 NAJIS HARAM HUKUMNYA😮,11,2026-04-07T15:50:03Z
@Ayudiah-f1s2u,"Mungkin 100 janji Prabowo, 99 dilanggar sendiri. Cuma satu yg dipegang tapi eksekusi hancur²an",0,2026-04-07T15:50:00Z
@iskandaraja9295,"Orang"" yang keritis tidak pada tempatnya adalah orang"" yang gagal mendapat kekuasaan dan juga gila dengan kekuasaan, akhirnya hilang akal sehat jadilah orang Munafikun, skrng Mahfud MD pun menjadi manusia MUNAFIKUN.",0,2026-04-07T15:49:58Z
@wardah7335,Omong omong pak bagaimana kelanjutan tim reformasi polri nya,0,2026-04-07T15:49:49Z
@foxkingdom3018,"Prabowo, coba jadiin mahfud sama rocky gerung penasehat",0,2026-04-07T15:49:42Z
@BambangTeja-ly5ko,Yg Nyebut Makar Sayful mujani Staf KSP.Inisial ULN jgn didenger Anak baru gede berpolitik kaget dikasi jabatan makanya Omonnya Asal jeblak Biar Bapak senang dengarnya dibela oleh anak buah.,0,2026-04-07T15:48:38Z
@AGFR86,"kabinetnya msh org rezim lama semua, terus fungsi kontrol DPR periode ini kebanyakan mingkem dan beretorika, mau sampai kapan Prabowo akan kembali ke jati dirinya, ??? apa mau nunggu sampai digulingkan????",0,2026-04-07T15:48:38Z
@jafarsodiq5251,"Rakyat gmna ga takut, orang kerja kuli ngaduk buat bangun koperasi merah putih itu didepannya berdiri prajurit tni! Persis jaman belanda.",0,2026-04-07T15:48:31Z
@IrvanZuhri-f4e,Mundur aja Prabowo gibrant  rakyat makin miskin pk pengangguran mengerikan toko2 bnyk tutup Krn Prabowo diktator dan wakilnya plonga plongo,0,2026-04-07T15:47:09Z
@matmat-o4t,"kalau menurut saya itu makar krn kondisi geopolitik yg tdk karuan kondisi bbm yg jg di.mana2 parah, jadi bahasa itu bisa menyulut ke kacauan",0,2026-04-07T15:46:55Z
@VikiZen,"Heleh pud omonganmu mencla mencle,blm puas dapet jabatan yg sesuai 🤣🤣",0,2026-04-07T15:45:50Z
@ReksiKusnandar,Omon-omon macan ompong tak bisa mengaum,0,2026-04-07T15:45:23Z
@luciagani1380,"Kenyataanmya , buku dan tindakannya sgt jauh berbeda , seperti jauhnya langit dan bumi ☹️☹️

PARADOKS antara omongan dgn tindakan ,dasaaarrrr OMON² .",0,2026-04-07T15:45:03Z
@GunawanKerik,"Maaf pak, anda sekarang kok jadi begini ya, saya penggemar bapak waktu masih di ILC, cara pandang anda sudah berubah apalagi setelah jadi cawapres dan ga terpilih, anda sudah pernah di pemerintahan sudah tau seluk beluknya, setidaknya di kementerian yg pernah anda pimpin, sudah merasakan gimana kebijakan yg telah anda buat dan realisasi di bawah kementerian bapak, emang benar kata anda malaikat pun akan jadi setan jika berada dalam pemerintahan, ucapan anda waktu itu terbukti setidaknya dari sebagian sikap anda",0,2026-04-07T15:45:01Z
@Fafafufu-n3u,"15:54 Kali ini saya kurang setuju Prof. Mudiknya chaos lho kemarin, truck2 masa mudik masih jalan, dikawal aparat. Jalur darat Sumatra Dan Bali chaos.",0,2026-04-07T15:44:57Z
@DoremonIcal,"Yg pasti mnurut saya..pemerintahan Prabowo ..nilai nya 5..bnyk skli yg harus di benahi..hukum..nepotisme...institusi kepolisian

.parah!!",0,2026-04-07T15:44:00Z
@zirahscarf9456,Akibat terlalu gemoy susah bergerak mengatur negara,1,2026-04-07T15:43:39Z
@DadangDharma,wow pak mahmud  suarakan terus  buku paradok bp pabowo agar ga lupa persiden kita  ini tapi sayah agak pesimis  ada ga yg beranih  menjalankan  paradok ini,3,2026-04-07T15:43:12Z
@NurAini-zz1zs,Terima kasih pak Mahfud MD.   Hukum mati penghianat NKRI. Penghianat yg menurunkan persiden yg SAH pilihan rakyat. Yg harus di hukum. JK yg mau menaikan BBM. BKN persiden Prabowo & wapres Gibran. Kesimpulannya. Yg harus di periksa kejahatannya. Kunu JK yg ingin mengadu domba rakyat & pemerintah dgn menaikan. BBM. Bisa ada demo. Menjijikan  kubu. JK yg di curigai,0,2026-04-07T15:43:00Z
@bagusfirdausi6057,"pembicaraan yang terlalu gak masuk akal ketika demokrasi yang diperjuangkan dan diutarakan setiap hari oleh para pakar dan elite disana, dengan literasi msyarakat yang masih seperti ini, suara saya sama dengan prof mahfud dalam pemilu, beda ilmu dan pemhaman yang jauh, tapi kenapa dihitung sama suaranya, kenaifan ber demokrasi",0,2026-04-07T15:42:25Z
@ramladahlan6511,PRABOWO  GIBRAN  SEMOGA  CEPAT  SADAR  BANGUN  DARI TIDUR  NYEYAKNYA  LEBIH  CEPAT  LEBIH  BAIK  MENGUNDURKAN  DIRI  LEBIH  TERHORMAT  DARI  PADA  DI TURUNKAN  LEBIH  MEMALUKAN  LAGI,0,2026-04-07T15:41:30Z
@mardijogja5659,"Betul yg dikatakan bg. Muzani emang pk, wowo tidak bisa dikritik ujung2nya nanti orang yg kritis diancam contoh penyiraman air keras.",0,2026-04-07T15:40:35Z
@Aisyah-oe4dq,"Pejabat tidak puas, masyarakat sangat senang Prabowo JD presiden.ruang gerak pejabat tidak bebas,jadi koar koar.",0,2026-04-07T15:40:12Z
@Hann_Wijaya,"Kebanyakan sekarang² ini, yg ngritik pemerintahan saat itu berkuasa hanya kelompok memiliki kepentingan² tuk dirinya sendiri, kelompok, dll, tidak murni untuk rakyat, saya sendiri obyektif pada tiap presiden tidak condong ke si A, B, dll, tetapi bila sudah ada hal yg baik tuk rakyat kami dukung, yg kurang benar kita suarakan tuk perbaikan, tiap pemimpin pasti ada plus minusnya, seperti kita bicara saat ini saja, Presiden Prabowo visi misinya sudah cukup baik, program² yg baik dari presiden sebelumnya juga tetap dilanjutkan berarti Pak Prabowo gentle, karena beliau tahu kalau rakyat dan negara membutuhkan program tersebut, bukannya mengganti dgn hal baru yg tidak efektif tetapi intinya sama, bahkan mengganti dgn program yg aneh dan merugikan rakyat, pemimpin yg semacam itu menandakan pemimpin yg egonya tinggi, dan diragukan integritanya, tidak  cuman saya menganalisa, org² di sekitar Pak Prabowo semisi, sevisi atau tidak, dan saya meragukan bila mereka sevisi dan semisi dengan presiden, karena byk hal yg seolah² presiden kita bekerja sendiri tuk kepentingan rakyatnya, entahlah dgn org² disekitarnya, karena bila negara hanya memiliki presiden saja yg benar, lurus, sedangkan elemen pemerintahan yg lain tidak, ada kepentingan lainnya, itu hal yg sangat sulit, kita sebagai rakyat sudah bisa mencium hal² yg aneh ditubuh pemerintahan saat ini, bukan presidennya tetapi sekeliling presiden itu, karena dpr yg katanya mewakili rakyat, malah merampok, mengakali rakyatnya, mentri² yg memberi trobosan yg aneh g masuk akal, tidak singkron kebijakan 1 dgn yg lain, entahlah negara kita ini akan jd apa kedepannya bila byk kepentingan diluar dari kebutuhan rakyat dan negara yg murni, kita sudah diincar di luar sana, karena bila kita menjadi negara maju, negara kita akan menjadi negara yg hebat...",0,2026-04-07T15:40:10Z
@rudythio6561,Emang kondisi saat ini Indonesia sedang tdk baik-baik saja !,35,2026-04-07T15:40:00Z
@HarnadiHarnadi-h8k,Omon omonnyaa udah nggak ketulungan .munafiknya begitu maha munafik,0,2026-04-07T15:39:41Z
@iyongiyong9971,"Kami warga tanggamus lampung, berharap dan berdoa KDM RI 1 dan pak mahfud RI 2  di 2029 nanti 🙏",0,2026-04-07T15:39:40Z
@ratifaanofzasativa8265,Mana satgas reformasi POLRI bapak mahfud kok diam melempem padahal rakyat berharap besar sama tim bapak,0,2026-04-07T15:39:33Z
@caknuraja548,"Dia sudah lupa dengan perkataannya, makanya para pengkritik yg berbeda pendapat akan ditertibkan. Apa arti ditertibkan ???",0,2026-04-07T15:39:05Z
@ijenramadan6488,Cape tinggal di Negara ngawur seperti ini semoga cepat bubar.,0,2026-04-07T15:38:58Z
@murtini-o3n4q,"salam séhat pak Mahfud
tambah kêlihatan sêgêr aja bapak 💪🇮🇩",1,2026-04-07T15:38:43Z
@RohmatMamat-f3t,Negara atau presiden bila sudah terpojok oleh kritikan dan koreksi dari para cendikiawan dan para ahli dan profesional maka negara  mengeluarkan istilah MAKAR sesungguhnya MAKAR dilakukan bila rakyat atau para cendikiawan mempunyai kekuatan dengan menggunakan alat perang. Sungguh bodoh dan pikiran buntu bagi penguasa dan pejabat yg menyatakan ini,0,2026-04-07T15:38:29Z
@ayubikyubi3213,😂😂 tidak apa apa?... Tapi knp HTI di bubarin....,0,2026-04-07T15:37:50Z
@ArisWi-ro1ls,"Wah,memang pak Mahfud cerdas,buku mengenai Prabowo hapal banget sampai halamannya",1,2026-04-07T15:37:47Z
@purwati9955,Negara  omong2😂😂😂😂,0,2026-04-07T15:37:47Z
@marontakiro7724,"Banyak Prabowo  yg programnya gagal total .
Bop gagal tertipu mentah mentah",0,2026-04-07T15:36:35Z
@zirahscarf9456,Teman nya Trump eror semua termasuk wowok,0,2026-04-07T15:36:17Z
@alexhasanudin2713,"KEBELINGER, KATANYA AHLI STRATEGI, NASIONALIS, PEDULI TENTANG KEKAYAAN ALAM IND. EH DIEMBEL EMBEL PERDAMAIAN DUNIA, BOP PADAHAL TRUM  TUJUAN MYA UNTUK MENJAGA ZIONIS DAN MELUCUTI SENJATA HAMAS.",0,2026-04-07T15:36:11Z
@jabirkodir7279,"Lucu saja ada orang teriak2 makar di medsos, Terlihat sekali sengaja dibuat. dagelan pemerintah prabowo😅",0,2026-04-07T15:36:11Z
@ainurrofiq4301,Masih aja sakit hati.. pak mahfud ayo dong semua saling gandeng tangan jgn saling menyalahkan dan serang menyerang...anda kalah pilpres kami semua tau pasti masih dendam...cobalah hilangkan rasa dendam dan mulai bersatu sudah waktunya indonesia maju...lider itu hanya satu..bukan di sana sini jadi lider dlm satu negara...lider negara ya presiden..ayolah bersama sama kita jadikan indonesia maju jgn sok bener semua,0,2026-04-07T15:36:05Z
@bulescvr194,"INDONESIA :
Mungkin Dalam Keadaan Tidak Baik2 Saja!!!
Kasih PAHAM Prof!!! 
Untuk Masa Depan Indonesia.....",9,2026-04-07T15:35:56Z
@rennywidya7387,Pak mahfud ga pernah kritik prabowo yg selalu curhat tiap kalo pidato dan nyinyirin rakyat yg mengritik kebijakan kebijakan prabowo.,0,2026-04-07T15:35:55Z
@mjmu1707,"G ade org berani lawan pribwo,gibran,jokowi",0,2026-04-07T15:35:33Z
@achmadnk2605,Apa kabar kasus pagar laut...?,0,2026-04-07T15:35:03Z
@geboygeboy6159,"Ngeritik demi kebaikan bangsa itu bagus,,yang bahaya itu ngritik demi kepentingan peribadi atw golongan nya... 
Yang di bukus dengan kata demokrasi,atw kebaikan angsa..itu lah yang di sebut setan.berkodok malaikat...",0,2026-04-07T15:35:00Z
@matmat-o4t,tdk akan membesar la rakyat sedang aman aman saja kok,0,2026-04-07T15:34:58Z
@Thiewull-chanel-pt3zb,DUKUNG P MAHFUD  DESAK PNGESYAHAN UU PERAMPASAN ASET,144,2026-04-07T15:34:44Z
@MuhamadThoyib-t2y9e,Yg ingin makar di dor aja rakyat lgi susah cari makan ini pula ingin nambah nambahi beban rakyat susah gk mikir dunia lgi gk baik baik.jgn lah jdi orang goblok.uu aja gk beres negara itu kuncinya UU bro,0,2026-04-07T15:34:28Z
@NiaBelia,Yg bilang itu makar berarti orang bodoh,0,2026-04-07T15:33:10Z
@neniestu7972,Prabowo yess Gibran No,0,2026-04-07T15:33:09Z
@Arie-o9h,Pak Mahfud sehat selalu keren banget mantap penjelasan nya,0,2026-04-07T15:32:59Z
@bapaklukito1295,DPR sudah ketahuan kebobrokan nya,0,2026-04-07T15:32:55Z
@akbarsihombing804,Sangat setuju dgn Syaiful Mizani ☝,0,2026-04-07T15:32:45Z
@h.e.sofyan860,"Sebenarnya dari awal sdh jelas, prabowo penerus nya jokowi, dan berhasil lebih baik prabowo utk merusak negara. Jokowi perlu waktu 10 thn utk menghacurkan negara, prabowo blm genap 2thn Indonesia sdh hancur.",0,2026-04-07T15:32:17Z
@WiwidWidyo,"Kata hati selalu terwakilkan oleh Prof Mahfud. Terima kasih Prof, panjang umur dan semangat terus",2,2026-04-07T15:32:17Z
@eavedroper,"NEGARA HUKUM TAPI DIPIMPIN ORANG-ORANG YANG GAK PAHAM HUKUM, AKHIRNYA JADI MAINAN OKNUM APARAT PENEGAK HUKUM.",0,2026-04-07T15:31:32Z
@YonoBawok,Sehat sehat selalu prof Mahfud md,2,2026-04-07T15:31:29Z
@matmat-o4t,"alah nt jufa fud gak bener, sekarang prabowo buktikan banyak kemajuan termasuk bbm",0,2026-04-07T15:30:59Z
@shandyyoga473,"Yg di elu""kan selalu MBG pak, udah di kritik sampe berbusa eh tetep kekeh juga dianya",0,2026-04-07T15:30:58Z
@ninoscooters,"negara terlemah, terbodoh itu sistem DEMOKRASI, lihat negara2 tetangga kita, disiplin otoriter, malaysia-singapore-vietnam-china-MEREKA lebih maju, di negara demokrasi isinya rebutan kursi-provokasi-korupsi, simpelnya pemimpin negara demokrasi ada 2, pesiden dan dpr ,  presiden buat kebijakan,menjalankan program yg dibawa, membuat aturan, tp bisa di batalkan DPR,tidak di sahkan, di tunda.dll, ya pasti DPR di isi orang2 punya kepentingan yang merasa terganggu akan kumpul disana. negara2 lain sibuk berinovasi, mebuat satelit cangih pengintai, rudal hipersonic, menjadi developer handal, di sini ribut terus sm saudara sendiri, sistem  KOMUNIS/KERAJAAN itu baru cocok indonesia. dan BI harus pro sm pemerintah tidak boleh independen seperti di jpn -chn-vietnam, suku bunga pinjaman bisa di turunkan, penggusaha banyak lagi.lapangan kerja pun banyak.",0,2026-04-07T15:30:56Z
@zulhamsayka9151,"Gusdur pernah berkata orang yg paling ikhlas adalah Prabowo Subianto, kita pernah punya presiden sekelas Wali kita tak berterima kasih, beliau ikut kompetisi 4x, umur sudah Tua, saya percaya beliau nasionalis sejati...kasih beliau waktu...ibarat bangun rumah ada waktu yg di perlukan, memang awal pasti terlihat berantakan tp ada tujuan, niat baik ada tp memang dari pelaksanaan blm terlalu baik, tp SDH terlihat, membiarkan KDM bersinar juga krna ikhlas bekerja, kasih waktu krna dia berusaha bekerja...",0,2026-04-07T15:30:40Z
@hoki527,Hai pak prabowo tonton dan dengarkan podcast ini,43,2026-04-07T15:30:25Z
@matmat-o4t,alah mahfud ini mau brp kali jadi penguasa tp juga diem aja,0,2026-04-07T15:30:16Z
@cemarafam-k9n,MBG otw ke arah yg baik. Sd banyak dapur yg ditutup dan ditindak. Cek di Malang sbg pembanding. Kl koperasi blm jalan sd diobrak abrik dg opini dan fitnah maka perlu diberi kesempatan dan diberi contoh kop yg baik sbg acuan koperasi yg lain.,0,2026-04-07T15:29:48Z
@ozydisini,"Impeachment melalui parlemen itu halal, diluar itu haram.
Sudah jelas2 ada orang yg mengajak/menyerukan di muka umum untuk melengserkan pemerintahan yg sah kalau bukan bagian dari MAKAR apalagi namanya? Berdemokrasi harus berEtika dan berMoral, berikan contoh sehat bagi generasi muda.",0,2026-04-07T15:29:42Z
@mrizkikurniawan3132,"cuman bapak yg berani begini,  menyampaikan fakta yang sangat sulit dibantah",0,2026-04-07T15:29:20Z
@djati-diri,Lewat buku Prabowo sendiri prof Mahfud mengkritik pemerintah yg dipimpinnya😊,0,2026-04-07T15:29:10Z
@didikdoang7628,Kata ahok prabowo itu bukan macan asia tapi *MACAN SIRKUS*,2,2026-04-07T15:27:38Z
@NataliaNatalia-m4i1j,Sakit hati nya dalam sekali pak Mahfudz 😂😂,2,2026-04-07T15:26:55Z
@prihatinpusink651,"Sudah pesimis ttg negara ini.
Sejak merdeka... Korupsi sptnya bukan lagi kejahatan Ia sudah jadi kebiasaan. dipelihara, dilindungi, diberi kursi, diberi hormat, sementara suara keadilan dipermalukan seperti dosa yang harus disingkirkan.",0,2026-04-07T15:26:51Z
@muhammadolii8876,"Semangat idealisme sebelum Presiden dan setelah hampir 1,6 thn ini menjadi relevan dgn pepatah lama ...MULUTMU HARIMAUMU 😊😊😊",3,2026-04-07T15:26:32Z
@h.e.sofyan860,"Lengseekan prabowo, dan bubarkan DPR.",0,2026-04-07T15:26:18Z
@Vibessky77,Masukan yang positif.kritik sesuai dengan apa yang terjadi,2,2026-04-07T15:25:27Z
@hansye57,"Dulu.,  P. Prabowo kritikannya sangat tajam, keras skali dan itu sangat baik, jadi biasa2 saja.🎉",0,2026-04-07T15:25:26Z
@Meli123-dd2fh,"Prabowo hanya memikirkan dapur mbg harus tetap mengepul tanpa memikirkan dapur rakyat yg harus ngepul supaya rakyat tdk kelaparan , ini gara"" program mbg semua harga bahan pokok mahal terutama harga lauk pauk .",0,2026-04-07T15:24:46Z
@AinurRofiq-b3y,Fut fut kayaknya antum  tambah lama tambah jelas sakit hatinya.,0,2026-04-07T15:24:34Z
@KusnantoNanto-q9p,Isu apa ini yg di bahas😂,0,2026-04-07T15:24:31Z
@ima-n8l3l,Rakyat sfh ndak patek Respek dg siemput...setelah salah masuk kandang...ucapanya esuk dele sore tempe....saat menjabat dulu ngapain aja pak...,0,2026-04-07T15:24:13Z
@Dominggusmalo-yl5sp,Kumpulan Orang-orang Rakus pejabat Seluruh Indonesia(KORUPSI),0,2026-04-07T15:23:36Z
@abrahambram8895,kenapa sih dulu Prof.Mahfud ga pasangan sama pak Prabowo?? kok sepertinya susah amat negara ini diberi pilihan yang ideal,0,2026-04-07T15:23:30Z
@hoki527,"Menuju keterbukaan akal sehat,kuliah politik gratis dari Prof Mahfud MD,selalu saya ikuti,salah satu tokoh panutan di negri ini,beliau selalu berkata terus terang karena memang tidak ada beban kesalahan di masa lalu,tidak kolutif nepotis dll,sehat selalu Prof❤❤🇮🇩🇮🇩🇮🇩🇮🇩🇮🇩🇮🇩🇮🇩",0,2026-04-07T15:21:40Z
@herman-i7t,Indonesia ditangan Prabowo kocar kacir,12,2026-04-07T15:20:42Z
@hansye57,"TERIMA KASIH BP. MMD YG SELALU MENDIDIK, MENCERAHKAN N MENGAWAL KEBENARAN TANPA TEDENG ALING2. 🎉",1,2026-04-07T15:20:40Z
@nasrudinlingard6641,"3,5 tahun lagi kelamaan , rakyat sudah muak , bulan juni atau juli tahun ini akan jadi menegangkan....😂",0,2026-04-07T15:20:14Z
@AdeShaladin,"Indonesia di mata Prabowo :
""Bocor .... Bocor .... Bocor ...!!!"".

Indonesi di Tangan Prabowo : 
""Ancurrr ... Ancurrr ... Ancurrr ...!"".",0,2026-04-07T15:19:29Z
@adrialiayub7597,"Saya punya dan sudah 2x selesai membaca buku Paradoks Indonesia, kesimpulan saya baru lebih kurang 10% yang teraplikasi dalam kebijakan pemerintahan Presiden Prabowo.",1,2026-04-07T15:18:33Z
@DadangDharma,MANTAP PAK MAHMUD  AKU SETUJU,74,2026-04-07T15:18:22Z
@bijonearc3233,"Prabowo ibarat main sepak bola udah ""Offside""",0,2026-04-07T15:18:13Z
@irapitriani8209,Saya memilih prabowo pak dan mempebgaruhi banyak orang untuk menilih beliau tapi sekarang saya adalah orang yang paling ingin lihat dia turun sejak melihat program mbg yang sngt bodoh menurut saya sebagai masyarakat kecil saya bukan mau makar tapi saya sudahh muakkk dengan kepemerintahan beliau,0,2026-04-07T15:17:22Z
@hermahiru,"Bener banget ini prof,, sebaiknya sistem politik kita ini diubah seperti apa? Apakah demokrasi masih relevan diterapkan krn faktanya sistemnya seperti kerajaan,, Raja atau Presiden bertitah tidak ada yg melawan, DPR RI nya juga manut diam dan tidak berupaya mengubah sistem politik yg anti neoliberal, antinekolim,, mohon dijawab prof secara hukum,,",0,2026-04-07T15:16:57Z
@warsito3674,"Pak Prabowo rakyatmu menaruh harapan besar pada bapak, sebelum jadi lantang mau ini mau itu setelah jadi nahkoda kok kayak gini, program2nya kayak gak di konsep di mitigasi mana yg orgen mana yg belum lihat kemampuan keuangan negara seperti apa, jangan memaksakan keuangan negara belum mampu yaa pelan2, agar jangan alihkan keuangan pos2 yg lain,mbg semampunya dulu  jangan alihkan dana pendidikan dana pendidikan tidak kalah penting dengan mbg sebab aslinya satu tali rantai yg slalu berkaitan mbg dan pendidikan, tata kelola mbg di benerin agar tidak banyak mbg yg tidak di makan anak didik mungkin karena menunya tidak cocok, anak orang kaya gak perlu fi kasih mbg jelas tidak mau makan cucu saya kan orang biasa tidak mau makan mbg apalagi anak orang kaya kan mubasir kalau gak di makan ini perlu metigasi yg teliti tidak asal2an , APBN jangan dipakai yg kurang orgen ini harapan rakyat",0,2026-04-07T15:16:56Z
@DetektifLangitan,Hadiah asal coblos di pilpres 2024 pahitnya dirasakan semua WNI.😢,0,2026-04-07T15:16:28Z
@AndiSukono-rq4dh,Perseden yg pro rakyat hanya bp jk wi dodo  wowo asal jgn pro  eropa. Yg  sadis  merangi  negera islam harus di turonkan,1,2026-04-07T15:16:09Z
@sin_mura313,"Dari 4 orang capres /cawapres hanya pak Mahfud yng peduli kondisi bangsa yng carut marut  , yng 3 lain nya diam saja ....mengecewakan",0,2026-04-07T15:16:06Z
@marsudiimam179,Rakyat sdh muak melihat kebobrokan para pejabat negara ini Prof.,0,2026-04-07T15:15:59Z
@alisadikin3384,Siapapun yg pimpin negeri ini bahkan orang terbaik terpintar bangsa ini. Saya yakin takkan mampu membawa Indonesia makmur sejahtera.,2,2026-04-07T15:15:52Z
@wirobaskoro,Betul Pak Mahfud ❤❤❤,2,2026-04-07T15:12:35Z
@Bantani198,Selamat Paskah buat semuanya,19,2026-04-07T15:11:35Z
@abdulmujib1145,Kalau pak prof Mahfudz MD yg bicara 100% saya sebagai warga masyarakat Indonesia setuju,1,2026-04-07T15:10:35Z
@SARAALFALAH-y3d,Dukung prabowo presiden seumur hidup...,0,2026-04-07T15:10:19Z
@Sportonsub,"Saya siap gantung diri,, kalau pak Mahmud di kabinet, pasti kalimatnya akan beda ...!!! Seperti di era Jokowi dulu,,",0,2026-04-07T15:10:17Z
@myliveindonesia.4449,"Yang jelas saya rakyat Indonesia merasa bangga atas kepemimpinan bapak Prabowo Subianto dengan program yang di jalan kan sebagai presiden RI meskipun juga itu belum seratus persen namun dampak program nya sudah di rasakan sebagian rakyat kecil seperti saya ini sudah merasakan nya.
Kata orang menjalankan program pembangunan tidak gampang.dan rakyat juga seperti aku ini merasa aneh atas permintaan saudaraku se bangsa se tanah air akan terpenuhi sesuai kalian mintakan maaf pak bapak profesor Mahfud MD",0,2026-04-07T15:10:08Z
@Ruumahid,"Ternyata isi bukunya sama praktek beda jauh ya, berarti omon2 sejak dulu...😊",0,2026-04-07T15:10:03Z
@uchihaitachi19011,"Maaf prof kli ini sya sngat tdk stju dg pndpat tntg saiful mujani, feri amsari dan cak islah. Itu lbih mrip prfokasi bkn krtikan. 
Ko mkn ksni mkin jls prof lbh cndong mmbela profokator",1,2026-04-07T15:10:00Z
@AgusSalim-g8x1f,Diskusi Mulu ceramah mulu tapi ga ada reaksi sama sekali dah tau negara rusak begini tp paravelit hanya diam .... Pak Mahfud MD tolong kalau rasanya dah ga bisa di perbaiki lagi tolong kerahkan lengserkan Prabowo,0,2026-04-07T15:08:36Z
@radenparabola8785,"PRABOWO SEKARANG SUDAH PIKUN, JADI SUDAH LUPAKAN ISI BUKU YANG DIA TULIS SENDIRI, 
APA KITA MASIH PERCAYA PADA ORANG YANG SUDAH PIKUN?",0,2026-04-07T15:08:28Z
@jayaqueputra5705,Mahfud-ahok sih ini.. ahok wakil biar hajar administrasi 1 negara. Dan ahok harus keluar dr PDI😊,0,2026-04-07T15:07:39Z
@djoko8676,Itu sama aja ajakan bos😂😂,0,2026-04-07T15:07:20Z
@khadafiharahap,TAMPAKNYA belum IKHLAS KALAH😀😀😀😀😀😀😀😀😀😀😀,0,2026-04-07T15:07:20Z
@asep007-t4t,Terima kasih Pak,66,2026-04-07T15:07:00Z
@HikmatTaufan-xu2jc,"Cawapres kalah lagi ngelantur

Wkwkwk",0,2026-04-07T15:06:59Z
@marihottobing9805,"Makana pemenang sbg presiden, kabinetnya orang2 dr orang2 separtai dg presiden aja. Jadi gak ada titipan dll.",0,2026-04-07T15:06:27Z
@syaifulssd,Nasib Reformasi Polri bagaimana?,0,2026-04-07T15:05:12Z
@MuhammadNurFaridz,"pak Mahfud anda ngga bakal jadi presiden atau wakil presiden kalo jadi oposan seperti ini, seperti pak Amien Rais",0,2026-04-07T15:05:11Z
@biancha777,"Betul.. Pemakzulan Hak konstitusi Rakyat, Hak demokrasi .. Kudeta darimana? Rakyat ga punya senjata/ga punya kekuatan Militer. Kritik itu bentuk cinta Rakyat terhadap negeri.. Jngn diasumsikan makar",57,2026-04-07T15:04:57Z
@Apem-n7g,"24:00 kalau anda merobek robek hukum harus siap mrngambil resiko.
Langsun keinget si wakilnya presiden😂😂😂😂😂",0,2026-04-07T15:04:55Z
@laksamanaaro3141,Lucu yaaa sekelas pak prof ini menormalkan makar. Ya intinya gtu2 aja terus kita mau maju langsung di intinidasi oleh luar lewat orang dalam ya akhirnya ga maju maju. Itulah kelemahan demokrasi ciptaan amerika buat negara negara berkembang yg mau maju. Dan berdiri di kaki sendiri.,1,2026-04-07T15:04:54Z
@agusagustian1541,"Kritik boleh pak Mahfud, tp kalau pengamat yg kumpul di utan kayu terutama si Saiful punya niat mau menggulingkan apakah itu kritik? Pak Mahfud harus peka dan fair menyikapinya , jgn ikut mendukung orang yg mau menjatuhkan Prabowo,",0,2026-04-07T15:04:29Z
@Bapak-bapakBapak-b1d,kami masrakat indonesia bilah peresiden tida kerjasama masrakat wajib di turungkan,0,2026-04-07T15:04:21Z
@cumapenonton4286,Semua presiden Indonesia ga pernah ada yg menyejahterakan rakyat.....tetapi menyejahterakan partai2 .... seharusnya yg menjadi anggota DPR Dan mpr itu jangan Dari partai....tetapi Dari akademisi.....dengan sistem semua universitas mengajukan calon Dari dosen2 yg memiliki kontribusi di universitasnya....Dan dipilih rakyat.....jadi ketika presiden menggunakan menteri Dan wamen Dari partai bisa diadili dengan objektif ketika di senayan....bukan seperti sekarang.... mentang2 ketua oartainya jadi menteri....kepala komisinya di dpr ga trima disinggung di rapat......kacau kalo gini....,0,2026-04-07T15:03:26Z
@pambudi_pati,MBG makar bergizi gratis,0,2026-04-07T15:02:46Z
@AdePazrevi-f1l,Prof Mahmud MD.. ternyata masih kontribusi KPD NKRI.. Mardeka,0,2026-04-07T15:02:43Z
@RosalinaBanunaek,Aku suka komen negarawan kami di rakyat kecil mau lanjutkan prog tapi beda sama ke orba,0,2026-04-07T15:02:38Z
@darmantolakapantare4740,Bukan kritik itu.. sakit hati..,0,2026-04-07T15:02:34Z
@aimgaming2629,"Jangan pernah percaya sama omongan yang keluar dari mulut orang, yang kalau kenyangnya diem, kalau lapernya berisik.
Nyaman kalau lg didalem rumah, merasa kedinginan kalau lagi diluar!",0,2026-04-07T15:02:14Z
@ZamRoni88,Opp iyo,0,2026-04-07T15:02:12Z
@Maryogudang,Berarti dr awal emang bacotnya sj yg gede😢,0,2026-04-07T15:02:05Z
@ratnoratno3377,"Semua ini krena partai di indonesia ga ada yang niat untu membangun negara mau apapun itu partaiya, yana ada partai di negara kita ini ibarat kandang tikus cumab bisa melahirkan ara koruptor yang semakin menjamur, karea sitim di negara kita yang  salah",0,2026-04-07T15:01:48Z
@MandallaQidsiChanel,"Program unggulan presiden seperti MBG dan KDMP serta politik luar negeri semuanya seolah tak ada check n balances dari DPR sehingga rakyat gaduh tanpa penjelasan yg valid.
Ini adalah bentuk pemerintahan otoritarianism, bukan lagi demokrasi.
Kritikan² yg masuk harusnya mendapatkan atensi yg serius sbg evaluasi jalannya pemerintahan.",167,2026-04-07T15:01:32Z
@MinakJinggo-q3g,"Jokowi PKI...
Masih bebas gentayangan cabik cabik hukum dan iman Bangsa ini...",0,2026-04-07T15:01:19Z
@yudisuyudi6902,"Ko bohongnya sama dengan Jokowi ttg mobil yg dibuat sendiri ""SMK"", tapi impor lagi ?",0,2026-04-07T15:01:10Z
@sanusiak2939,"Udah betul 2014 dan 2019 ,eh malah terjadi di 2024 ,omon omon",0,2026-04-07T15:00:52Z
@toroalmira7293,Solusi nya simple RESET ulang...,0,2026-04-07T15:00:16Z
@basyaruddin6409,"Pak Mahfuz, Prabowo sudah lupa karena nilai 11 dan sudah pikun, yang penting jadi presiden. Saya dapat juga buku Paradoks",0,2026-04-07T14:59:47Z
@Sportonsub,Yang bilang makar siapa sih?? Pak Prabowo gak mungkin bilang makar,0,2026-04-07T14:59:36Z
@david.afriadi,"umur angkatan beliau pa mahfud sdh di masa tua, yg di tkutin di saat ada org yg jujur utk konstitusi negri ini sdh tdk ada umur lgi, apakah ada lgi org2 jujur utk mnggantikan beliau2 mensejahtrakan,membela rakyt yg lemah ini, utk bangun negri ini dgn tulus dan jujur😢",0,2026-04-07T14:59:29Z
@WargaMelas,"Contoh2 yg dikata Mahfud MD artinya hal yg melanggar kalo menang bisa dikatakan sah. Vice versa, kalo Pemerintah melakukan pelanggaran dengan membabat pelaku penggulingan pemerintah atau kekacauan sesadis apapun sah kalo menang. Lalu buat apa kita selama ini mengungkit-ungkit pembataian anggota PKI? Buat apa kita mesti peduli dg Kamisan?",0,2026-04-07T14:58:54Z
@Pine-Star,Apakah penulis buku Paradoks Indonesia lupa bahwa beliau pernah menulis buku Paradoks Indonesia?,0,2026-04-07T14:58:15Z
@disbunmegrk8965,ooo Prof. Mahfud mundukung penjatuhan Presiden di luar cara konstitusi ya?,0,2026-04-07T14:57:52Z
@taufanmaulana460,Prof. Mahfud Sehat selalu.. terus bersuara kebenaran !!,134,2026-04-07T14:57:52Z
@soupianMuhamad,kasus kepala desa apa kabarnya..../?,0,2026-04-07T14:57:30Z
@Alang-y1i,"Pak Presiden Republik Indonesia  Prabowo Subianto ini orangnya ga suka kalau di kasih tau, akan sangat tersinggung jika ada yang mengkritisi, mencacat pekerjaan maupun dirinya(KECUALI oleh  FUFUFAFA dia ga tersinggung malah bahagia)

Itu sifat dasar manusianya, maka sampai kapanpun kelihatannya akan sangat sulit memberi tau beliau pak Presiden Republik Indonesia Prabowo Subianto ini.

Orang dengan karakter seperti itu biasanya kalau sedikit saja di kritisi maka dadanya akan sesak, kepalanya langsung berdenyut keras, telinga berdenging, suara bergetar, nafas terengah-engah karena sulitnya menahan emosi(hal ini sangat terlihat saat di tanya oleh mbak Najwa Shihab)",0,2026-04-07T14:57:08Z
@lalusambuan5374,Emang udh itu besiknya dr dulu pas msh aktif apalagi dia sedang berkuasa ...paraaaah...,0,2026-04-07T14:56:56Z
@johnnypitstop1095,"Kalo Pak Prabowo mundur, yg menjadi pengganti sopo? Gibran donk? wkwkwkwk.....",0,2026-04-07T14:56:42Z
@sudahridoank396,Mantap penjelasan pak Mahfud MD ❤❤❤,43,2026-04-07T14:56:27Z
@jayanwar6444,Indonesia punya manusia cerdas dan berintegritas spt prof. Mahfud tp sayang sekali  diabaikan penguasa. Kl bukan krn takut jadi penghalang niat jahat apa lagi coba?,0,2026-04-07T14:56:22Z
@dedehook304,BERKEDOK PARADOK INDONESIA RAYA di OBOK OBOK. MENUJU BOBROK.,0,2026-04-07T14:55:47Z
@fitri3ni838,Segera Brantas penyerang pemerintah rakyat bersama pak prabowo,1,2026-04-07T14:55:16Z
@br.artocssr2528,"Sehat Selalu Presidenku
Menurut keyakinan saya Pranowo adalah Pribadi yang Nasionalis ❤",1,2026-04-07T14:55:07Z
@WargaMelas,Mengkritik tapi mengajak untuk menurunkan presiden apa disebut kritik? Apa kalo mengajak memb*n*h ke orang lain bukan tindakan sebuah ancaman?,0,2026-04-07T14:54:55Z
@prtahmd,"Anwar Ibrahim tua tapi Malaysia keren ya,",0,2026-04-07T14:54:51Z
@nabhannuro4373,"kasihan banksa ini dibiarkan sendiri, leadernya menghianati, orang bijaknya jalan sendiri sendiri, kapan bs ini mendapatkan pembelanya   ....!!!!",0,2026-04-07T14:54:38Z
@URC_kOBRA,"4 kali pemilu sy selalu pilih pak prabowo, krn sy yakin klu indonesia di pimpin oleh nya indonesia bakalan maju. Cuma 1 program yg harus di evaluasi yaitu MBG, alangkah baiknya bila MBG di kelola oleh umkm di sekitaran sekolah gotong royong, jd hasilnya kerasa ke umkm, kalau skrg kan, yg kaya makin kya jadinya, semua vendor2 dapur MBG dikuasi org kaya😢",0,2026-04-07T14:54:11Z
@kimwinchester5392,itu sah makar pud 😢😢😢😢,0,2026-04-07T14:53:32Z
@izzam-ju5cy,"Kalo omon"" aja tanpa ada pergerakan tdk mungkin ada perubahan sprti 1998...
Hancur indonesia kalo sprti ini terus...kritikan dianggap ancaman, korupsi dimana mana, kasus ijazah yg diduga palsu blm ada keputusan...de el el masih banyak lg 😅
Kapan indonesia ini aman, damai, sejahtera gemah ripah lohjinawi..",0,2026-04-07T14:53:29Z
@Faizal835,"aku cuma mau bilang, selamat menikmati Rakyat Indonesia yang 58% warga Indonesia. 

aku sudah kapok sama politik. 
dulu aku mikir Jokowi orang jujur, ternyata TAMAK JUGA.",0,2026-04-07T14:53:27Z
@mbakiffaah,DPR..SDH tidak berfungsi,0,2026-04-07T14:53:24Z
@br.artocssr2528,"Sehat Selalu Prof
Tuhan jaga Prof
Selamat Paskah Untuk Prof❤",2,2026-04-07T14:53:01Z
@FaqihAl-l5b,Memang sengkalah gakno seng legowo nek gak digawe mesti ngoceh GK perduli iku profesor opo doktor Kabeh iku basih. 12:44  Jawa timur ayem.udah pak pud .GK usah pakek teori wong cilik seng penting harga² terjangkau terus presiden Prabowo Gibran oke.,0,2026-04-07T14:52:59Z
@aryasena8068,Superman aja g bs beresin mslh indonesia dlm waktu 5 th. Bkn hanya 93% politikus pembohong. Tp 98 % pak . Terlalu munafik ..,0,2026-04-07T14:52:43Z
@PakdeSusChannel,"Imajinasi : Paradoks Indonesia... 
Realita : Paradoks Prabowo....",0,2026-04-07T14:52:24Z
@Arismaya_,"Presiden terobsesi untuk eksis di dunia internasional dg dukungan kpd negara dzalim spt US dan Israel. Ini sikap yg aneh dan tdk sejalan dg konstitusi! Sikap ini secara massif ditolak rakyat dan sangat banyak pakar2 politik dan diplomat mengingatkan. Belum lagi. masalah dalam negeri yg masih karut marut dg situasi peninggalan rejim sebelumnya,  Jika tdk ada perubahan sikap radikal, sy yakin Prabowo akan jatuh dlm waktu dekat> Sy yakin!",0,2026-04-07T14:52:01Z
@Ringgo574,Dan tiba2 datang motor MBG,0,2026-04-07T14:51:56Z
@murnimakesha8091,"Terlalu bayak yang pintar di negri ini pintar ngoceh pintar nipu pintar menilai sedikit yang pintar bersyukur ,jangan sering ngomong hancur negri ini  kalau hancur itu kehancurannya kalau jaya itu kekayaanmu ,doakan negara dan pemimpinmu itu tugasmu kalau orang baik",0,2026-04-07T14:50:58Z
@primadona12,"Bagaimana Prof. MD setuju saat Prabowo di katai Pikun(Dimensia), Prabowo di Makzulkan, kalau kelompok Nyinyir tak mau Adil daripada apa yang sudah di lakukan Prabowo hingga saat ini??!",0,2026-04-07T14:50:18Z
@Doelpiye,"Penginnya rusuh bae...? REVOLUSI.....??? 🤣😎 Kalo Indonesia rusuh kisruh apa yg didapat oleh rakyat selain kesengsaraan ??? Klo pa jabat + elite2 Parpol & orang2 kaya mungkin tabungan nya bejibun? milyaran ga ada masalah ! kapal mau tenggelam kek kakek bodo amat ☝️..... Tapi ingat dan sadarlah...☝️ Rakyat bawah yg paling menderita akibat kerusakan dan kehancuran sebuah Negara apapun alasan dan tujuannya..☝️ Krisis dan Tragedi berdarah th 98 atas nama REFORMASI tidak membawa dampak apa apa terhadap Bangsa ini selain menghasilkan kemiskinan akuttt seumur umur... Tidak membuat Negara maju dan rakyatnya makmur 😎 
Siapapun yg jadi Presiden... Negaranya + rakyatnya bisanya cuman pinter numpuk hutang.. Gali lobang tutup lobang 😪 ahire dua2nya sama2 pusying... kalian jangan hanya membual dan membodohi masyarakat ☝️Kau fikir dg mengganti Rezim spt th 98 urusan Negara dg sgl tetek bengeknya bisa diselesaikan dg mudahhh ???? Bulsyettt...! Sungguh2 langkah bodoh &  Gila.. Berhentilah berhayal yg tak ada manfaatnya buat rakyat kecil dan miskin... ⛹️‍♂️⛹️⛹️‍♀️",0,2026-04-07T14:49:43Z
@iwankhungkul5433,Menjabat hanya mementingkan perut sama di bawah perut doang,0,2026-04-07T14:49:25Z
@muhammadjunaidi2288,Omon omon dong,0,2026-04-07T14:49:12Z
@uripmahfudchanel988,Semakin aneh negara kita tercinta ini.😢😢,0,2026-04-07T14:48:01Z
@ahalahal-kl3cd,MBG Makin Banyak Gaya ... tapi miskin karya 😂,1,2026-04-07T14:47:18Z
@sartonohartoko8904,Kurang setuju kalau Sukarno melawan belanda sbg contoh. Bukankan belanda itu penjajah? Kok prof .bilang spt itu aneh ini .,0,2026-04-07T14:46:19Z
@WuliAji,"Mahfud Mahfud cerdas banget KLO diluar pemerintah ,,, 
Giliran didalam kicep😂😂😂😢",1,2026-04-07T14:46:05Z
@i_said6605,Kemakan omongan/tulisan/angan²nya sendir😫😫😫,0,2026-04-07T14:45:53Z
@arioctaviyan4649,"Mahfud mahfud, ketika diluar lingkaran nyaring, ketika didalam diam sja. 🐍",0,2026-04-07T14:45:31Z
@lhashpia,"Prabowo ini keblinger sama kekuasaan, udah enak jadi raja dipuja-puja. Kslemahannya si wowo itu pujian ditambah bego baca data. Suka baca buku bukan berarti pintar, tergantung bukunya, wowo suka baca buku tapi oon",0,2026-04-07T14:45:22Z
@totoksantososediyanto,Semua ngomong DEMOKRASI....DEMOKRASI.....DEMOKRASI......bosan pak.,0,2026-04-07T14:45:07Z
@dedeilyas6308,"Presiden ga dgr kritikan dr masarakt, mnrt sy terll angkuh dia cr mimpin negara ini",0,2026-04-07T14:45:06Z
@analisa_Agus_DR,"Saya tidak mengerti atas kalimat prof sauful muzani:""Prabowo tidak bisa dinasehati. Dia cuma bisa dijatuhkan dengan mengonsolidasikan masa."" Apakah itu bentuk kritik atau provokasi? Kalau yang berkata itu tukang beca atau preman itu tak berdampak. Saya juga tak faham prof mahfud masih membela bahwa itu kritik. Di mana unsur kritiknya? Semuanya hanya bentuk kejengkelan yang mengkhianati demokrasi itu sendiri. Kalau dia bilang lewat pemakzulan lewat MPR saya masih bisa mengerti. Kita sudah sepakat Pilpres langsung. Kalau digulingkan dengan masa tanpa alasan yang jelas itu juga apakah kita masih mempertahankan demokrasi. Atau menurut prof muzani sesuai seleranya sendiri. Itu dia itu sombong dan arogan membuka topengnya sebagai seorang tirani murni.",0,2026-04-07T14:45:00Z
@richyjunior7629,"Kritik bolehlah, tapi kalau ada kesalahan langsung minta diturunkan mau sampai kapan kondisi negara stabil? Kondisi sedang kritis begini pola pemerintah yg otoriter yg paling tepat",0,2026-04-07T14:44:49Z
@zultetew9585,"Bowo makin bringas,makin angkuh entah bagaimana nasib negara ini nanti, terutama program mbg yg paling merusak",0,2026-04-07T14:44:48Z
@AguslaNian,"Pemimpin kepala BATU,",0,2026-04-07T14:44:13Z
@MarhaenSulistyanto,Ini orang bukanya pernah ngurus negara.,0,2026-04-07T14:44:07Z
@vanbeesquerpeen3861,"pak, Terus Terang dong pak, apa kabr reformasi polri",1,2026-04-07T14:44:03Z
@Jujinasriju,Sehat selalu pak de,7,2026-04-07T14:43:46Z
@annaanna8292,Sayangnya setelah jadi presiden sangat beda,0,2026-04-07T14:43:41Z
@sulaimidkis,"Yang nerima kritik dan langsung memperbaiki nya, ya cuma KDM 😊",0,2026-04-07T14:43:41Z
@ngopidulu5677,"Oh, jadi baru berusaha untuk bicara jujur... ; jadi selama ini belum jujur ya Pak??",0,2026-04-07T14:42:57Z
@LaksanaDedeS-p2c,Sulit rakyat Indonesia menurunkan Prabowo. Sesulit rakyat Amerika menurunkan Trump. Sialnya keluhan dan kritikan kepada Prabowo serupa denhan keluhan dan kritik kepada Trump. Keduanya sama sikap dan cara mengambil keputusannya. Dan keduanya sama pemimpin yang sah dipilih oleh rakyatnya. sama memiliki pendukung yang fanatik. Tapi keduanya sama anti kritik..,0,2026-04-07T14:42:12Z
@muhammadaulianda69,Buka komen isinya 80% buzzer fanatik 😂,0,2026-04-07T14:41:24Z
@setiawan5050,"Prabowo itu OMON OMON, dia hanya sebatas ""udah yg penting Presiden""",12,2026-04-07T14:41:18Z
@rofinussuba5046,"Harap semua kita sabar,, nanti 2029 baru kita tentukan pilihan kita",0,2026-04-07T14:41:16Z
@DesaSitandiang,"Menyangkut pedoman bukunya Prabowo untuk menilai Prabowo. 
Saya kutip ucapan pak Mahfud juga bahwa mereka yang dulu yang protes untuk menurunkan Suharto karna korupsi pada akhirnya mereka juga yang masuk penjara akibat korupsi",0,2026-04-07T14:41:03Z
@PasandaSanda-su5rk,"Prabowo itu sakit NPD... thn 2029 umurnya 78 tahun, mau nyalon president lagi????... amit amit deh.... 😅",0,2026-04-07T14:40:59Z
@MoonlightSonata-69,"Ya begitulah kalo ngobrol dengan orang NPD, lebih baik ngobrol dengan tembok. Trump pun juga NPD. Si ono juga sama2 NPD, sama2 suka joget di panggung, sama2 tidak mendengarkan orang lain (Congressman/DPR), dan kemiripan lainnya.
NPD itu sangat susah mendengarkan orang lain dan keras kepala karena mereka menganggap dirinya itu paling hebat dan orang lain itu ada di 1 level di bawah dia, bahkan Dokter pun akan diajak debat dengan argumen pembenaran mereka.
NPD juga sangat haus pujian dan pengakuan orang lain sehingga gampang dibohongi oleh penjilat2, marketing lobby2, laporan ABS (Asal Bos Senang), dan lainnya.",0,2026-04-07T14:40:27Z
@Nobodysouls4444,2029 Indonesia bubar!,0,2026-04-07T14:40:26Z
@Ciput,"80 thn merdeka …
tua usianya doang
Rakyat ikut tua juga ekonominya 😂ekonominya kayak lansia terseok seok",0,2026-04-07T14:40:04Z
@akal11977,paling juga usaha si jangkrik solo .. ngebet cebokin bacah,0,2026-04-07T14:39:47Z
@achmadEff-c8f,Bolak balïk bel@yang ke luar negri jd hobby mumpung ada APBN hasil dari pajak dan utang lagi ūtang lagi Hasilnya omon2 doang....,0,2026-04-07T14:39:26Z
@f.a.i1112,Pemilu harus di ulang sampai janggar menang 😂😂😂,0,2026-04-07T14:39:13Z
@IlhamWantoro,Siapa yang menabur angin ? Sipul akan menuai padi,0,2026-04-07T14:39:09Z
@hendrayuda258,"Yg kritik ingin memaksakan keinginan pemerintah ganti dan pemerintah jg memaksa trs melanjutkan. 
Biasa itu saling kuat2n nafsu utk harapan nya msg2. 
Jd lanjutkan aja kalian semua yg punya nafsu, habiskan fisikmu dan saya ttp menonton aja kalian bertarung. Selamat berjuang kwn. Semoga Allah Swt mengijinkan salah satu diantara kalian.",0,2026-04-07T14:38:31Z
@mulantaipei,POKOKNYA PROFESOR 2 YG MAKAR INGIN JATUHIN PRESIDEN DN LAINNYA YG BIKIN GADUUH SEGERA TANGKAP SOOK PALING BISA DN PINTER NGEEBEET AMAT 😎😎 GAK DIPILIH RAKYAT INDONESIA 😎😎,1,2026-04-07T14:37:38Z
@ridwanhanny9889,Presidenku❤❤,0,2026-04-07T14:37:32Z
@ahmadsyaifullah7921,Mirip lah sperti junjungannya Mr Jack yg sen kanan belok kiri😂.. pantes mereka bersekutu orng samaan😂,0,2026-04-07T14:37:30Z
@IWAN6446,Mfud ketularan caplin ikutan gatel😄,0,2026-04-07T14:37:24Z
@smallselfuniverse4664,"Cukup di ketahui bagi kita rakyat jelata yang tidak bisa berbuat apa-apa, yaitu : pemimpin goblok akan menutupi ke goblokan nya dgn satu jurus saja : otoriter !",28,2026-04-07T14:37:16Z
@karangharjokragan-v9c,solusine besuk ganti presiden,0,2026-04-07T14:35:49Z
@ArisPunari,Benar pak mahpud,0,2026-04-07T14:35:33Z
@chuboiel1363,"STOPP MBG,,,MBG MERACUNI ANAK BANGSA,BERGIZI KORUPSI BUAT PENGELOLA SPPG DAN KELOMPOKNYA,MASIH BANYAK DAPUR MBG YG SEDANG MEMBANGUN,SEBAIKNYA TUTUP",0,2026-04-07T14:35:27Z
@hevfanhevfan,"Sejak awal mulai dari masa kampanye bahkan sebelumnya lawan politik sibuk menjatuhkan pak Prabowo sedangkan pak Prabowo nya sibuk memikirkan kerja nyata, jd ga usah heran lah sampe hri ini mrk masih sibuk dengan pak Prabowo sampe ga ada aktivitas yg lebih bermanfaat yg dilakukan untuk negara",0,2026-04-07T14:34:42Z
@Sportonsub,"Pak negara sedang perang hebat,, pak Prabowo belum bisa urus masalah perorangan, lagi urusin rakyat.. kenapa sih gak ada yang sadarr",0,2026-04-07T14:34:35Z
@natapasla461,Reformasi polri gimana kabarnya pak?,0,2026-04-07T14:34:16Z
@Iwan-m5f,"Prediksi Prabowo 2030 bubar 😂
Ehhh dia sendiri yg mimpin menuju 2030,Ojo bubar Sik pak aku rung rabi 😂😂😂😂😂😂",0,2026-04-07T14:34:02Z
@Bangrohib01,DPR kumpulan mafia,0,2026-04-07T14:33:44Z
@jonkespleng6136,"Bukunya MACAN SANGAR..
Actionnya MACAN OMPONG..",96,2026-04-07T14:33:39Z
@reregobel4472,Iki PK mafud kok mlh mendukung musyani piye to ki,0,2026-04-07T14:33:28Z
@KomalaIma,"chanel kontra pemerintah ini mh, pas mahfud md lagi, mantan lawan pemilu ni mh.",0,2026-04-07T14:33:09Z
@syahwalfa517,Paling bener adalah ganti sistem bukan demokrasi ga cocok untuk negara ini,0,2026-04-07T14:33:04Z
@bpkrafinisabwi8957,INDONESIA ditangan Prabowo makin menuju kehancuran.  indikasi harga2 barang makin naik diluar normal. Korupsi berjamaah dan dilegalkan MBG.,0,2026-04-07T14:33:01Z
@eviehellen7038,Hanya modal ambisi utk jd presiden tanpa ada kemampuan…keras kepala pulak..itulah Wowo,0,2026-04-07T14:32:33Z
@kuhakuchanel5116,"Menjatuhkan presiden itu gampang yg susah setelah jatuh siapa yg cocok jd penggantinya, jangan sampe setelah jatuh malah terjadi konflik kepentingan dan kerusuhan itu malah bahaya bagi kesatuan Indonesia.


Kita mengkritik karena cinta Indonesia bukan pengen Indonesia bubar",36,2026-04-07T14:32:23Z
@AsmaIlahi-y2y,Pak Mahfud ini yang cocok kalau bergandengan dengan pak Anis Baswedan Ayuk maju bisa cocok sepak terjangnya,0,2026-04-07T14:31:39Z
@Car-kr5ok,BETAPA BAHAGIANYA INDONESIA JIKA KEMARIN YG JADI GANJAR MAHFUD,1,2026-04-07T14:31:15Z
@BoeYa72,Negara ini lagi sakit gigi..😂,0,2026-04-07T14:31:08Z
@adikasetiyadi1443,Wkwkwkwk presiden bukan ketua Rt. Ketua rt aja ga mungkin ngikuti maunya masyarakat satu2 pasti ada setuju ga setuju. Apalagi presiden. Yg jelas Rakyat indo hampir 300 juta.. semua bisa kritik tp jgn minta semua kritikan harus di jalankan.,0,2026-04-07T14:30:55Z
@Alff_roblox,"Pemimpin yang tepat ... Kesejahteraan Rakyat, Sekolah gratis sampe kuliah ... beri tempat dan fasilitasi Manusia2 cerdas untuk kembangkan/ riset2 ... kurangi impor fokus bikin sendiri ... serta tumpas penjahat/mafia/ KORUPTOR ... kunci jadi Negara Super Power, adil, makmur, bahagia ...",21,2026-04-07T14:29:56Z
@DesiGuci-l5v,Fakta.!!!   Ini lah alasannya... baru tahu. Knp.3 ×  nyapres wowo gagal terus..???   Karena Allah maha mengetahui . Apa apa yg  tdk kita k tahui...tuhan tahu   siap dn apa yg di butuhkn oleh bangsa ini...syukur nya  aku tdk pernah  milih jokowi  2 peride dn    wowo...,0,2026-04-07T14:29:14Z
@AYah-nd6zp,hampir 18 bln NEG smakin KACAW Ekonomi dn Bobrok HUKUM pninggalan Rezim Lama..😭🇮🇩😭,0,2026-04-07T14:28:11Z
@brayn195,"BPK Prabowo itu menurut keyakinan saya, terlalu cenderung ingin terlihat wow Dimata dunia, padahal konflik di dalam negri jauh lebih penting,alhasil bnyk masalah yg terabaikan, bnyk kasus yg berhenti tengah jlan tanpa kepastian,Tolong BPK Prabowo bpak itu punya kuasa penuh di negri ini dengarkan suara rakyat mu jangan dengar org org disekitarmu yg bnyk penjilat nya sadar pak sadar.. bangkitkan jiwa patriot mu jgn takut pada rezim manapun,
Tegak kan keadilan krna rakyat tau mau yg sungguh"" kerja buat rakyat. Perihal mbg sudah stop dlu pak,lebih baik kaji ulang kembali jgn memaksakan jika pakta nya menjadi beban kedepan nya . Smoga lekas membaik Indonesia ku❤❤",75,2026-04-07T14:27:58Z
@Djuneidi67,Bljarr gratis...,0,2026-04-07T14:27:56Z
@mbakiffaah,"Tim reformasi polri.
Mana langkahnya selanjutnya",0,2026-04-07T14:27:44Z
@aminlasiemen1486,"Pada intinya kalo belum menjabat ide dan gagasanya seperti benar, seakan akan membela takyat.
kalo sudah menjabat terjebak dengan koalisinya sendiri.",25,2026-04-07T14:27:15Z
@Dedinugraha-d4q4h,Menurut saya pribadi dia Prabowo bukan presiden...!!!,0,2026-04-07T14:26:44Z
@umbuhandi5492,"Semua bicara seperti mudah menurunkan Presiden yang dipilih langsung oleh rakyat, memang pernah Presiden ke 4 Gus Dur dilengserkan oleh MPR tetapi itu kasus yang berbeda dengan sekarang, pelengseran Presiden ke-4 Gus Dur pada tahun 2001 terjadi di tengah transisi reformasi di mana mekanisme impeachment belum diatur secara spesifik dalam UUD. Saat itu, MPR memiliki kewenangan besar untuk mencabut mandat presiden, yang dinilai sebagian pihak lebih kental nuansa politisnya, Konstitusi dan UU sudah jelas mengatur tentang Syarat-syarat untuk melengserkan Presiden, tidak seenaknya menuntut mundur tanpa ada bukti yang konkrit bahwa Presiden telah melanggar Negara, Konstitusi, UUD dan Pancasila, mekanisme Konstitusional Saat Ini (Pasca-Amandemen): Berdasarkan UUD 1945 yang sudah diamandemen (Pasal 7A dan 7B), pemberhentian Presiden di tengah jalan tidak bisa dilakukan hanya oleh MPR, prosesnya harus melalui DPR, Mahkamah Konstitusi (MK), dan akhirnya MPR",0,2026-04-07T14:26:33Z
@elansoedibyo133,"Ini terjadi karena DPRRI yang seharusnya mengawasi dan mengkritisi kebijakan pemerintah, mlempem, cuman yes man. Karena semua fraksi di dpr jadi koalisi pemerintah, sehingga tak ada yg mengawasi pemerintah.
Maka timbullah 'parlemen jalanan"", kritik datang dari sosial media dan kumpulan LSM .....",1,2026-04-07T14:25:54Z
@IhyaPoenya-h1q,"MBG, Tanam Jagung, TNI& Polisi ikut2an kelola pertanian, koperasi merah putih, pakai mobil buatan India, semuanya perlu dievaluasi sebelum terlambat 🎉🎉🎉🎉",35,2026-04-07T14:25:21Z
@KhoirulAnwar-q5s,Begitu mudahnya sekarang rakyat di bodohi oleh prof prof gelandangan politik.,0,2026-04-07T14:25:21Z
@mohaminbanagara9104,Senang  mendengarkan penjelasan Prof Mahfud.,310,2026-04-07T14:25:19Z
@faramifta4119,Menurut saya Indonesia seharusnya tidak menjadi demokrasi krena negara 2 yg mwnganut sistem demokrai memang korupsi ny gk bisa di berantas dan sangat sulit mengatur dari pusat karna terlalu banyak regulasi . Mudah juga di tekan asing apalagi demokraai di Indonesia memang di desain untuk Indonesia swbagi budk Amerika dikendalikan sesuai dengan kepentingan Amerika begitu bwrbeda dengan sistem yg di anut negara 2 seperti cina mereka beas ng exusi penghianat bngsa. Begitu banyak koruptor di Indonesia ini tidak bisa tersentuh karena hukum di negara demokrasi bisa di beli,0,2026-04-07T14:24:59Z
@annaanna8292,Pemimpin kita kerjaannya keluar negeri tapi apa yang sudah di pelajari hasil dari luar negeri tidak ada nol untuk apa menghabiskan anggaran kalau tidak ada hasilnya untuk kebaikan rakyat,0,2026-04-07T14:23:14Z
@CkMokz,"Nanti 2029 maju lagi Pak Mahfud. Kalo nanti Prab memang kureng dn program Pak Mahfud lebih OK, saya pilih. Hr ini kita kokoh dulu lah, di dunia luar jg lg susah..",0,2026-04-07T14:22:42Z
@mohamadyusup3057,"Kami rakyat kebanyakan mndukung pernyataan Prof. Syaiful Mujani,negara ini SDH kacau balau rakyat hidup susah semua kebijakan Prabowo membuat rakyat susah",6,2026-04-07T14:22:15Z
@WisnuAgus-r5q,"Saya rakyat kecil yg anti IMF dan CIA terdepan menolak makar,",0,2026-04-07T14:22:05Z
@mohaminbanagara9104,"Terima kasih  Prof Mahfud..  
Atas pencerahannya.",0,2026-04-07T14:21:56Z
@nostalgilachannel,"Bayangin, rakyat mengkritik dibilang ""antek asing""? Presiden macam apa ini? Prabowo ini sudah diberi kesempatan memimpin oleh rakyat, yang tidak memilih bapak pun rela dia memimpin, tapi bukannya menunjukkan sebagai pemimpin yang baik malah semakin menjauh dari rakyat.",0,2026-04-07T14:21:19Z
@alexsalapan6329,"Emang PARADOX si BOWO itu, sesuai dgn JUDUL BUKU dia. 😂
NULIS buku, bagus dia. Pas KERJA malah BERANTAKAN.
Gak ada KETERATURAN sama sekali. BAD MANAGEMENT.
NGOMONG A.. tapi kenyataannya malah B.",0,2026-04-07T14:20:40Z
@hendiamd,"Untuk 1 hal kata makar ini
Maaf saya tidak sependapat pak mahffud

Demokrasi kalau seperti itu kebablasan",0,2026-04-07T14:20:39Z
@Rch-i6j,"Prabowo itu kalau ibarat sound siatem bukan stereo tapi mono, hanya pendengar sebelah speaker nya jadi check and balance nya sangat kurang terhadap orang orang terdekatnya",0,2026-04-07T14:20:03Z
@NONBLOK-k1l,"Selagi dapur masyarakat masih berasap dan makanan tersedia negara ini baik2 saja,,yang isukan makar mereka yang haus kekuasaan",11,2026-04-07T14:20:03Z
@KhumainiYt1,Prabowo harus bertemu dg pascabowo,2,2026-04-07T14:19:59Z
@geologi69,"Tangkap² yg mau makar .. itu cuma segelintir orang yg mau mengganti penguasa ...
Saya belum pernah suka sama penguasa indonesia, karena belum ada yg berpihak untuk rakyat ...
Tp kalau sedikit² makar, bubar ini negara ...",0,2026-04-07T14:19:49Z
@RafaBazily,Prabowo sudah tdk bisa di nasehati,0,2026-04-07T14:18:53Z
@wiswaputra3608,DPR Ri gak berfungsi lalu apa gunanya masih ada memeloriti uang Rakyat ?,0,2026-04-07T14:18:53Z
@JokoSuroso-d1c,Tagar ganti presiden,0,2026-04-07T14:18:36Z
@MpuBadraloka,"Prof,  mohon dibahas persamaan MPR Republik Indonesia sebelum reformasi dengan sistem Republik Islam Iran saat ini. Bisa jadi mereka belajar dari kita saat itu kemudian kita meninggalkannya, lalu kita berkiblat ke USA (by order?).",0,2026-04-07T14:18:11Z
@mbakiffaah,Puan maharani🎉mana undang3 perampasan asset,4,2026-04-07T14:17:31Z
@danielardinal3460,"Negeri ini mendapatkan TRAGEDI, pemimpin yang pernah percaya HOAX Ratna Sarumpet. Hasilnya hari ini bicara A, besok B. Negeri ini butuh CHECK dan BALANCE, DPR itu sudah tak berfungsi maka TUNGGULAH PENGADILAH DARI RAKYAT!!!...TUNGGUUU.....TUNGGU SAJA AMARAH RAKYAT, SEPERTINYA ELIT dan PEJABAT INI MENCOBA BERMAIN API LAGI!!",0,2026-04-07T14:17:06Z
@Ahmadkuryonosw,MMD ❤,0,2026-04-07T14:16:58Z
@HakbarSyah,Setuju pak,2,2026-04-07T14:16:05Z
@tantan9370,"Percuma lah, presiden konoha kita itu tinggal di awan, semua aman tentram perut kenyang, kaga ada itu bocor anggaran beli motor listrik, Mobil India bla bla bla...katanya sih hemat anggaran selama bukan grup dia .......konoha  oh malang bener nasib mu, ampe mata uang terendah semenjak 98. Top deh presiden konoha😂",0,2026-04-07T14:15:01Z
@benni7621,Ini negara pemimpinnya keseringan ngutuk negara lain eh yg dikutuk malah negara ini dengan diberikan pemimpin terkutuk,0,2026-04-07T14:14:40Z
@bagshoes9016,"sepertinya udah 11-12 sama bebalnya dengan trump...virus trump cepat menular karena banyak titik  kesamaan..secara psikologis sama² jadi presiden dan punya kekuasaan di usia lanjut yang senang dipuji-puji dan apesnya dikelilingi orang² muda minim pengalaman tapi hanya pinter muji²...
bisa ngeri² sedap negeri ini nanti dikelola dengan program sesuka-sukanya dengan banyak ngakali dan meremehkan konstitusi.",0,2026-04-07T14:14:35Z
@agusnoersaid,"INDONESIA DIMATA PRABOWO & INDONESIA DITANGAN PRABOWO HARUS DIKEMBALIKAN KEPADA PRABOWO SENDIRI.
MAU MILIH YG MANA ADALAH PILIHAN TERBAIKNYA DAN SEJARAH YG AKAN MENCATATNYA !!!!! 
SY YAKIN SEMUA MENCINTAI PRESIDENNYA TAPI APAKAH SEMUA MERASA DICINTAI OLEH PRESIDEN ???!!!",10,2026-04-07T14:14:29Z
@badriporang349,Mantap dan jelas pak Mahfud MD ❤,246,2026-04-07T14:14:29Z
@firmantahir6911,bersyukur aku tdk memilih prabowo gibran🤣🤣 prabowo sma jokowi 11 12 ucapan dan perbuatannya tidak sejalan😂😂walaupun pilihan aku kalah 2024 tapi pak mahfud selalu konsisten,0,2026-04-07T14:13:54Z
@snawangsasi853,Wooow prof!! Je bent alles van en voor Indonesië...!! Superrr trots punya anak bangsa seperti bapak🎉.🎉,10,2026-04-07T14:13:40Z
@teguhlisti1642,"SIBUK KUNJUNGAN"" KELUAR NEGERI DGN DALIH CARI INVESTOR TAPI ZONK, RAKYAT BAWAH TIDAK MERASAKAN, PENGUSAHA DI PERSULIT, LAPANGAN KERJA SEMAKIN SULIT YG SUBUR PARA ELITE.",0,2026-04-07T14:13:38Z
@krisyadi9419,"negara yang MAJU itu HUKUM nya jelas HARUS berjalan dengan baik, disini negara maju bukan berkembang mungkin hukumnya kacau ENGGAK JELAS!!!",0,2026-04-07T14:13:34Z
@syafrideldel5732,Tim reformasi kepolisian piye kabare😂😂😂,0,2026-04-07T14:13:01Z
@dindinsaparudin8604,MBG MENGHAMBUR KAN UANG RAKYAT SAJA HARUS DI STOP,0,2026-04-07T14:12:57Z
@kholiqdiacamelia1530,Namanya juga presiden omon omon.. Jadi ya jangan heran.gitu aja kok repot..,0,2026-04-07T14:12:54Z
@kagetcuy,Coba bantu jawab pertanyaan saya... PEMERINTAHAN INI SUDAH MEMBANGUN APA?,0,2026-04-07T14:12:04Z
@IamARobloxianGuy,"MBG sama sawit doang pikirannya, urusin dulu preman2 sama tata kelola, birokrasi, sama korupsi, baru mikir yang lain. kebanyakan boroknya ini negara",0,2026-04-07T14:11:51Z
@maryanahana3879,Profesor Mahfudz benar sekali harus ada yg berani bersuara keras agar sadar disekelilingnya itu iblis Dajjal laknat pemangsa,0,2026-04-07T14:11:48Z
@puguhrujito-e2k,Nepal dimana,0,2026-04-07T14:11:11Z
@AmatyaminYamin,"Lanjutkan korupsi, biar hancur lebih cepat, utang pun udah banyak,,",0,2026-04-07T14:10:51Z
@wigiy,"bersyukurlah jadi rakyat Indonesian 
jangan mencari kesalahan orang lain 
carilah kesalahan diri sendiri",5,2026-04-07T14:10:32Z
@imanuelsagita9989,The best poll ❤❤❤,0,2026-04-07T14:09:41Z
@bungalowchannel1048,"Maaf pak Mahfud,saya telah keliru memilih Presiden",0,2026-04-07T14:08:12Z
@AndiLanting,Ini era penculik dan penipu ok gas,74,2026-04-07T14:07:51Z
@msamijo3418,"Maaf Pak Mahfud, revormasi polri masih lanjutkah..?",0,2026-04-07T14:07:05Z
@hendri-TV5,"Masyarakat INDONESIA udah di Cuci otak dengan sistem demokrasi, sejak soharto kalah sama agen² CIA , geoge soros ditmbah di tipu IMF. Skrang Saking demokrasinya orng bicara provokasi makar aja di anggap hal biasa dalam sistem demokrasi. Iya deh indonesia demokrasi di dunia dan akhirat.😂",0,2026-04-07T14:06:49Z
@RatnaKomalasari-x2h,"Peluru tak terkendali "" terus suarakn klo bnyk ketidak beresan keadaan negri kita ya Alloh ...prof Mahfud...pasti geregetan bgt liat situasi skg ini....",1,2026-04-07T14:06:28Z
@agamofficial856,"Klo di kritik GK mempan ya di berontak alias di demo besar besaran dari bawah sampai atas ,dari desa sampai ibukota",0,2026-04-07T14:05:27Z
@akmalrijal4155,"banyak buzzer presiden dan wapres sok tau ttg makar, muak sekali negara hanya sibuk mbg ditengah krisis dan kritik program mbg tetap jalan ugal ugala apalagi yg bisa buat pemerintah dengar...",0,2026-04-07T14:05:23Z
@riyanmee2213,lebih baik mundur keduanya,0,2026-04-07T14:04:27Z
@sutikno557,Revolusi,0,2026-04-07T14:04:19Z
@tohasukirman6296,"Yah  Presiden sekarang cuman omon2, daan tdk pernah koreksi diri  atas apa yg sdh di omon2 kan sdh di lakukan berdasar  prosedur yg benar dlm pemerintahan.",0,2026-05-14T02:25:58Z
@F41zal,"Mantap...Memang negara ini milik kita bersama..kalau sekiranya pemimpin negara ini .dalam kebijakannya cendrung merugikan
Banyak pihak..yang tidak efektif.
Kurang menguntungkan mayoritas
Masyarakat.siapapun Presidennya
Kritik itu penting untuk membangun negara yang lebih baik.",0,2026-05-13T23:01:14Z
@SriMul-d1c9i,Peristiwa 1998 bisa mungkin terjadi,0,2026-05-13T08:42:37Z
@asriodeteke2783,"Berpotensi untuk terulangnya tragedi 1998.
Musuh dalam selimut bangsa penjajah, mafia, dan kaki tangannya. Pemilik modal besar bermain dibelakang layar dengan memanfaatkan masalah2 dalam negeri.",0,2026-05-13T02:09:13Z
@Mama-f8z,"Magput ini SDH kadaluarsa, jdi gak perlu byk omong, biarkan kaum muda gen z yg paham jamannya..dulu ketika menjabat TDK ada yg mampu dibuat, seharusnya ketika diluar kandang jgn lgi jual kecap,",0,2026-05-13T02:07:46Z
@SupadiBeat,DPR ITU  TUGASNYA MNGISAP NGROGOTI UANG RKYT JD LBH BAIK BUBARKN KR DPR ITU TDK MEWKLI RKYT JUSTRU BIKIN RKYT SENGSARA,0,2026-05-12T10:35:38Z
@Didik321-w3l3g,"Ya. Bagus cita cita dan keinginan Prabowo . . 
Namun pelaksanaan nya   nol besal
KARENA  Mentri dan bawahan nya musuh dlm selimut, Jadi klau TDK brani bersih2 di dalam
Semua itu jadi omon2 seperti sekarang ini.

Omon2 karena gak brani basi musuh dlm selimutnta",0,2026-05-11T13:01:40Z
@WahyuSofyan-b8i,"Ini bukan NEGARA  tapi  NERAKA  bt rakyat Indonesia  , , , , ,",0,2026-05-10T22:48:26Z
@WahyuSofyan-b8i,"PRABOWO tdk berkonsep jd presiden  , asal bicara , asal  maunya sendiri  !!!!!    B A H A Y A   itu  ??  Km acak negri ini   , , ,  dirusak prabowo  !!  P.erusak bangsa  , , , ,",0,2026-05-10T22:32:51Z
@ramlidriver1829,Suharto lengser atas kesadaran karna Rakyat tak suka  mereka.,0,2026-05-10T19:11:35Z
@ramlidriver1829,Kami melihat prabowo ada perubahan sebagai presiden yaitu tegas saat ini kinerjanya bagus korupsi banyak yg tertangkap uang Negara banyak yg kembali. Kami slalu memantau agar tak menyimpang dari jalur kekuasaan,0,2026-05-10T19:05:06Z
@harijantosoebagio773,"Kalau rakyat menghendaki kena apa tdk , kedaulatan ditangan rakyat , bravo NKRI 👍🙏",0,2026-05-09T23:34:36Z
@Agrianus-q8k,Negara ini kan mainan bagi para pejabat,0,2026-05-09T22:56:42Z
@DedeMaman-s5r,"walau saya ga  milih   pa prabowo saya kira  akan lebih baik  dari persiden jkw   eh ternyata  lebih kacau  . iroooohh 
mau keu antartika juga  blom berangkat 2.  aduh gimana ni   bp omon",0,2026-05-09T15:49:55Z
@zulzet267,Good pak prof  mahfud md,1,2026-05-09T15:21:35Z
@Abduljalil-f5w6y,Terima kasih pa mahfud smoga sehat selalu salam dri saya,0,2026-05-09T13:49:17Z
@radingsyam749,Lebih baik parabowo cpt diganti kerjanya cuma omon tdk ada realisasi cuma pidaryonya kertas tdk ada bukti bohong melulu sementara Rakyat makin sengsara terutam terutama pensiunan,0,2026-05-09T13:29:16Z
@MamirMpur,Bubarkan Prabowo Dan Rezimnya Agar Rakyat Indonesia Bisa Sejahtera Jika Tidak Maka hancurlah,0,2026-05-09T10:48:21Z
@juprijupri5606,Neg yg dipimpin oleh orang munafik akan rusak,0,2026-05-09T09:21:07Z
@PakSunarjo-o2v3r,"Hukum sangat buruk, program MBG sangat menyakiti hati rakyat Krn apa yang disalurkan  nilainya  ngak lebih Rp. 7.000._dan program ini sangat besar potensi korupsinya,  kMP lagi kayaknya bisnis ke onom pemerintah",0,2026-05-08T23:20:09Z
@YimmiRidwan-k6r,MBG dipangkas aja untuk sekolahan bonafit kelas atas ditiadakan saja.,1,2026-05-08T18:17:38Z
@foxsera7507,"Thank you Prof.Mshfud dg. Pembawa acara ini....krn sdh mencerahkan atas pernyataannya ini, baru tahu ttg.janji prabowo dlm bukunya yg ditulis prabowo yg baik tapi kita lihat isinya sangat bertentangan dgn kenyataannya dg cara kebijakan prabowo dlm mimpin nevara ini.",0,2026-05-08T15:30:59Z
@foxsera7507,"Klo sy rakyat yg bodoh ini menilai rezim presiden ke 8 ini.., Lebih Buruk dari rezim ke.7 Jokodo.  Sebelum rezim ini sdh buruk tapi justru bertambah Amburadul, kacsu bslau. Yg jelas yg miskin tmbh miskin, Yg kya makin kaya raya. Rakyat sdh HOPLIS / putus harapan negara ini akan maju.  Intinya sgr ganti presiden ke 8 prabowo ini secepatnya.",0,2026-05-08T15:21:46Z
@witriibrahim6671,"Jangan lah   jangan lah jadi antek antek penjajah jauhkanlah paham,kapitalis liberalis,komunis .indonesia bakalan aman. Jangan beri celah orang orang ini mecah belah persatuan dan kesatuan bangsa ,merekaini udah masuk kesemua agama untuk nem benturkan satu sama yang lainnya sekarang birokrat elit udah terasuk memecah belah mulai dari Ting Kat elit, kebinekaan kita lagi diusik pertahan kan kebinekaan kita jangan sampai Ter goyah yang dibentur rakyat ekonomi bawah   ingat reformasi yang dulu gagal susah dipercaya baiki sampai sekarang belum pulih 100 persen baik paham binejatunggal Ika mau di gagal kan lagi oke salam NKRI hargamati",0,2026-05-08T11:15:09Z
@SupranotoSpdSupranotoSpd,"Betul kata bpk Mahfud MD..indonesia bukan milik seorang prabowo/ptesiden/klompoknya, indonesia milik seluruhnya rakyat, pendanaan mbg bukan dana pribadi,yg jlas uang rakyat!!!",0,2026-05-07T19:22:58Z
@GondoRio-g7e,"prabowo sudah bener"" streees",0,2026-05-07T12:05:24Z
@Nanang-z9k,"Aku sbgi masarakat'pemaparan pak mahpud sangat bagis,demi kebaikan bangsa ❤❤",0,2026-05-07T04:47:33Z
@Sunhaji-eo5ss,"Negara hutang banyak ,,,,, siapa yg di rugikan ,,, rkyt ,, negara seenaknya , buat anggaran ,,,,",0,2026-05-07T04:33:10Z
@DiasLoka-f8s,"Ada Bpk Negara , iBu Negara gak jls exstrems , wajar kalo Di Lengserkan / diMakzuLkan Memimpin diri Gak becus ,Negara ini Besar & Kompleks Masalh ...! 😮",0,2026-05-07T04:25:29Z
@cicihharyati3015,"Menurut pendapat saya pribadi negara ini adalah hanya :
"" MaL praktek sistem politik"".",0,2026-05-07T03:09:01Z
@B2BMANAGER,Kalo emang merasa pali baik  silakan nyalon presiden yg akan datang siapa yg terbaik pasti di pilih rakyatnya kalo kaĺah berarti itù kurang baik calon nya gitu aja ngapain pusing pusing kalo baik juga di pilih rakyat,0,2026-05-06T18:14:38Z
@B2BMANAGER,Di atas lagi pada ribut beginilah begitulah apa yg di ributin karna kami sebagai rakyat kecil adem adem aja ko,0,2026-05-06T18:03:56Z
@B2BMANAGER,Au ah pla gua liatnya pusingngaku orang pinter tapi ribuuut mulu bkn nya pada kerja buat negara malah main jelek jelekin kalo begini trs siapapun yg jadi presiden g bklan bener ini negara kita harus mendukung buat negara bkn jelekin sini jelekin situ tapi ngakunya orang pd pinter kami pusing sebagai rakyat kalo begini trs,0,2026-05-06T17:57:30Z
@AgungGondrong0,"Sehat wal 'afiat selalu untuk Pak prof Mahfud MD...
Aamiin...Ya Robbal 'Alamiin...",0,2026-05-06T15:54:54Z
@AlexanderHD-dz6lv,SUDAH SAAT NYA PRABOWO DI LENGSERKAN ...JANGAN NUNGGU INDONESIA MAKIN TERPURUK. PRABOWO GAK MAMPU PIMPIN INDONESIA. TINGGAL RAKYAT SIAP LENGSERKAN ATAU TIDAK.,0,2026-05-06T12:43:36Z
@IntanrettobRettob,"Setuju,mundur saja.karena lebih banyak janji bohong saat kompanye dari fakta.
ASN dan Pensiunan hidup susah diera kepemimpinan Prabowo.Dimedsos kebohongan menjamur dan dibiarkan .",0,2026-05-05T13:39:17Z
@DjamaluddinMaknun,Saya suka penjelasan pak prof Mahfud,1,2026-05-05T12:28:57Z
@000ms,"Mahfud ko jadi lembek, jelas2 ada yg mengajak utk menggulingkan Presiden dan memakjulkan Gibran yg inkonstisiomal jelas makar. Segera saja ditindak termasuk yg membelanya.",0,2026-05-05T08:13:38Z
@WarjiatiPsw-gn1li,Sehat selalu pak prof Mahfud. Sangat senang mendengarkan perbincangan bpk.,0,2026-05-05T07:27:41Z
@ariganteng3096,Enak to zaman Suharto sembako murah cari kerjaan gampang... Duit 100 perak berharga bgt...,0,2026-05-04T17:28:46Z
@ariganteng3096,"Klau seandainya pak prabowo mundur dgn di demo kaya pak harto, terus wakilnya naik ini lebih bahaya... Pantasan pak probowo ngotot jd presiden sdh jd ko di kritik emosi... Kacau kacau... Ngeri sy 98 terulang lg... 😢😢😢",0,2026-05-04T17:26:02Z
@AzrelMaulana-d3d,Prabowo sapa Indonesian kanca pacull duwit,0,2026-05-04T17:22:48Z
@MJuwaeni-c7r,Semoga. Podcast ini. Masyarakat/warga negara. Menjadi. Cerdas. Dan. Membangun. Kesadaran. Hak. dan. Kewajiban. Dlm. Berbangsa. Dan. Bernegsrsy. ❤❤❤❤❤❤❤❤❤😂❤❤❤❤😅,0,2026-05-04T14:15:41Z
@daffqyrintama7983,Selalu bersuara prof..katakan yg bener itu benar walaupun itu pahit..,0,2026-05-04T13:52:21Z
@Firmanaliando-n6k,LANJUT PAK MAHFUD 👍👍👍👍👍👍👍👍👍👍,0,2026-05-04T13:25:14Z
@RealmeCy-ft1gi,tolong P.mahfud.satukan orang yg punya niat mulia di negri ini untuk menyelamat kan bangsaini  negara sekaya ini.masih puluhan juta rakyat menderita dlm bertahan hidup.....,0,2026-05-04T07:44:48Z
@M.soekarno,Belum ada kemajuan bagi rakyat kecil MBG sebaiknya dihentikan  sebaiknya pendidikan dari TK s/d SMA DIGRATISKAN,0,2026-05-04T01:09:31Z
@Muhodil,Prabowo kalao ngga bisa Brantas korupsi lebih baik mundur dan progamnya nggak jelas,0,2026-05-03T22:12:20Z
@sunariyadinardi1929,"Jokowi & Prabowo , president paling buruk di Indonesia",0,2026-05-03T14:40:47Z
@heriadi8179,Prabowo sama aja jalan di tempat memang udah kadaluarsa dan udah tua amin,0,2026-05-03T14:01:00Z
@eryzaini,"Ayo beli buku Bpk Prabowo ,,,uuhhh sangat bagus ..",0,2026-05-03T13:54:03Z
@eryzaini,"Betul pak Mahfud dan tokoh 2 yg bersuara demi NKRI ,semangat terus Pak Mahfud ,wakili suara hati rakyat Indonesia...agar Indonesia rakyat nya sejahtera. ❤❤❤",0,2026-05-03T13:47:41Z
@MuhadiSokaraja,Kuliah yang bagus bagus bagi rakyat ind yang ingin maju.,0,2026-05-03T13:42:54Z
@tomasguntur6673,"😀😀😀, Panglima Madura Bapak Profesor Mah fud MD memang cerdas paham dengan Hukum ini... Bukan kaleng kaleng ini... saya Dukung Ful...maju terus Bapak Profesor Mah fud MD penjelasan yang baik... Salam Waras...🇲🇨.",0,2026-05-03T06:53:07Z
@NaninSugianNoor,Madura mau minta jabatan,0,2026-05-03T03:37:32Z
@Ihsansarif-w1y8h,"Mahfud MD jangan macem2 kalo berbicara, karna kamu bagian perkalahan apa kamu tidak malu",0,2026-05-02T18:38:25Z
@NarzoNarzo-t4r,"Kalau melihat kepemimpinan BPK Prabowo saat ini, saya menjadi ragu bahwa buku yang berjudul Paradok Indonesia merupakan buah pikirannya.",0,2026-05-02T08:47:41Z
@Qzj83c7efrF,"Semua ini harus di perbaiki total,sedih kita liatnya tak berdaya di Negara Sendiri,",0,2026-05-01T18:12:09Z
@darmonojawa,"Pokonya negara ini hancur sehancur2nya kalo di pimpin prabowo gelombang ke dua, apakah kira2 besok mau di pimpin prabowo lgih yah",0,2026-04-30T18:46:04Z
@HmArun-y1e,"Pak Mahfud MD seperti lepas ajing terjepit,",0,2026-04-30T14:39:29Z
@HLRidwan,"Alhamdulillah pak mahpud md, satu2nya sosok yg sangat integritas tinggi dan bersih jadi apa yg di sampaikan terhadap prabowo adalah benar jadi pesan yg di sampaikan adalah pesan konstitusi dan prinsip saya setuju apa yg di pesan oleh beliau ❤❤❤",0,2026-04-30T05:13:12Z
@narsokinco,hanya rakyat yang bisa  mengtikan program si pikun😅😅😅😅😅,0,2026-04-29T10:13:55Z
@Sariono105,"Jgn"" memperbaiki negara ini SGT berat di karenakan pemimpin masa lalu ..dan maunya pak Prabowo memperbaiki lalu menuju PD kesejahteraan rakyat di masa DPN ..",0,2026-04-29T09:21:52Z
@Sariono105,"tujuan pak Prabowo buat negara ini SGT mulia pak Mahfud ...tp knp kok mlh ekonomi susah ,,di mana letak slhnya dlm kepemimpinan pak Prabowo ..",0,2026-04-29T09:12:47Z
@Sariono105,"slhnya di mana pak Mahfud tolong kasih tau pak Prabowo lah pak ....karena ini fakta bahwa rakyat di bawah ini setengah mati ,,daya beli SGT menurun sekali ,,jauh beda dgn 3 THN yg lalu ..susah cari uang semua orang mengeluh ,,,lalu slhnya pak Prabowo di mana mohon di ingatkan ...susah sekali pak di Papua  sekarang ,,,buka warung sepi buka kios sepi jualan perempuan sepi ...dulu SGT lancar ,,apa slhnya sekarang ,,dan jgn smpai rakyat ini senjang pak bahaya kita di Papua  ini",0,2026-04-29T09:08:04Z
@BejoSiswanto-h9i,"Menurut pendapatku !
"" DEMOKRASI "" 
- dari rakyat.
- oleh rakyat.
- untuk rakyat.",0,2026-04-29T01:08:53Z
@supriyanto2384,Udah gak bisa dibenerin dan gak bisa dengar juga,0,2026-04-29T00:38:33Z
@nonongmisiyani158,"INDO...... HARUS ADA YG   LEBIh  TEGAS  Bpk.  MAHFud  M. D. Yg Terhormat . SMPE  KIAMAT  MANGKIN  AMBLEG. Pk.. Pancasila  udha  D, injak,, tdk  D, hormati.  KoROpSI  D, LINDUNGI  . Jokowi. Bpk. R. I. Trnyata  samaa..  SEHARUSNYA  MALU  NEGARA  LAIN.   Bpk. M. D. ❤❤😂😂😂😂😂",0,2026-04-28T20:07:23Z
@yasidariyanto3009,"Pak Mahfud pintar,.. sayangnya pada saat pemilu, gak ada yg mau pilih Pak Mahfud, mungkin karena Rakyat kurang suka dgn Capresnya  yaitu Pak Ganjar.",0,2026-04-28T19:26:44Z
@TheIstoria23,"Jangan lupa, pak Mahfud juga pihak yang kalah waktu pemilu.",0,2026-04-28T15:35:31Z
@MbahTekad-q6r,Lanjutkan prof mahfud biar didengar tau kalangan bawah .mbg itu program tai gibran,0,2026-04-28T14:33:56Z
@harijantosoebagio773,"Setuju pak ,NKRI morat marit 🙏🙏😭😭",0,2026-04-28T08:58:16Z
@ahmadsupriono5305,Apakah indonesia ini akan hancur kalau caranya tifak mau di kritik di analisa dulu kalau pemasukan dari masarakat atau seperti pak mahmud md di talaah dulu baik bagi pemerintah apakah itu makar? Semua kebijakan apakah sudah tepat sasaran,0,2026-04-28T01:48:51Z
@krisnaabdi1803,"🙏Ojo dumeh, Eling lan Waspodo.
Pemain sama Penonton/komentator beda pemikiran. 🙏",0,2026-04-28T01:26:34Z
@srisumarmi9777,"Kita tahu bahwa kebijakan Pak Prabowo banyak yang keluar dari Konstitusi , Para  pakar ,para pengamat ,para akademisi dan juga Rakyat  Indonesia sudah banyak yang mengingatkan tetapi Pak Pra bowo dan Pemerintahannya  tidak ada yang mau peduli . padahal kebijakan Pak  Pra bowo banyak yang berbahaya  buat Bangsa dan Negara Indo nesia , sudah waktunya  DPR , Penegak Hukum , Polisi  ten tara ,para menteri sadar untuk  bela Negara dan mencintai tanah air  serta  peduli akan  Rakyat ,Bangsa dan Negara  Indonesia . Untuk DPR anda  dipilih Rakyat , anda dibayar Rakyat , anda didukung Rakyat tapi anda khianat kepada Rakyat . Untuk penegak Hukum Polisi dan Tentara mana Sumpah dan janjimu ketika dilantik untuk setia pada Bangsa dan Negara tetapi sekarang anda setia pada rezim . Apakah anda semua rela kalau Bangsa dan Negara kita  dinjak injak Bangsa lain .Selayaknya anda mulai sadar mencintai Negeri ini dan membela serta mencegah kerusakan di Negeri ini .Ingat sumpah dan janjimu ketika dilantik .(Suara Rakyat jelata ).🎉🎉🎉",0,2026-04-28T01:16:08Z
@B_Masni,Semua pemimpin pastilah ada kelebihan &.ada kekurangan ya diakui saja . Yg penting waspada koroptor harus dibrantas tuntas agar harta / kekayaan negara tidak boleh dicuri dikorop Brantas koropsi sampai habis .,0,2026-04-27T23:40:15Z
@syafrilsyamsudin3437,Pak prabowo kan dah berjanji akan melanjutkan rezim sebelumnya klau ga begitu kan ga kan menang walaupun mengkhianati buku sendiri yg dibilang pak mahfud,0,2026-04-27T23:08:36Z
@gbinshut9587,"Pak prabowo menyatakan focus ttg transformasi negara, itu perlu klarifikasi pak Mahfud...!?",0,2026-04-27T22:29:07Z
@baharuddinnojeng4268,Meman benar kt pak Mahpud bahwa negara kita ini dlm keadaan tidak baik2 saja hukum pilih kasih korupsi meraja lela org sk kriminalisai kritik dikatakan makar ini keliru,0,2026-04-27T20:42:51Z
@MaznahSabidi-x1m,Setuju 👍 probowo kne undur sebab dia menjadikan Indonesia budak kepada Amerika demi melindungi negara haram Israel,0,2026-04-27T20:36:27Z
@ic4l2024,Machpud ini memperbodoh bahwa  Sjaiful Mujadi  menghasut  rakyat/ pengakuan  Herkules  dubujuk  utk  revolusi  menurunkan  bp. Prabowo  seperti  menurunkan  Soeharto  thn  1998   Sudah pasti  Sjaiful Mujani  menghasut  politikus  busuk/ kebencian  terhadap  bp. Jokowi.  Bp. Prabowo  sdh  membuktikan  telah  membangun  Koperasi  Desa/  di NKRI  contohnya  di  Desa Mayak  Kec.Bitung Kab.Lebak dll diseluruh Indonesia.,1,2026-04-27T19:56:31Z
@payrise88,Undang saya pak❤❤. Banyak yg mau saya tanyakan 🤭🤭🤭,0,2026-04-27T18:28:00Z
@Suharis-i1y,PENDAPAT YANG MENYESATKAN,0,2026-04-27T14:54:37Z
@BudiSantoso-s5i,"Hebat bp Mahfud,bongkar penyimpangan""Prabowo selama ini,biar rakyat sht dpt edukasi.......!",0,2026-04-27T12:49:21Z
@Suhardi-we7yr,Nyimak pak,0,2026-04-27T11:24:57Z
@Tmobil4576,GILA GIBRAN PROF MAHMUD DI EJEK,1,2026-04-27T10:53:26Z
@Badriyati-k5y,"Rakyat ngritik , yang di kritik fafa fufu yo tidak ketemu. ilmunya o on , pas pasan .",0,2026-04-27T09:50:33Z
@Norick_Abe99,Rusak dijaman wowo.. Program kacau sarat korupsi dmn2.. Blm nanti koperasi merah putih.. Anehnya polisi tni ikut2 dilibatkan mbg jg koperasi merah putih.. Aksi Intel terselubung,0,2026-04-27T03:02:48Z
@MastuahTuah-s5j,"Apa yg dikatakan bp Prabowo dlm bukunya itu adalah kebenaran, semoga bp Prabowo bisa menangani masalah korupsi di Indonesia",1,2026-04-27T02:53:27Z
@LaluSuhaimiSP,Terus tegakkan kenaran tumbangkan kezaliman,0,2026-04-27T02:39:33Z
@YunusThonak-d1k,"Dikritik boleh, disuruh turun tdk boleh krn siapa yg lebih baik?  Apakah kamu? Lebih parah nanti.",0,2026-04-27T00:49:51Z
@hartatikbarisan4091,"JELAS YG MEMINTA BPK PRESIDEN PRABOWO MUNDUR ITU....ADALAH MUSUH MUSUH P PRABOWO,GAGAL JADI PREDIDEN ATAU KOROPTOR,MAFIA  UNTUK ITU RAKYAT NKRI HARUS WASPADA JANGAN MUDAH DI ADU DOMBA ,RAKYAT NKRI HARUS BERSATU PADU KOKOH DEMI NKRI TERCINTA INI...🇮🇩🇮🇩🇮🇩🇮🇩🇮🇩🇮🇩🇮🇩🇮🇩🇮🇩👍👍👍👍👍👍♥️♥️♥️♥️♥️♥️🤲🤲🤲🤲🤲",0,2026-04-27T00:14:34Z
@hasmonosaptowijoyo6968,Mulutmu. Harimaumu. Hukum. Geregetan berlaku. Di tangkap. Karena. Mengajak menghasut. Maka perlu. Di tangkap menjadi tapol,0,2026-04-26T22:25:29Z
@abahagus9037,Sepertinya pembisik pak Prabowo harus diganti oleh orang-orang yang kompeten.,0,2026-04-26T19:41:48Z
@anangansas744,"Terimakasih Prof Mahpud MD  atas semua pencerahan nya,  semoga menjadi bahan renungan bagi kita semua ,rakyat, bangsa dan negara, pada masa pemerintahan Prabowo -Gibran ini, agar menjadi pemerintahan yang lebih baik, sesuai aspirasi dan kehendak rakyat. Salam akal sehat buat NKRI. Allohu Akbar  ! Medeka 💪💪💪🙏",0,2026-04-26T17:52:32Z
@Tatik-t5v,"SEMOGA SEMUA  KEJUJURAN ITU LAHIR BATHIN , NANTI MULUTNYA AJA YG HALUS TAPI GANAS DI HATI , SEMOGA TIDAK SEPERTI ITU YA , amiin,,,,,",0,2026-04-26T16:00:42Z
@YahikoChan-q6p,Ya udah aja MBG harus di tutup aja di lapangan msh bnyk  ke curangan rakyat kebanyakan TDK detuju,0,2026-04-26T15:39:09Z
@hamidusman104,"MBG kacau balau dibilang Pemerintah Prabowo Subianto bagus, Prabowo linglung",0,2026-04-26T13:51:50Z
@MacantutulPutih,Pak Mahfud kebanggaan ku tp makin kesini makin gak realistis ya,0,2026-04-26T13:48:29Z
@hamidusman104,"Bagus Pak Mahfud MD Harus lantang menyampaikan kebenaran walau pahit,Jangan jadi Penjilat Prabowo Subianto yg tdk berpihak ke rakyat",0,2026-04-26T13:22:03Z
@hamidusman104,Harus jujur berani walau pahit nantinya,0,2026-04-26T13:16:47Z
@rifky_id,permasalahan nya Prabowo bukan dipilih rakyat tapi dipilih oleh seseorang dimana orang itu berpengaruh dikalangan korporasi sebut saja oligarki ibarat Prabowo sebuah mobil ata yang menyetit,0,2026-04-26T13:06:40Z
@SaptadiSaptadi,Preeet!,0,2026-04-26T12:43:55Z
@LourencoSode,99 memang benar teman ku ❤,0,2026-04-26T12:35:12Z
@suudibanjiran,Ayo DPRRI d desak agar mengesahkan UU perampasan aset pak prabowo ayo maju bersama rakyat k gedung DPRRI bila perlu ketua DPRRI d nepalkan jika tdk setuju,0,2026-04-26T08:11:45Z
@OgiSukses-u4x3o,Harus 2 priode probowo,0,2026-04-26T06:52:35Z
@SlametBWabid,Maaf pak mahpud sejak jadi calon presiden gagal kaya demdam kebencian pada pak prabowo terus kaya gila jabatan,0,2026-04-26T06:05:17Z
@PermanaRachmat,"Jadi otoriter negara ini dikelola, gimana jadinya nanti .....",0,2026-04-26T03:22:22Z
@tutinurbandiah7455,Wowo dusta gulingkan !?,0,2026-04-26T00:38:43Z
@tutinurbandiah7455,Jangan menghiansti pensiun NKRI kerja puluhan thn !?,0,2026-04-26T00:37:16Z
@tutinurbandiah7455,"Pak mahpud wakil kiniAmAn ,!?",0,2026-04-26T00:34:39Z
@Danielyw-x6o,Pak prof . Saya selalu memakai konsep kepemimpinan raja raja kuno . Point pertama adalah seorang pemimpin harus secepat nja menangkap penjahat . Dsn mau tanja nih kepada prof . Apa beda nja odnjahat dan pencuri minta tolong dibaha dan jelaskan . Trims . .,0,2026-04-26T00:16:04Z
@tutinurbandiah7455,Nkri kaya Raya tongkat pun jadi makanan ubi kayu contoh jadi makanan !?Hebat kan !!,0,2026-04-26T00:12:45Z
@Danielyw-x6o,Lenser nja pak harto karena terlaku lama menjabat sebagai Ri 1 . Dan sebenar nja pak harto sudah mau mundur tetapj orang dekat nja yang membuat masalah . Beda sampai tahun sekarang ini . Yaitu presiden republik indonesia hanja 1 sampai 2 periode setdlah itu istirahat . . Trims .,0,2026-04-26T00:11:01Z
@tutinurbandiah7455,Menutut rakyat banyak pemeritahan kini serba mahal terutama bahan pokok sandang pangan papan ??Kenaapaa !??,0,2026-04-26T00:09:25Z
@Danielyw-x6o,Mengingatkan kepada pak prof mahmud md . Indonesia ini terlalu luas . Presiden harus tegas . Trims . .,0,2026-04-26T00:07:01Z
@Danielyw-x6o,Presiden Republik Indonesia era dunia maju sekarang ini . Satu dan sampai dua periode . Tidak bisa ditumbangkan dan makar . Bahawa negara indonesia . Negara hukum . Merdeka . Berdaulat . Adil dan makmur . Dan apabila ada yang biking onar dan makar . Di cap sebagai penjahat dan harus secepat nja ditangkap dan di proses secara hukum indonesia . Trims . Daniel . Y . W . Indonesia tercinta . .,0,2026-04-26T00:03:52Z
@HasanIdrus-dg2bq,Sehat pak Prabowo lanjutkan programx.,0,2026-04-25T23:55:39Z
@RuslisamadiRusli,Maaf saya bertanya jumlah koperasi seluruh Indonesia ada kurang lebih 80000 unit koperasi kenapa mobil yang di adakan 105000 unit mobil apa tidak kelebihan?,0,2026-04-25T23:30:14Z
@hariadiprapto8152,Matur suwun pak Mahfud.,0,2026-04-25T23:13:51Z
@AmrisAmris-p9z,Bpk MFD memang DBS,0,2026-04-25T22:45:10Z
@BapakPoniman-pq8nl,Pemerimtahan prabowo..banyak gaguan..mungkin.prabowo.tdk.tegas..mungkin pe garuh.dg.jokowi..dipemerintah.prabowo.blm ada yg menojol.pidato prabowo.ber..apii²tpi prateknya..abu.²,0,2026-04-25T22:17:24Z
@sartonohermawan3105,tolong di dukung prampasan aset yu pasti bisa,0,2026-04-25T20:37:09Z
@sartonohermawan3105,mangkanya maap pak presiden ciptakan BBM murah beras murah dan gas turunkan biar orang yang nyinyir itu kelojotan  atau malu yang bahasanya harus mundur,0,2026-04-25T20:34:19Z
@AhmadHamzah-c2h,Harus segera bentuk kabinet perang,0,2026-04-25T19:34:46Z
@putraaner5336,Sejak PRABOWO menerajui kerajaan INDONESIA..semakin jelas kehancuran indonesia terus berlaku ..semakin lama PRABOWO memimpin indonesia semakin miskin dn sensara seluruh rakyat indonesia..semakin jelas kehancuran indonesia berlaku..lihat saja apa yang berlaku sekarang ini ...EKONOMI indonesia semakin hancur .semua investor lari keluar dari indonesia dn hutang luar negara INDONESIA tidak mampu di bayar ..paling jelas jatuh nya nilai RP di banding DOLLAR AS ...klu PRABOWO tidak di turun kn dari presiden indonesia pasti indonesia bangkrut lebih awal berlaku dari 2030 ..lihat saja nti apa yg berlaku sebelum 2030,0,2026-04-25T17:58:55Z
@tb.adeasnawi9548,Saya  setuju dengan apa yang dikatakan prof mahfud. Dan saya berharap teruskan bahkan lebih keras lgi agar pra bowo dengar.,0,2026-04-25T16:24:42Z
@abisAlsyaf,"Dan masalah koprasi merah putih byk rakyat yg tdk setuju, Krn, yg jualan runcit bakalan gk laku, jika di teruskan koprasi merah putih, bakalan di Indonesian akan byk yg jadi maling, Krn mata pencaharian Meraka sudah di saing oleh koprasi merah putih, Kepada BPK MD Mahfud,coba tolong di usulkan, trimakasih",0,2026-04-25T16:04:06Z
@abisAlsyaf,"Bagus pak MD Mahfud, salut maju trus pak",0,2026-04-25T15:59:10Z
@User-k5u8y,Bejat di tangn prabowo mendingn prabowo tidur biar gk nambah parah,0,2026-04-25T15:54:34Z
@suwantowanto9478,Penjelsann ini harus bisa di dengar oleh para pejabat termasuk presiden bagaimana dengan buku yg pernah di buatnya sendiri oleh pak wowo,0,2026-04-25T15:14:17Z
@MilaMila-k3u,Mahpud MD.di podkes bilang selalu bicara benar. Preeeet..,0,2026-04-25T15:08:32Z
@GumortapSianipar,ORANG INDONESIA MEMANG PINTARNYA MENGKRITIK TAPI KRITIKNYA TDK MEMBANGUN HANYA ADA MAUNYA.,0,2026-04-25T14:25:05Z
@Watini-f3q,Aku percaya mahpud pakarhukum sip jelas dan benar mungkin prabowo udah lupa dgn. Ucapannya ketiga jadi prediden tapi kedaulatan di tangan rakyat,0,2026-04-25T14:02:29Z
@Kanoho-f4x,Pak mahmud jangan ndukung orang gak benar nanti pasti nama pak mahmud iku jadi orang jelek,0,2026-04-25T09:38:21Z
@sugiyono-ll2qh,"Ciri2 org ind klo SDH nggak menjabat pasti ngomong sak enak udelnya, pdhl sebelumnya  menjabat di pemerintahan diam2 sj",0,2026-04-25T08:38:33Z
@kesyahbandarankuppbintunii,Kadang2 yang mengkritik karena tidak mendapat jatah kue,0,2026-04-25T06:54:48Z
@IraWahyungati,Nama makar put orang sakit hati,0,2026-04-25T05:25:03Z
@Wanpurtha123,"JOKOWI BANGUN NEGARA DGN SANGAT BANYAK, DGN, SILA KE 5 PANCASILA. RAKYAT MAYORITAS PUAS DGN KERJA PRABOWO YG BERANTAS2 MALING2 UANG NEGARA, MAFIA2. YG TAK PUAS, LAWAN2 POLITIK, MAFIA2 DAN MALING2.",0,2026-04-25T04:56:52Z
@y.suwarnowarno2971,"Akhir perkuliahan ini, warno ikut paham pak Mahfud MD, kamivwarga Bekasi Utara. ❤",1,2026-04-25T04:55:16Z
@y.suwarnowarno2971,"Mengikuti kuliah Pak Mahwud MD, pasti menjadi mempunyai wawasan yg sehat & benar. Berani bersaksi, mana yg benar dan mana tdk benar. Permasalahan nyaauenjadi orang baik & benar sangat banyak tantangan yg harus dihadapi. ( kenyataan di masyarakat kami orang kecil punya niat2 itu, tetapi dipatahkan oleh para mafia2 yg brengsek)",1,2026-04-25T04:20:57Z
@otje777,Setuju sebelum mendapat kutukan dari Allah dan di hakimin rakyat,0,2026-04-25T03:39:20Z
@nandaawaliya,Terus berjuang dalam kebaikan demi rakyat Indonesia,0,2026-04-25T02:57:39Z
@williamchandra3799,omongan prabowo ini sepertinya cocok kata prof Mahfud siang tahu sore tempe.,0,2026-04-25T02:45:33Z
@Suwito-s6s7i,Indonesia di saat dunia dlm situasi yg gunhang ganjing ekonominya tp skrng masih stabil.,0,2026-04-25T02:44:06Z
@Suwito-s6s7i,Antek yg ada di Indonesia sudah berkarat...yg selama ini menikmati komisi dari asing..TK peduli dengan nasib rakyat kecil Indonesia.. penghianat para pahlawan.,0,2026-04-25T02:40:27Z
@williamchandra3799,"prof Mahfud, prabowo itu menit yg lalu bicara apa setelah menit berikutnya sudah tidak berlaku.",0,2026-04-25T02:37:46Z
@williamchandra3799,prof Mahfud itu kata prabowo dulu sebelum jabat presiden tapi sekarang setelah jabat dia merasa berkuasa kok enak ber korupsi.,0,2026-04-25T02:34:50Z
@pakhendra9526,TURUNKAN SBLUM NEGERI INI RATA DGN AIR MATA,0,2026-04-25T00:44:24Z
@budisantoso-kt4yg,"Rencana makar sudah terlaksana, tinggal menunggu waktu saja pelaksanaannya, sehingga BIN jangan lengah, antek asing jangan diberi kesempatan utk bergerak, apalagi melangkah. Antek asing sangat berbahaya!!",0,2026-04-25T00:27:20Z
@MinuiSeminui,"Iyaaa,,,trimakesih, ,pak Mahfud MD  buka  baik baik baik saja yah ,",0,2026-04-24T23:59:32Z
@makmur-c7e,"Yang jelek bersih kan cuci dan diseterika untuk mencapai sukses 
Yang kurang berguna lepaskan",0,2026-04-24T21:40:28Z
@MandakiJanjang,"Mantap pak,,masih ada ksemptan untuk buak baik pak,,",0,2026-04-24T17:26:10Z
@fransiscusanakotta2047,"Cukup jelas penjelasan Pak Mahmud,ini harus dmbil oleh Pemerintah utk mengevalusi kinerja pemerintah selama 18 bulan ini",1,2026-04-24T15:25:03Z
@YosiOciko,Mantap Prof👍👍👍,0,2026-04-24T15:10:52Z
@paksuranto6052,Mantan pak masuk md lanjut berikan masukkan yg sehat pemerintah ini yg kurang membela rakyat kecil,0,2026-04-24T14:52:26Z
@kasminsh5473,"Ini frof omong kosong terus tdk ada solusi utk ngatasi hanya omong kosong tdk ada kenyataan krn omong kosong, prabowo fakta rakyat masih bisa maksn minum sehari hari, dan rakyat nyaya fakta di tengah rakyat, tapu oknom penyinyir helas jelasjan tapu tdk ada solusi hanya omong kosong terus tiap hari sampai mati ya kosong blong, rakyat tdk percaya dgn omong kosong, yg fiminta nyata fakta rZkyat masih busa makan minum yv di nyatakan pknprabowo smg sadar sabar aamiin.",0,2026-04-24T14:02:54Z
@danielnoman,"Tks Pak Mahfud utk podkes ""terus terang"" ini, maju terus mencerdaskan bangsa ini lebih cerdas dan sehat sbg warga negara yg bertanggung jawab.",3,2026-04-24T11:53:54Z
@AdeOppo-h1r7j,Gaspol ..........,0,2026-04-24T10:10:09Z
@CekolBro,Sy pribadi akui brani PK mahps Krn sy udh bresrt ktka dia jdi mantri polhm tpi syng reel blum trkh,0,2026-04-24T08:10:46Z
@SukartiSukarti-q2u,"tolong pk mahfud,, pk prabowo bth orang kek bpk  ,,",0,2026-04-24T07:30:50Z
@suhardihardi158,"Tegakkan SUPERMASI HUKUM.
Ini hanya sebatas kata2 belaka.
Bukan tembus ke hati.",0,2026-04-24T07:02:27Z
@suhardihardi158,"Memang betul p.Mahmud.
Politik demokrasi telah terbelenggu UANG.",0,2026-04-24T07:00:47Z
@suhardihardi158,"Lalu bagaimana
Anggota DPR sbg.simbol perwakilan rakyat peran serta pengawasan jalannya EKSEKUTIP .
Mungkin terlalu gemuk BERKOALISI dng EKSEKUTIP.
maka secara cendikiawan perorangan menyampaikan KRITIK
Untuk itu para DPR jangan takut menyampaikan kritik
Walau anda terbelenggu oleh ketua umum partai.
Yg telah berkoalisi.",0,2026-04-24T06:55:38Z
@Sukanto1165,"Kenapa pak Prabowo ini kok jadi begini...kalau menjalankan sesuai dg isi hatinya sangat2 baik sekali malah ditulis dalam buku..kok kenyataannya jadi begini..apa ada yg dibawahnya ada yg mau menjatuhkan beliau ini...gawat...gawat...gawat, ada apa dibalik ini.padahal ada pakar hukum hebat2 seperti Yusril ihza Mahendra, Eddy fredes, Otto Hasibuan...masa gak kasih tau.gak ngerti tata negara.pak Mahfud MD, pakar hukum yg bermanfaat buat negari ini. mks.pak sehat selalu.",1,2026-04-24T05:54:14Z
@diditsukitno6915,"Yang rakyat rasakan dan pertanyakan, terhadap bpk prof Mahpud MD.
Kenapa pergantian rezim / pemimpin di Indonesia selalu saja gaduh, dalam pemilu apa rakyatnya yang bodoh memilih, padahal rakyat Indonesia di kenal tangguh ta'at dan efesien 🙏🙏🇮🇩",0,2026-04-24T05:42:09Z
@dwiwijonarko6002,Hebat pejabat kalo lagi jabat tak bisa bicara dan tak bisa kerja tapi kalo gak jabat waduh pinternya.... Ampun deh aslinya kalo mereka jabat lagi aman nyaman gak buat kisruh negri ini .,0,2026-04-24T04:14:07Z
@jundurnafi5509,p. mahfud semakin membingungkan.... tdk spt yg dulu lagi  he... he,0,2026-04-24T03:44:00Z
@sugiriyanto-o9v,"Makar itu kalau Pemerintah sdh sesuai dalam menerapkan Aturan ,atau sudah sesuai dgn UU 1945 dalam Kebijakan nya, itu nama Makar, Kalau Pemerintah salah dalam menerapkan Aturan nya tidak sesuai dengan UU 1945 itu nama nya Bukan Makar .
Masih banyak orang gak paham devinisi Makar itu apa , 
Kalau Pemerintah Dangkal di Nasehati dan langgar UU terus itu layak di jatuhkan , itu bukan Makar",0,2026-04-24T00:44:18Z
@restuyuwono8948,2030 indonesia bubar.....sekarang  ia bekerja  dituntun oleh otak bawah sadar menuju kehancuran...gimana ini,0,2026-04-24T00:20:57Z
@DwiHarmoni,"Semoga, di beri kesejahteraan selalu dlm lindungan Tuhan yang maha Esa, trima kasih atas masukan dan berbagi ilmunya , amiin",0,2026-04-23T23:49:55Z
@agasgaming4325,Mantan pejabat tinggi negara  masih harus kekuasaan,0,2026-04-23T23:39:22Z
@NurdinGimpu,Yo mari bertobatlah para koruptor demi rakyat Indonesia.,0,2026-04-23T23:26:41Z
@SaripahNur-n3s,Manusia  tidak ada  yg sempurna.. Dan selalu  ada salah. Tapi saya percaya Bapa mahput. Yg selalu ingat sama undang undang 45..ingat betapa  bratnya per juangan dan citacita. Kemakmuran untuk Rakyat.,0,2026-04-23T19:55:14Z
@SuYatno-u9r,"Kritik pakai aturan, ada etika, ada adap, boleh ngomong, tapi ada adap, jangan asal ngomong. Itu yg penting.",1,2026-04-23T18:37:39Z
@UpanPan-cz2pq,Waduh wa mahpud maumu opo wa opo karepe😅,0,2026-04-23T18:23:13Z
@rahmatl6767,Siapapun presiden selalu mencintai rakyatnya siapapun presiden nya pasti ada pembencinya untuk menjelek jelekan presiden seolah olah presiden itu ingin memusuhi rakyatnya pernyataan seperti itu tidak rasional tidak logis tapi kenyataan terjadi seperti itu semua orang merasa diri mereka paling benar apa yang di asumsikan ketika mereka belum menjadi seorang pemimpin ketika mereka menjadi seorang pemimpin mungkin saja mereka bakal sadar bagaimana rasanya jadi pemimpin yang di sukai banyak orang sekaligus di benci karena pengaruh persaingan global,0,2026-04-23T17:45:04Z
@imamsulistiyo4414,Prabowo pembela rakyat Indonesia,0,2026-04-23T16:35:56Z
@AbahErwin-u7r,Masalah parabowo tidak punja insiatif sendiri masih ikut Jokowi masih nurut jokowi,0,2026-04-23T16:12:39Z
@AbahErwin-u7r,"Udah Jang menang, 2024,Anis pemilu licik",0,2026-04-23T16:09:33Z
@husenganteng7545,"Saya sebagai masarakat kecil,tidak butuh demokrasi ini itu yg saya ingin masyarakat kita sejahtera ekonomi,,,",0,2026-04-23T16:04:52Z
@dasrills7156,"Hei pak Bowo dengar Wawan cara pak MD,bagaimana janji mu",0,2026-04-23T16:03:39Z
@hasmonosaptowijoyo6968,Pak. Mahfud. Ini. Orangnya. Siapa,0,2026-04-23T15:48:38Z
@Bambang-nf3zn,Mbg hanya menyuburkn koropsi mbg hnya    alat politik kekuasaan,0,2026-04-23T15:41:18Z
@Triyoso1995,S e t u j u,0,2026-04-23T15:20:59Z
@TontowiTowi-j2f,"Klu terjadi demo besar,2an emang itu bukan makst",0,2026-04-23T15:19:31Z
@ikarembang2654,Gak dapat tempat sekrang menjadi penghujat,0,2026-04-23T14:40:09Z
@mkyanto,Menuju 20 rb per 1 $...masih berani pegang ?,0,2026-04-23T14:29:15Z
@HendrikSukardi-b6w,"Sayang banyak yg ingin negara ini rusak.Tindakan preventif lebih baik dari pada ada gerkan dulu baru ditindak.Costnya mahal prof.
Aku menduga kalau ini tidak secepatnya diatasi maka akan ada pertumpahan darah.",0,2026-04-23T14:11:41Z
@SudiYanto-z6w,Prabowo buat indonesia hancur.,0,2026-04-23T14:07:33Z
@HjSudrajatSudarajat,Apakah bicara .menjatuhkan persiden  merupakan  keritik pa mahpud,0,2026-04-23T13:44:06Z
@Heriputra12Heri,Bukannya di minta mundur tapi pemufakatan menggulingkan hasil pemilu DEMOKRASI ! kalau itu bukan makar apa lagi namanya prof ?.,0,2026-04-23T13:25:14Z
@MaxBudiRachmat,Jatuhkan itu harus ada dasar Hukumnya...! Apa pelanggaran Hukum yang dilakukan Prabowo - Gibran...? Kalau tidak ada... itu Makar namanya... hukum harus ditegakan... Indonesia negara Hukum.,0,2026-04-23T13:13:16Z
@iketutnerkha3490,"Semua kebijakan yang memerlukan biaya , tentu uangnya milik rakyat, karena itu bila biaya kebijakan itu rakyat tidak tahu dan merugikan rakyat, mungkin rakyat bisa marah.",0,2026-04-23T13:09:43Z
@iketutnerkha3490,"Bila betul membela kepentingan rakyat, mestinya kebijakan pemerintah harus memihak kepentingan rakyat, bila perlu apapun yang hendak dijadikan kebijakan dibicarakan dulu kepada rakyat/wakil rakyat, agar jangan kebijakan itu hanya bagus menurut pemerintah saja.",0,2026-04-23T13:02:39Z
@UmarBatram,Mahpud md katanya guru besar apa.pekerjaan anda waktu anda jadi Mentri apa yg anda perbuat utk kebaikan bangsa ini,0,2026-04-23T12:25:55Z
@suratnooo-w3v,"Ayo terus suarakan kebenaran prof, bahaya indonesia di 10 th terahir ini di pimpin Jokowi di lanjut Prabowo, lebih parah dari ORDE BARU yg dulu dikecam",0,2026-04-23T12:12:35Z
@sunarnongadenan8863,Resapel. Parpol harus di gabung menjadi. 3 atau 4 parpol saja.krn menurut pendapatku banyaknya parpol hanya menyuburkan tumbuhnya setan setan pencuri APBN/APBD saja x y.,0,2026-04-23T11:05:17Z
@RasiwanWan-u2z,LANJUTKAN SEMANGAT BELA KEBENARAN PAK PROF.....BPK MEWAKILI RAKYAT YG KEBANYAKAN DIAM GAK BERANI  TAPI RAKYAT MENGERTI .,1,2026-04-23T09:29:07Z
@SaitTomia-m3f,"Salam mualaikum,,, trimakasi  bkp  Mahmud,,, mohon  maaf  ,,,, Dengan infonya,,,, jelas terang   dan semoga  para pembina negara yg lain  dengan hal
Yg jadi kewajibannya  ,,, bisa searah  dengan maksut dan tujuan   NEGARA 
KEDEPAN  ,, YG RAKYAT  KELUH DAN
MENGHARAP   ITU PERLINDUNGAN 
UNTUK SELURUH  WARGA NEGARA 
     PENEGAK HUKUM  ITU YG UTAMA 
YG  SELALU  RAKYAT  MENCARI KEADILAN  ,, KALAU MEMANG NEGARA
BERTUJUAN   BENAR DARI   YG  BERTANGGUNG JAWAB  SOLUSINYA 
ADA PP ADA  PENGABDI  BANGSA KITA  
SEMOGA  KITA SEMUA DAPAT LINDUNGAN  ALLAH   MOHON MAAF 
SALAM MUALAIKUM",0,2026-04-23T08:48:06Z
@HaryYoga-v5v,Haala ini barisan. Orang yg sakit hati kalah pemilu.. Perkataan itu udah menuju makar.. Jangan demokrasi jadi alasan dong..,0,2026-04-23T06:45:09Z
@AkhmadMalik-s3o,"Saya tidak bisa komentar disini
Sebelum MAHKAMA AGUNG ME
NYELESAIKAN UU.PERAMPASAN
ASSET.",0,2026-04-23T04:54:10Z
@SumaryonoSumaryono-e6j,"Trimakasih Prof,srhat² selalu dan selalu dalam lindungan Alloh,semoga pak Prabowo segera insyaf negara bukan milik pribadi,terus kan perjuangannya prof  menyuarakan kebenaran demi NKRI ,hukum dan demokrasi di Indonesia sdh sangat miris",0,2026-04-23T04:07:16Z
@nanamaulana1147,Preeettt.......,0,2026-04-23T02:49:54Z
@LalumuhammadHasyim-z4w,"As. Maap yaa, ustatz² yg banyak ngomong ini, ingat"" Islam mengajarkan orang yg beriman kepada Alloh dan hari kemudian dia akan Bicara yg baik, kalau tidak bisa lebih baik diam ! Oleh karena itu bapak Pe Amat² jangan banyak ngomong Ooooke !",0,2026-04-23T02:36:53Z
@hotmawatipanggabean9471,"UU perampasan asset di diamkan yg koropsi tambah merdeka ,stop MBG ..pantas pak MD Capres dan cawapres pak KDM baru mantul negara kita ini",0,2026-04-23T01:58:00Z
@mohamadridwan557,Prof itu mengajak menjatuhkan prabowo dan artinya menjatuhkan pemerintah yg sah  klo ngajak 2 artiny  tetap makar!!!!!!!!!!!!!!!.,0,2026-04-23T00:31:45Z
@HassinAssin-k8d5t,❤❤❤,0,2026-04-23T00:28:11Z
@AhmadErwin-t7l,"Kerjaan para penjilat selalu bilang sama pengkritik  presiden MAKAR, tdk NKRI.
sebenarnya negara dalam keadaan bahaya banyak si penjilat² ini.
Coba kalau tdk ada penjilat..INDONESIA BISA MAJU",0,2026-04-23T00:09:20Z
@DidikWahyudi-w6k,"Ya bapak Mafud lah yg brani, coba tolong pak  Bapak yg memprakrasai please !!!trus ajak teman2 cendekiawan & para jenderal, serta para pemuka agama",0,2026-04-23T00:08:43Z
@endangkusnadi9824,"Buat Pak Mahfud : Bapak saya tahu kecerdasan dan kemampuan anda dalam bernegara, tapi saat ini maaf saya katakan bahwa pemikiran yg bapak kemukakan ke publik itu bertolak belakang dengan cara berfikir dan kecerdasan bapak.",0,2026-04-22T23:07:42Z
@LukmanMokodongan-m7o,"Pemimpin tidak boleh anti Kritik, tapi mau mendengarkan aspirasi rakyat yang sifatnya konstruktif, kita bangun negara ini bersama- sama dengan hati bukan dengan sifat arogan mau menang sendiri,",0,2026-04-22T22:21:17Z
@LusiWulandari-u2r,Orong ini bang gak bisa muon. Kaya kayanya ingin  jadi cawapres bang buat gado,0,2026-04-22T19:17:46Z
@sobirin6295,Kami setuju pendapat pak Mahfud MBG lada 3:04 ng koruptor😎,0,2026-04-22T16:31:01Z
@tomi-b4u1d,Preeeeeeeetttt,0,2026-04-22T16:14:34Z
@AldySanjaya-m2b,Mantap pak mahfud..👍👍👍👍,0,2026-04-22T15:49:00Z
@Idnjaya558,"Profesor, lupa ada prefentif, kuratif semua karna dan gagasan baru gerakan, menggalang kekuatan untuk menjatuhkan pemerintah yang sah, ya menuju makar, jangan terjadi ya di amankan.",0,2026-04-22T15:43:31Z
@skyjavaind,"Sebenarnya hanya kebelet berkuasa,tapi apa daya rakyat kurang meliriknya.makanya Amin Rais ke dua",0,2026-04-22T15:42:39Z
@AsepWa-b9u,Rakyat menung gu pejabat atou peminpin yg mampu memberkan hukuman mati aset nya sita bagi koruptor,0,2026-04-22T15:11:44Z
@AsepWa-b9u,Pa mahpud negara ini punya koruptor sebab koruptor sudah menguasai di semua intansi sudah meresahkan rakyat untuk itu terbitkan PP hukuman mati dan aset nya sita bagi koruptor sampai saat ini belum ada yg mampu,0,2026-04-22T15:08:10Z
@Saya-iq1vm,"Mafud, me, memplitir, hukum, sewenang2, bikinrusak, masyarakat,",0,2026-04-22T15:05:28Z
@ObethAinusi-l8u,Hadir,0,2026-04-22T15:00:13Z
@hamidahyuningsih8045,Masya Allah tidak semua rakyat ingin pak prabowo mendur hanya mintak kebijakan nya dan janji janji yang sudah di sampaikan yang belum di lakukan nya kepada rakyat memberantas korupsi lapangan pekerjaan ekonomi pendidikan banyak yang lainnya lagi yang haru di bena oleh pak prabowo untuk ke makmuran rakyat indonesia ❤,1,2026-04-22T14:49:08Z
@mocharif1878,Aku tidak setuju pak Prabowo mundur. orang2 yg bikin kegadoan indonesi yg bikin kisro.senengane cari2 kesalahan orang lain blumtentu dirinya  jadi persiden rakyat makmur.kakean omongetok.,0,2026-04-22T14:09:11Z
@aldiansumardi6295,"Prof Mahfud. Mau tanya : kita sewa gudang di jombang, u produksi briket batok kelapa. Kontrakan sisa bbrp bln hbs. Tiba2 ada org timteng mau lanjut kerj disisa kontrakan. Gud, mesin, tenaga, listrik punya kita dipake, dg janji kita diksh 20 %  Stlh berjln bbrp bln , hsl produksi numpuk, dititip digudang kita. Kontrakan mau hbs, kita tdk perpjg, kita srh ambil brg, byr fee u kita kr pemilik minta kosongkan segra. Kr kita bingung, brg bnyk g diambil, kita blm dibyr, dipanggil g mau dtg, akhirnya brg kita jdkn duit. Skg dia nuntut pidana, kok bisa prof. Gmn case ni sbnrnya, prof & sepertinya kerj sm dg polisi u menjebak kita. & tq prof",0,2026-04-22T13:53:22Z
@singimale1233,Dulu cocok nya mafmud dan ganjaar.. pengalaman kurang apa lagi soal 2 orang ini 😢 sangat tenang dan. Berwibawa,0,2026-04-22T13:41:30Z
@Suprapto-o3f,"Kalah nyapres ya hrs legowo,gak usah ikut""an pendukungnya saat nyapres.
Masy faham siap yg minor itu ya pendukungnya saat nyapres.",0,2026-04-22T13:25:59Z
@Samiun-x4s,"Ingat baik baik pak Prabowo anda bukan penguasa tetapi pelayan rakyat,jangan jahat dengan rakyat......rakyat mengeritik jangan diancam dengan pasal makar.....bubarkan sajalah yang namanya relawan.....tukang obok obok demokrasi rakyat.......??????",0,2026-04-22T13:25:16Z
@sariono5303,"Memang seharusnya p Prabowo pensiun dini dengan hormat,karena 18 bulan ini kita sudah tau dg kemampuan p Prabowo masih kurang buat bangsa ini.",0,2026-04-22T13:13:41Z
@muadicaca6560,Betul DPR GK berguna cm cari dan merampas uang rakyat bikin undang undang nyusahin rakyat bikin negara hancur,0,2026-04-22T13:08:24Z
@AchmadAnis-l8i,"sangat benar apa yg dikatakan oleh pk Mahfud 👍 klo memang negara indonesia mau maju dan makmur, Jaya indonesia 🇮🇩💪",0,2026-04-22T12:33:42Z
@Arceliocomel,"Mahmud md sok cerdas, muzani itu sudah jelas ingin mrnggulingkan presiden , yo  jelas makar , apalagi yg ingin   menggulingkan dua glintir orang",0,2026-04-22T12:16:59Z
@MiraMira1234-c2g,PA Mahmud Keren buwang mbg,0,2026-04-22T11:53:26Z
@bocilkematian706,SErukan terus pak mahfud jangan takut.,0,2026-04-22T11:51:35Z
@bocilkematian706,"ITU NANTI SEJATA MAKAN TUAN,BUKU WOWO",0,2026-04-22T11:33:00Z
@bocilkematian706,"KAlAU  TIDAK MAU BERUBAH, KAMI RAKYAT KECIL SETUJU TURUNKAN PAKSA .",0,2026-04-22T11:25:56Z
@YusniarA-k5q,Prabowo tidak layak jadi presiden dari segi umurnya sudahtidak cocok sudah lansia ingatannya sudah ngawur sebaiknya di turunkan  masih banyak orang² pintar laindi negri ini,0,2026-04-22T11:21:42Z
@bocilkematian706,BERARTI MAUNYA DIPUJITPI TDK MAU DIPERBAIKI KALAU SALAH. ALIAS SOMBONG.,0,2026-04-22T11:12:40Z
@bocilkematian706,"Kami jg sangan kawatir pemerintahan prabowo,sesuai arahan apa pada ngarang sendiri tiap2 pejabat",0,2026-04-22T11:08:01Z
@betrowelfi9449,Emang masih ada orang jujur?,0,2026-04-22T10:49:40Z
@NenekNun-r2e,❤,0,2026-04-22T10:42:13Z
@sontoloyo715,"Tanpa diawasi mud. sudah ads polisi,jaksa kpk ..
Tak mud recokin..
Mbg jelas ..keadulan sosial yg dimulai dari anak anak kita ,miskin.. sampai kaya..
Anak kampus mud  sudah sadar bahwa kalian hanya jadi pengasut ..dan fitna org pemimpin jadi jangan jadi propikasi",0,2026-04-22T10:04:38Z
@sontoloyo715,"Kata ngajak +mari kita gulingkan prabowo!itu namaya ajakannperintah mengasut utk mengulingka  prabowo ..itu makar mafud ... 
Dasar..benci mbg,Bop,indonesia gelap,mk ,masa se tara mahfud ..memelintir narasi Saiful mujanis   bukan makar pengasut menuju keos",0,2026-04-22T09:44:50Z
@MuthoharTohar-p7p,Ingat  setelah mendapat anugrah ke kuwasaan  perlu  ingat berapa lama  kita hidup di dnia ini mana kalaa  kita  kurang dapat  melaksanakan  amanah,0,2026-04-22T09:23:42Z
@KamaruddinKama-k8t,Sebaiknya Prof Mahfud MD menjadi ketua pengawasan Pemerintah Pusat yang independen. 😊,0,2026-04-22T08:04:41Z
@ladiyonoladiyono7108,Mohon kalau membenahi yg sesuasi konstitusi bener2 hrs tegas jangan setengah hsti,0,2026-04-22T07:19:04Z
@SiswandiSiswanto-k3k,Yg baik indonesia d tangan p mafud,0,2026-04-22T06:50:23Z
@deruspita9560,Mudah2an presiden saat ini tidak hanya omon2.,0,2026-04-22T05:39:17Z
@CasmadCasmad-g7d,"Mahfud MD irih kepingin memimpin hahaha belum tentu bisa aman negara RI 🇮🇩 ini kasihan , kalah tarung pencalonan presiden dengan pak Prabowo",0,2026-04-22T04:52:45Z
@KomAri-ej8rz,Persiden dipilih oleh rakyat dan rakyat punya hak untuk mengeritik kalau yg dipilih gk benar kalau gk mau dikritik turun aja jangan jadi pemimpin  pemimpin apa aja aq setuju pk mahfudz terus semangat prof,0,2026-04-22T04:48:21Z
@rahmatzuhirbkl8667,"Ingat 3x,rakyat indonesia tdk bodoh seperti anggapan para pejabat!",0,2026-04-22T04:22:11Z
@toksengat8588,MALING BERLATIH SNDRI JADI TOYUL GUNDOL BISA CURI US DOLLARS DARI BANKERS ASKANAZI,0,2026-04-22T03:45:25Z
@rendrastanfordi7861,"semasa muda bercita-cita mulia, ketika tua jadi mulyono 2 😏",0,2026-04-22T03:35:40Z
@hartinitsm1724,Mantp pk md,0,2026-04-22T03:19:22Z
@UsmanMuda-i9d,"INDONESIA INI KALAU MAU AMAN, JANGAN TERLALU BANYAK PARTAI, EVISIENKAN PARTAI CUKUP 3 SAJA. KITA LIHAT NEGARA YANG MAJU ITU TIDAK TERLALU BANYAK PARTAI.",0,2026-04-22T02:17:43Z
@ahmadhisan7788,Menepuk Air di Baskom Indo... Terpencil Muka Sendiri... 😅😊😂,0,2026-04-22T01:22:28Z
@masheru-se2tw,Alhamdulillah..,0,2026-04-22T00:31:20Z
@Kakeknenek123-qc3wk,Penjabat yg melanggar UUD tidak layak suara kan terus pak Mahfud,0,2026-04-22T00:25:02Z
@lutfimuhammadsyibli9362,"Lama2 gk anak sekolah aja yg dpt MBG, seluruh masyarakat bakal dpt MBG, sehingga, yg miskin semakin miskin",0,2026-04-21T23:40:18Z
@dhanoesoepomo4913,audensi presiden dg semua mentri2,0,2026-04-21T23:34:15Z
@dhanoesoepomo4913,"kritik oke tapi harus diberi solusi tdk koar2 gulingkan gulingkan , kan ada jalan audensi
dg presiden bila dpr tdk bisa.",0,2026-04-21T23:23:35Z
@Palembang-w6b,Bener. Pak. Mahmut. Md. Mau. Menggolingka.p.nkri..mestinya. mendukung.,1,2026-04-21T23:16:38Z
@Palembang-w6b,Saya. Orang. Desa. Maap. Sebelumnya. Saya. Komentar. Intinya. Jangan. Makar. Dan. Jadi. Propokator. Ibaratnya. Wayang. Jangan. Kaya. Sengkuni.,0,2026-04-21T23:11:24Z
@BasudewaKrisna-ef6ww,"MARMUT MD DUKUNG  GROMBOLAN YG MAU MENGULINGKANNPRABOWO, KRN MARMUT MD SAKIT HATI KALAH PILPRES",0,2026-04-21T21:11:13Z
@siswantosiswanto6859,Manusia TDK ada yang sempurna TDK ada yang paling baik introspeksi diri utk menjaga keseimbangan perjuangan hidup filosopi org Jawa becik ketitik wong olo bakal ketoro/kelihatan sing penting berbuat dan buktikan buktikan,0,2026-04-21T19:31:31Z
@minukyamirah4303,"Presiden omon omon doang,buktinya nol",1,2026-04-21T18:47:38Z
@minukyamirah4303,"Prabowo wajib mundur dari presiden,rakyat sudah muak.",1,2026-04-21T18:46:53Z
@FajarekoPriyanto-c4r,"Alhamdulilah pak prabowo udah ngerti gimana jadinya indonesia setelah penggantinya beliau,.. 
Yang saya kuatirkan kalo udah ganti president, indonesia bakal gelap anak cucu kita yg kena imbasnya..
Kali ini saya udah lega denger  cerita pak mahfud tentang pakprabowo",0,2026-04-21T18:24:47Z
@sunaryosunaryo2755,Kok berusaha jujur berarti...,0,2026-04-21T17:36:53Z
@DjDjol-f9w8j,"Anda sebagai tokoh, harusnyajuga, punya pandangan yg bersifat pesan dan kesan kalau mau negara ini masih ber adab.",0,2026-04-21T17:09:40Z
@antisukamti8684,"Semoga pak Mafud MD diberkahi dan dirakhmati serta dilindungi Allah swt.
Terimakasih pak",0,2026-04-21T16:28:40Z
@nyomanwirawan3340,"Coba Mahpud kemarin menang, lain pendapat dan pikirannya.pada waktu Mentri  sama saja hukum tidak ada perubahan",0,2026-04-21T16:17:56Z
@KurtislimyWantas,Tidak salah lek Harto aja mau di gulingkan....maka Amanah nya pililah.pemimpin yg sehat lahir batin dan berakhlak.bukannya pemimpin dari politisi sakit apa lagi dari jendral sakit.yg menyengsarakan rakyat Indonesia.,0,2026-04-21T16:03:05Z
@yokoludia6908,Tetap usut tuntas dan ayo di kawal bersama untuk memberantas Korupsi mulai dari desa sampai kota ya pak Mahfud.,0,2026-04-21T15:48:36Z
@yokoludia6908,Semoga bapak Mahfud MD tetap sehat selalu ya pak.,0,2026-04-21T15:47:05Z
@yokoludia6908,Majulah bapak ke RI 1,0,2026-04-21T15:46:00Z
@yokoludia6908,Pembicaraan bapak Mahfud MD saya sangat menghargai dan sangat setuju maju kedepanya Bangsa Dan Negara Indonesia ini. ❤❤,0,2026-04-21T15:45:29Z
@gaisanzakiyarafa,Prabowo legowo 3 kali kalah.Politik gagal tunggu 2o29 jangan putar putar Makar jalanan,0,2026-04-21T15:25:47Z
@sontoloyo715,"Kata mengulingkan jelas kata kerja,
Mengasut utk berbuat mengulingkan melengserkan Prabowo.",0,2026-04-21T14:56:46Z
@sontoloyo715,Mahfud ini belah sesama porofesor walaupun jelas mengulingkan prabowo.,0,2026-04-21T14:55:30Z
@Jalu-qr3et,"Rezim NDABLEG....!!!

Makar atau bukan makar  sesuai kon stitusi atau tidak.
Nggak ada urusan.

TURUNKAN PRABOWO KEMUDIAN LAKUKAN PEMILU LUAR BISA UNTUK PRESIDENT 2026 - 2031.",0,2026-04-21T13:58:06Z
@esuryana5235,Buang energi nonton vidio mahfud,0,2026-04-21T13:57:03Z
@sendiamartris,"Maka setelah menyimak ulasan ini, maka teramat dungulah yg menganggap & melaporkan makar saiful muzani dll.",0,2026-04-21T13:18:33Z
@hartoyo5549,"Indonesia milik rakyat indonesia , bukan milik penguasa",0,2026-04-21T13:16:23Z
@opoassa2031,"Semua orang di dunia ini, tidak ada yang sempurna, tetapi ada keunggulan tertentu seperti, tidak mengutuk suatu negara tertentu, seperti negara Israel.",0,2026-04-21T13:08:21Z
@sendiamartris,"Tidak akan ada lagi kebaikan utk rakyat & utk bangsa ini,  diam di injak & dilahab, berani dibungkam & dkriminalisasi. Kuota koalisi 80% lebih di DPR...mungkinkah kuota ini baik? Menurut keyakinan saya, akan semakin hancurlah bangsa ini.",0,2026-04-21T13:01:35Z
@opoassa2031,"Masalah yang sangat sensitif sekarang yang dihadapi pemerintah / Presiden adalah masalah Internasional antara lain: 
1. Tidak berpihak ke Iran, tapi bernegosiasi dengan AS dan Israel.
2. Masalah Palestina/Hamas.
Jadi menurut penilaian saya mari kita secara bersama-sama untuk membersihkan para teroris di negara Republik Indonesia.",0,2026-04-21T12:57:18Z
@ramadanbagusMaulana,Assalamualaikum Hay Mahmud MD kalau udah tidak  terlalu di pakai sama kabinet merah jadi banyak oceh sini oceh sana....Mahmud MD aktipis 98 ...yang gagal .. sok pinter tapi kadang kadang pikun ... Yang lebih cocok mahmud MD jadi bos tempe dan tahu ..... kalau tidak di pake sama Kabinet merah putih....dari jaman gus dur sampai sekarang sudah beberapa kali menjadi metri ...bicaranya kaya bukan negara one...pantes nya dia jadi bos tempe tahu ajah ...biar diam selam nya,0,2026-04-21T12:51:18Z
@HUsman-d7z,Gimana pak Mahpud katanya Gibran itu gak punyak ijasah kok bisa jadi wakil,0,2026-04-21T12:45:29Z
@UserMasMov,Kalau ingin mengganti pemerintahan ya kayak Gus Dur dijatuh kan  amin Mega dan Jokowi seperti itu aja,0,2026-04-21T12:31:56Z
@budiprayitnoprayitno6335,Semoga bpk mahfud md selaku sehat selalu dalam lindunfan Nya . Amin,0,2026-04-21T12:27:14Z
@TrisnoMulyono-j7w,Sy dukung p Mahfud MD desak pengesahan UUD perampasan aset koroptor,0,2026-04-21T12:13:49Z
@indieka8367,Programnya pak Prabowo diluar nalar pak .!!!ga jelas...!!,0,2026-04-21T11:40:41Z
@TrisnoMulyono-j7w,Mana wowokatanya sikat koropsi sampe antartika buktinya mana senyap2saja koroptor pengesahan UU perpasanaset koroptor mana omong2doang GK ada bukti  hampir 2thnmenjabat,0,2026-04-21T11:16:05Z
@DeniDeny-my9qy,Wajar kalau rakyat marah. Pak prabowo ini tdk mau peduli pd masukan.,0,2026-04-21T10:16:18Z
@wongndesoo8455,"APAPUN ITU SAYA BERSYUKUR HIDUP DI INDONESIA, NEGARA LAIN JUGA BANYAK MASALAH. DI INDONESIA MASIH BISA NGOPI, KERJA DAN IBADAH DENGAN TENANG...",0,2026-04-21T09:53:52Z
@NarzoNarzo-t4r,"Sekali lagi saya anjurkan supaya buku tulisan BPK Prabowo dibedah kembali didepannya, supaya dia ingat kembali apa yang pernah dia pikirkan, saya kwatir dia sudah pikun..",0,2026-04-21T08:43:08Z
@AzisMora,Tinggal nunggu hancur kl negara begini terus.kita rakyt hrus berpikir logis.keritik harus anarkis jangan.terus kita suara suarakan kebenaran agar ngra kita tercinta tdk akan hancur.,0,2026-04-21T07:40:00Z
@YakobusRamlin,Alangkah baiknya demo besar2an  utk menggulingkan  presiden Prabowo karena pemerintahan SDH berjalan 18 BLN  TDK  ada buktinya hanya berbicara tth MBG dan koperasi merah putih.apakah sektor lain TDK dibutukan oleh masyarakat?....,0,2026-04-21T03:27:13Z
@Gifari-v7g,Makin kacau Konoha ini,0,2026-04-21T01:57:12Z
@Gifari-v7g,Persis kayak trum semua semau2 dewe,0,2026-04-21T01:56:00Z
@AlievJusup,Hanya politisi yang bisa maling dan berbohong tapi tetap terhormat.,0,2026-04-21T01:05:47Z
@Mbah_Yong,Profesionallah prof,0,2026-04-20T23:57:26Z
@AbdulWahid-ue6dw,"Emang sudah jancur prof selagi para pembohong, penipu "" korupsi "" perampok kekayaan nehara di biarkan dan para pejabat yg tak berpendidikan negara tak akan pernah beres",0,2026-04-20T23:42:12Z
@IrulZ99,"Pemerintahan baperan skrang 😂😂 ini gara2 anggota nya ego sendiri, dkritik rakyatnya emosi pmerintah, apa ini?",0,2026-04-20T21:53:46Z
@yulfrizalyulfrizal3971,"KELUAR DARI REL KONTITUSI AGAMA ISLAM DAN KONSTITUSI PANCASILA DAN UUD.45,SEBENARNYA,POLITIK LUAR NEGRI BEBAS DAN AKTIF,YANG BAIK DAN YANG BENAR BUKAN MENYIMPANG DAN BERLAWANAN DENGAN KONSTITUSI AGAMA ISLAM DAN PANCASILA DAN UUD.45 SEBENARNYA.AKAN MENGAKIBATKAN NEGARA HANCUR DAN RUSAK BERANTAKAN . BENAR DAN CERDAS KATA PAK MAHFUD.SADAR DAN PAHAM.MAAF SEBELUMNYA TERIMA KASIH SESUDAHNYA.❤❤😂😂❤❤😂😂❤❤😂😂❤❤❤",0,2026-04-20T19:04:18Z
@SulaemanNene,Pak Mahpud secepatnya aja pimpin rakyat turunkan prabowo,0,2026-04-20T19:01:08Z
@SantiSusanti-q1f,Jawabnya karena sebagian pejabat Konoha udah di recoki agen asing. Yang paling dominan tentu CIA dan mossad. Menurut saya dua agen itu udah masuk ring satu dan mulai pegang kendali dalam  pengambilan keputusan strategis. Dst............,0,2026-04-20T18:10:14Z
@christhiorionardo9197,"kalau kritik membangun , jangan menjatuhkan itu tidak benar pak macfud",0,2026-04-20T16:22:18Z
@azhartanjung4876,"MFFUD BESAR BUAL
😜😜😜😜😜
PROFESOR NEGARA LUAR SIBUK BERLOMBA LOMBA  MEMBUAT NUKLIR CANGGIH,  PROFESOR NEGERI INI MALAH SIBUK  CARI KEKUASAAN  DENGAN CARA TERIAK TERIAK MEMBUAL
🤣🤣🤣🤣🤣",0,2026-04-20T16:18:25Z
@franklampard8771,Mahfud yg sekarang dgn mahfud yg dulu berubah dimana disaat tidak memperoleh jabatan koar2 dlu dapat jabatan diam seribu bahasa. Undang undang menyatakan orang melakukan tindakan mengajak menjatuhkan atau menggulingkan pemerintahan yg sah undang undang  menyebutnya  makartetapi kalau saya menyebutnya pengjhianatan negara wajib dihum mati. Itu jelas tidak usah di plintir plintir undang undang tersebut jdi mahfud md tertib dan anteng jika dapat jabatan dr pemerintah sangat amat memalukan...! Untung gak jadi presiden...ternyata orangnya tidak tulus pamprih jabatan,0,2026-04-20T16:13:25Z
@IrwanPertama-t4b,"16% sakit hati , mahfud md 😅😅😅",0,2026-04-20T15:03:15Z
@kardono9006,"Tolong Prof Mahfud MD  apa yg di sampaikan di Podcast ini tentangapa yg di katakan ( Pernyataan ) Pak Prabowo yg telah di bukukan, Tolong di tulis secara ringkas dan di kirim ke Istana atau langsung ke Pak Prabowo, ini demi kebaikan Indonesia karena mengingatkan 🙏",0,2026-04-20T14:53:51Z
@pengemissyafaattv1379,Beri waktu pemerintah untuk memproses semuanya,0,2026-04-20T14:53:40Z
@uraarjumand9400,"Pintar mengolah KATA-KATA ,, Itulah pak wowo😅😅😅",0,2026-04-20T14:39:27Z
@abdillahzubaedah2601,Kata prabowo koropsi akan sy kejar sampe akar2nya pret baru smpe solo aja sdh  sujud,0,2026-04-20T14:28:12Z
@abdillahzubaedah2601,Prabowo itu anti kritik seperti gurunya geng solo  kalo ga mau dikritik jgn salahkan  nanti kalo rakyat  rakyat bertindak seperti di negara nepal,0,2026-04-20T14:16:54Z
@wirosolo,Gelap ..... gelap banyak maling,0,2026-04-20T13:41:47Z
@WartonoBajul,Menyesal selama ini pilih PDI lihat sekarang ucapan tokoh2 PDI.,0,2026-04-20T13:01:12Z
@endangsulistiyani5264,"Luaaaarrr biasaaaaaah bapakku yg satu ini...saya tetep hormat dan bangga punya bapak negara ini. Cerdas,humble,bersih....semoga Allah swt senantiasa menjaganya dan beri sehat sll...aamiin yaa robbal'alamiin 🤲",1,2026-04-20T12:37:32Z
@dedyiswadi8856,"Langsung hilang pintarnya, kalah pilpres jd orak mengkerut",0,2026-04-20T12:33:55Z
@tataa_6sh,Prof. Mahfud jago ngebacot.  Urusan reformasi polri gimanna ta' iyyoo ..?  Sampeyan itu omdo (omong doank),0,2026-04-20T12:26:47Z
@qomaruddinshalabi576,Tidak bisa berharap  pada Prabowo lagi dia itu pengecut dan lemah,0,2026-04-20T11:42:18Z
@suhasnahicus5677,"Kalau dikasi jabatan ujung ujungnya diam, itulah politisi Indonesia ✍️",0,2026-04-20T11:27:19Z
@WardoyoEdi,"Rakyat indonesia menangis di pimpin Jokowi,di ganti Prabowo yg bisanya hanya memper panjang Tangisan Rakyat saja.",0,2026-04-20T09:53:26Z
@lukehendri7254,"33:10 teringat mirip dengan kasus mobil Timor...tiba2 muncul itu, Prof",0,2026-04-20T09:20:51Z
@WatiKarya-x9j,Tuh minumnya saja ngga lupa bismillah,0,2026-04-20T09:18:28Z
@KokoJokoDosoPutro-q4h,Tidak cocok dan tidak benar segala ucapan dan solusi ya,0,2026-04-20T07:27:35Z
@milyunertv,Rakyat pemilih prabowo dll biar sadar klo di pimpin militer ya minimal begini rasanya😅😅,0,2026-04-20T06:21:09Z
@ronaldmanalsalhutahaean2157,"Balek lagi keadaan ini, semuanya harus di ""DEMO"" dulu baru jalan atau Viral dulu, baru ditangani walaupun hasilnya terdegradasi !",0,2026-04-20T06:19:53Z
@achmadroi7899,pemerintahan prabowo banyak bohong,0,2026-04-20T05:46:21Z
@paonmama7508,OM TOLONG UP KAPAL BUMN PERTAMINA YG DI SELAT HORMUS TERNYATA SEMUA ABK ORG INDIA,1,2026-04-20T05:45:54Z
@only_one255,Mbg mega korupsi yg tak tersentuh hukum,0,2026-04-20T04:23:11Z
@trinugrohobudisantoso7163,Terus..... Bagaimana Prabowo dimata Indonesia dengan pesta Ultah Teddy di Paris?....... Mbelgedes....,0,2026-04-20T02:47:09Z
@SuharnoRBR,"Demokrasi yg ber keberadaban,tapi Saeful Muzani mengandung unsur hasut dan profokatif",0,2026-04-20T01:59:18Z
@JusriPeritenggara,Termul termul 😅,0,2026-04-20T01:02:49Z
@RichoYudha-m3h,Di jaman p Jokowi di bahas juga nggak pak di dpr  keinginan untuk mengubah undang undang demi keberlanjutan pasangan p prabowo Gibran wkwkwk,0,2026-04-20T00:58:40Z
@sudiyonoata,Mhfud nd provokator,0,2026-04-20T00:49:02Z
@yantiyanti2948,"Kalau pak presiden sudah tidak memihak rakyat mari kita rame2 menurunkanya. 
Ganti presiden yg mau menyejahterakan rakyat. 
Bravo pak Mahfut.",0,2026-04-19T18:36:08Z
@ElwinMakassar,😂😂 si Mahmud sok bijak😅 kita sudah tau belang anda saat jadi Mentri sok kritik tapi di eranya jadi Mentri koruptor merajalela malah menyalahkan peesident😅,0,2026-04-19T18:04:54Z
@lindasuci6404,Tuh wakil pr3siden yg ak pilh sepasang capres cawapres pilhan aku. Bukan yg ono no 👉,0,2026-04-19T17:35:15Z
@BusriMRahat,Mantap pak mahpud sy setuju,0,2026-04-19T16:24:42Z
@EkoPurnomo-b4r,"Jelas makar bung, biasa dia kan kroninya mahfud wkwkw, lnjut",0,2026-04-19T16:22:04Z
@BERTusLynn,"Ini semua karena budaya korup, rencana sih mau gaya mafia state, rancang mega proyek bancakan, ternyata tata kelolanya lebih mirip preman kampung, sungguh menjijikkan",0,2026-04-19T16:14:28Z
@LaluNursaidDTalam,Pak Mahfud kenapa pd masalah hukum kenapa anda diambbhn risaknua alek Pabowo Ngomong domvq,0,2026-04-19T15:49:19Z
@Bruh_XD753,Asiknya,0,2026-04-19T14:53:03Z
@meiamateur9084,❤❤❤👍👍👍👍,0,2026-04-19T14:39:42Z
@SutyOryu,"Tetap semangat pk mahfut, kami masarakat butuh bukti, bukan cuma         teori di buku .",0,2026-04-19T14:37:51Z
@ALi-i3w6e,Prabowo itu sebanar nya kalo gak sejalan dengan dia maka dia kan cap sebage musuh.padahal rakyat kecil cuman mengengingatkan dia untuk itropeksi semua program2 nya apakah ada ayang gak beres dan gak baik harus di perbaiki.,0,2026-04-19T14:33:21Z
@SutyOryu,Tett,0,2026-04-19T14:24:32Z
@teguhamboro3755,Klo yg melanggar uud dgn cara koripsi itu di sebut apa pak prifesor kalo yg keritik keras di anggap makar yg jelas melanggar aturan berbangsa dan itu banyak di lakukan pejabat disebut... Tokoh  ya  prof,0,2026-04-19T14:23:20Z
@hendriksaputra404,koar koar nanti di kasih jabatan pada diem fokus lah sama nkri kita sama satu indonesia mari bangun bersama jagan bikin panik masyarakat lamun rariweh bae iraha majuna indonesia lamun arek mere masukan langsung bae ka persiden ngomong panggihan,0,2026-04-19T13:59:17Z
@JepriSofyandi,Turunkan prabowo,0,2026-04-19T12:21:32Z
@KemangIndah-j8r,"Tolong tetap peduli dengan Indonesia
Negara kita saat ini kacau diatas",0,2026-04-19T12:21:03Z
@mbahronggo3960,cepat prof Mafud pimpin makzulkan Prabowo rakyat merasakan smkin sulit semuanya bikin program gak bermutu bmg koprai mersh putih dll,1,2026-04-19T12:02:18Z
@khaleedschannel1392,"Teruslah bersuara pak Mahfud, pemimpin kita sekarang sangat anti kritik..",0,2026-04-19T11:06:33Z
@SolehSambas,"SAYA  SUKA  PRABOW0  jangan  ganggu  prabowo  PRABOWO  JUJUR  ,  CERDAS  , PEMBRANI  JANGAN  PADA  SENENG  ORANG  YG.PLANGA  PLONGO  , GAMPANG  PADA  KORUPSI  ,HATI  HATI  KORUPTOR  BAKAL  TANGKAP  TANGKAPI  PASTI  YG.  GA  SENANG  PARA  KORUPTOR  .",0,2026-04-19T10:45:25Z
@endangsumartono2975,Lantas dimana letak tertib sosialnya Prof. Kita Demokrasi Pancasila. Bukan Demokrasi Liberal. Yg mana tata terib sosialnya sesuai dgn adat istiadat berkehidupan bermasyarakat masyarakat Indonesia.,0,2026-04-19T09:53:42Z
@AbdulKarim-x2f1o,❤Anis mapud perisidin baik bagus ngerti agama islam❤❤❤😂❤❤❤,0,2026-04-19T09:39:01Z
@susrikamila9771,"Yaa betul, kalau mau memperbaiki tentunya tidak ada keinginan bubar.",0,2026-04-19T08:52:50Z
@diahsari9977,"masalahnya disekeliling prabowo para penjilat semua, pgn duduk nyaman dan enak..mrk menjijikkan",0,2026-04-19T08:32:36Z
@susrikamila9771,"Senang sekali, menyimak pembahasan ini .",0,2026-04-19T08:26:44Z
@rojikin-d5t,Satu paket kita makzulkan,0,2026-04-19T07:50:22Z
@SajaUjang,Mestinya prabowo INTROPEKSI DIRI kanapa di suruh mundur karna kibijakan nya menyengsarakan rakyat,0,2026-04-19T07:18:54Z
@abdulrahim-hd1tf,"Mantap pak fropesor Mahpud MD.telah mewakili rakyat dari Sabang hingga merauke.kalau gak ada tokoh2 rakyat yg turun tangan  menyikapi,hal2 negatip di dalam pemerintahan skarang yg sudah amburadul.🙏",0,2026-04-19T06:54:39Z
@prayitno6836,"Intinya Wowo itu artinya cerdas. Jadi bodoh krn ketularan/ sengaja niru wiwi. Jurus mabok ini terbukti manjur karena ""mayoritas"" rakyat juga masih bodoh.",0,2026-04-19T06:53:19Z
@SriHidayati-me4su,"Betul pak Mahfud MD.pak Prabowo harus mengambil sikap dg tegas,pejabat yg tidak benar memikirkan rakyat dan bangsa pecat dan singkir di tindak,salah hukum dan penjara kan..angkat yg lain yg Lbh baik ,semangat,patriot,cinta pada rakyat dan tanah air, bangsa.jgn takut.kalau TDK berobah alamat akan runtuh dan benar2 hancur.",0,2026-04-19T06:39:30Z
@suwandituban6837,Gm fungsi DPR sebagai pengawansanx,0,2026-04-19T06:17:52Z
@MiftahRifai-x5x,Boti dijadikan presiden bikin risih,0,2026-04-19T05:30:53Z
@CristianSukemi,"BENAR PROF ,HRS DI INGATKEN .NKRI MUMPUNG BELUM HANCUR.",0,2026-04-19T04:27:38Z
@MualifHaroni-e3k,"*Sedikit-sedikit makar sedikit-sedikit makar...makar kok sedikit*
Bravo bapak Mahfud presiden berikutnya yang memenggal kepala koruptor jika mereka ngawur menyalahgunakan kekuasaan",0,2026-04-19T01:56:44Z
@YusufPutra-h5r,Pak .mahfud trs semangat sangat jelas dan gamblang bisa diterima masyarakat luas .salam sehat sellu,0,2026-04-19T01:17:00Z
@agungprasetyo6205,"Menurutku, rasanya kerugian besar bagi kita bahwa seorang Mahfud MD tidak dikehendaki menjadi Wapres kita, semoga ke depan masih ada kesempatan orang pinter dan baik ikut memimpin kita. 😊",0,2026-04-19T00:00:44Z
@IstiAtin-i8j,"Sekarang ini sdh jelas pk... pimpinan2 maling banyak duduk di kursi empuk😃. Dari tingkat bawah saja... pimpinan desa saja sdh banyak, apalagi pimpinan2 atas 😇",0,2026-04-18T23:47:05Z
@JejeAdriellll,Indonesia amburadul.....hukum sudah morat marit..,0,2026-04-18T23:01:22Z
@YusupHidayat-b8r,PK Mahpud waktu menjabat diam saja setelah tidak menjawab apalagi kalah dalam pilpres anda sekarang banyak bicara tentang pemerintah gimana tuh ??? Yang niat dan upaya menggulingkan presiden itu sudah makar brow 🫵🏼🫵🏼🫵🏼☝🏼☝🏼☝🏼😩😩😩,0,2026-04-18T22:48:59Z
@kasimankasim9724,"Ini baru master hukum,tlong kasih masukan buat pemimpin Jagan anti kritik tlong pak presiden saya ikut milih soalnya jdi saya ikut berdosa jika presiden keliru ato salah menanggapi kritik,tlong pak presiden pertimbangkan masukan dri pak Mahfud,tlong tegakan hukum yg adil,yg bikin gaduh tlong nasehatin pak presiden,jgan Padang bulu,trimakasih assalamualaikum",0,2026-04-18T22:21:56Z
@onelayt,"Pembanngunan KDMP 1,6M TANPA TENDER ... ?.............. bocorrr tercecer sunat menyunat kemana2",0,2026-04-18T17:44:10Z
@onelayt,dari negara KONOHA menjadi negara OMON OMON .. MBG dan KDMP bocorrrrr tercecer dimana2 ... BANYAK ORANG KAYA BARU dari proyek MBG,0,2026-04-18T17:43:10Z
@diegosantoss9160,Sayang pemikiran pak Mahfud kalah dgn yg modal oke gas 2 tahun lalu... Semangat terus mencerdaskan bangsa pak Mahfud. 💪,0,2026-04-18T17:39:57Z
@a.tatangdachlan2920,Masalah yg dipelihara....,0,2026-04-18T17:23:05Z
@aliafandi151,"Saya mau tanya ke prof mahfud
Menurut prof mahfud  ucapan mengjak melengserkan presiden lewat jalanan bukan lewat konstitusi itu ucapan yg benar apa tidak menurut hukum dalam penilaian prof mahfud",0,2026-04-18T16:46:35Z
@miryamhanum2515,"Benar pk Mahfud naseht kpd pk prabowo bpk jngn keras n kehendak  sendiri ini negara yg d titipkn rakyat d jlnkn dengan baik bkn  seenknya ni bpk melenceng k hendak sendiri jngn gengsi n jngn ter pengaruh dngn bisikn "" sadar pk prabowo msh ada wkt",0,2026-04-18T16:20:30Z
@marwotoclp5177,DPR 2026 tidak produktif. Tidak terlihat memperjuangkan aspirasi rakyat Indonesia NKRI,0,2026-04-18T15:52:07Z
@wahyuwibisono6416,MAFUD JADI PRESIDEN BELUM TENTU BAGUS HASILNYA. KALAU DI LUAR PEMERINTAH MEMANG GAMPANG BICARA . WAKTU JADI MENTRI AJA SAYA TIDAK MELIHAT HASIL DAN PRESTASINYA. SAYA TATAP MENGANGGAP SAIPUL MUJANI MAKAR DAN MENGAJAK MAKAR. MENGHASUD UNTUK MAKAR. INI PENDAPAT SAYA. KARENA DEMOKRASI SAYA JUGA PUNYA PENDAPAT YANG BEBAS SAYA SAMPAIKAN DILINDUNGI UNDANG UNDANG,0,2026-04-18T15:14:40Z
@faqihashri3729,Ada yg punya link buku dari pak Mahfud itu?,0,2026-04-18T12:11:26Z
@HAROMAENPETUALANG,👍👍👍👍👍👍👍,0,2026-04-18T11:32:56Z
@tonynabur,"Gmn kbr reformasi polri, pak?",0,2026-04-18T11:22:58Z
@kucingfavsanti,Orang ahli Hukum.pasti mutar balik hukum.,0,2026-04-18T10:42:00Z
@giat765,DPRnya DOBOLSEMUA,1,2026-04-18T08:24:32Z
@yucedianatriwahyuningsih4353,"Benar apa yg beliau katakan, skrg ini visi"" presiden tdk jelas dan DPR diam, sedih sekali melihat semuanya",0,2026-04-18T08:03:49Z
@yucedianatriwahyuningsih4353,"Semoga pak Mahfud sll sehat,dan tetap menyuarakan kebenaran dan keadilan sangat mencerdaskan bangsa",0,2026-04-18T08:00:34Z
@ranggareviella5999,"Reformasi polri ini apa kabar pak?
Btw tlg sebutkan juga prof program pemerintah apa yg jalan 1,5 th bisa berhasil 100%?  
Kalau tdk ada, maka kita ini memang harus bertambah sabar nya atas program2 itu, MBG bgaimanapun juga sdh melahrikan 1,4jt , ekonomi lokal bergerak.",0,2026-04-18T05:47:12Z
@yadijayadi2503,"OMON OMON TULEN KGK BSA DI NASEHATIN ,SEMAU MAUNYA AJA , KENYAATAANNYA TERBALIK,DI KRITIK MARAH",0,2026-04-18T04:35:26Z
@AkunSaya-e5n,M.B.G=MaalliingBaangssaatGaarroong,0,2026-04-18T03:04:18Z
@AkunSaya-e5n,M.B.G=MaalliingBaangssaatGaarroong,0,2026-04-18T03:03:59Z
@lierudypranata4801,Tuhan tolong lindungi Indonesia ku... Dari rezim yg jahat dan bodoh..,0,2026-04-18T02:36:11Z
@nyoman8033,"DPR GAK USAH DI PILIH BUBAR KAN SAJA DPR, PILIH DPR YG BARU DN YG AMANAH DN DINPERKECIL ANGGOTA DPR",0,2026-04-18T02:18:22Z
@supriyono6459,"Dari awal saya sudah memprediksi, setelah Prabowo jdi Presiden ganti KAPOLRI & PANGLIMA TNI.... ga mau denger sih.",1,2026-04-18T01:01:17Z
@MochRomli-g8i,Prof Mahfud MD mantap 👍👍👍❤❤❤,0,2026-04-18T00:58:50Z
@uumsujana2422,"Alhamdulillah masih ada  orang sekelas pak mahpud,yg bisa menjelaskan dan dimengerti oleh rakyat,semoga jadi pemimpin di masa depan🤲🙏🏻",0,2026-04-18T00:26:35Z
@SuparnoAmbeh,"Dulu aku berharap waktu mendampingi pak Ganjar,pak Mahfut buatku udah pas banget menegakan hukum dan menegakan NKRI. Soal makar era prabowo menurutku yg prabowo sendiri, pemerintahan amburadul.",0,2026-04-18T00:10:29Z
@bangrobet-st6yt,"MBG itu harusnya di bubarkan 
Di ganti dengan pendidikan gratis",0,2026-04-17T23:53:40Z
@hefninasir925,"Ampuun, sampai ke bukunya jadi omon omon, nyatanya ga sinkron dg kerjanya..",0,2026-04-17T23:30:05Z
@SitiElviyah-mu2cd,"Betul kata professor....
Negri ini pejabatnya banyak yg bajingan...sepi teroris tp berkembang biak premanis",0,2026-04-17T22:53:50Z
@HartonoGajah,"Para aktivis maju terus demi rakyat ,memang pemimpin AROGAN",0,2026-04-17T22:29:44Z
@sofyanmkr2259,"Mungkin karena anggota dpr nya nggak nangkep nggak nyambung nggak berani dg partai takut dipecat.......sementara biaya utk jadi dpr mahal......
Pimpinan kampus diam apalagi mahasiswanya....ukt mahal..m",0,2026-04-17T20:07:36Z
@NugrohoSupriyanto-ge5yb,Carilah pemipin yg waras biar lebih baik jangan pemipin omon2 janji doang 😊😊😊,0,2026-04-17T19:38:57Z
@bengkel57motor78,Programnya bagus. Tapi memang bener perlu di evaluasi. ❤p mahfud,1,2026-04-17T18:18:06Z
@chaishilasulistyo5618,"Ternyata kata ""omon - omon"" yang terlontar dari mulut Prabowo ketika masa kampanye merupakan cerminan dari dirinya sendiri
Karena memang sekarang sudah sangat banyak bukti dari apa yang disampaikan bertolak belakang dengan apa yang dikerjakan
Dan itulah yang dimaksud ""OMON - OMON""",0,2026-04-17T17:47:38Z
@komengkoclak7711,"Munafik menggambarkan kerusakan menyeluruh pada moral seseorang. Semoga bencana besar segera tiba menimpa kita semua. Kepunahan adalah keadilan yg sebenarnya saat ini. Tanpa itu, masyarakat kecil saja yg terus jadi korban kebiadaban para pemimpin negeri ini yg sepenuhnya biadap.",0,2026-04-17T16:46:18Z
@arisris7827,Boleh bilang keliru tapi tidak bilang diturunkan,0,2026-04-17T15:31:53Z
@MZiyaul,Prof Mahfud genius jujur apa adanya berani dan familiar,0,2026-04-17T15:10:24Z
@Paklasiman-w9c,"Sama ja dia juga gila jabatan,yg namanya penghasut,makar sama jahadnya indonesia dah aman damai maunya di hasud....",0,2026-04-17T14:16:08Z
@Paklasiman-w9c,"Sama ja dia juga gila jabatan,yg namanya penghasut,makar sama jahadnya indonesia dah aman damai maunya di hasud....",0,2026-04-17T14:15:43Z
@esuryana5235,"Mahfud MD mancal menclelah,pernah jadi team sukses kemenangan probbowo,kalah ga ngaruh nyalon presden kalah , emang penting untuk nyimak omonganya gue ga penting",0,2026-04-17T13:23:10Z
@gunawanwawan3923,"Kalau hakim n Jaksa ditekan sang boz maka pasal apapun bisa jd pasal makar  ... 
Msih ingat kasus MK soal gibran  kan guys  ....",0,2026-04-17T13:16:58Z
@tarjanaltaher7162,"Contoh makar yg jelas pd zaman dulu yaitu PKI & PRRI semua di zaman orla.
Siapakah keturunan nya   ?",0,2026-04-17T12:13:52Z
@jajatsudrajat9285,Wowo kena kritik bukunya sendiri....ibarat senjata mkn tuan bukunya😅😅,0,2026-04-17T10:06:26Z
@aguspawitno8689,"Mengajak utk menggulingkan presiden apakah itu di sebut kritik. Sy ngk paham pak Machfud, kritik itu setahu sy,  menyampaikan kebijakan yg ngk berjalan dg baik dan menyampaikan solusinya. Memang ngk ada merubah susunan pemerintah tp efeknya kata2 mengajak itu yg berbahaya.",0,2026-04-17T09:53:35Z
@dreamies09,Di-counter attack pakai bukunya beliau sendiri🤣,0,2026-04-17T08:50:42Z
@YasinSucipto-b4d,"Seluruh politikus ini tidak yg mampu memimpin negara ini, kecuali diam,kecuali orang siap berjuang  dg harta bendanya,kalau masih cari gaji sama aja bohong",0,2026-04-17T08:05:47Z
@YasinSucipto-b4d,"Sekarang pembicara ini lahir dan batinya seimbang ya,",0,2026-04-17T08:01:45Z
@UjangRohman-x5e,"Prabowo Gibran mundur,jangan Prabowo ajah salah tu,dua2nya harus mundur",0,2026-04-17T06:26:54Z
@BenhardPaulBolung,U,0,2026-04-17T05:33:25Z
@opihidayatullah9368,Udh people power sebelum tambah rusak negara ini oleh omon omon,0,2026-04-17T04:31:11Z
@drnengah9587,Mantap pak prof Mahfud  jangan kritik  dikit dikit Makar,0,2026-04-17T03:11:07Z
@silverphoto8554,"Kemakmuran Rakyat indonesia & kejaya'an Negara ini kunci nya ialah : RUU perampasan Aset bagi koruptor di Sahkan lebih dulu lalu di miskinkan , ini kunci mutlaq . Jangan berharap indonesia jaya kalau ini di abaikan.",0,2026-04-17T01:46:24Z
@adisanjaya3066,Gas..mahfud,0,2026-04-17T00:09:30Z
@andithandjoenk6295,Mahasiswa sekarang pada sibuk joget tiktok sama mabar EMEL,0,2026-04-16T18:58:29Z
@kusmantaradewa8525,ORANG orang kalah demokrasi lagi bicara....kita dengerin saja....😂😂😂 BENER2 deh kalo dikasih hati minta jantung. Presiden pilihan rakyat....malas denger orang orang sakit hati bicara...lihat rekam jejak Mahfud saat menjabat apa yg sudah dilakukan.,0,2026-04-16T15:41:13Z
@hidayataja3084,Rakyat biasa saja yg awam sdh bisa menilai bahwa pemerintahan era prabowo ini sama sekali tidak membawa kemajuan sama sekali dan marak sekali korupsi nya,0,2026-04-16T15:28:43Z
@UmuHanik-i9b,Pk Mahfud tutup MBG naikkan gaji pansiyunan pk????,0,2026-04-16T13:42:20Z
@SahiyarSahiyar-r8m,Mantap pak mahfut,0,2026-04-16T12:40:59Z
@enoksitirahmisdn2lengkongk252,"Ya alloh lindungi bangsa dan negara tercinta ini,",0,2026-04-16T08:50:23Z
@ChelsieOkta-n1u,"Sesungguh nya langkah pertama presiden saat ini  Setop MBG saja sudah BERES 👍
Cuman RAKYAT nya meminta  dengan baik2 sudah tidak didengar itu masalah.. karena memang MBG hanya lahan KORUPSI BESAR BESARAN rakyat sudah lelah merasa di buta kan oleh Presiden nya
Satu contoh Aceh terjadi bencana belum beres Papua butuh mobil jenazah malah borong mobil motor truck sendok piring dan kaos kaki hanya buwat MBG saya rakyat awam saja miris MENILAI KEBIJAKAN PRABOWO",0,2026-04-16T07:56:29Z
@limwenliang7735,Saya setujuh bpk Mahfud MD  dgn bpk A Hok dicalonkan president dan wakil president indonesia yg menjadi lbh baik .,0,2026-04-16T03:32:49Z
@IsmailIsmail-iw2he,Mahpud md ini waktu jadi mentri  kayak kacung semua permasalahan dia tau semua tapi seolah olah tidak tau tapi sekarang berkoar koar,0,2026-04-15T23:46:52Z
@AgustineRizalArofat,"Baguslah pak kalau begitu pernyata'an bapak.. Semua memang harus di lihat dg fakta, dan kenyata'an yg ada.",0,2026-04-15T22:37:02Z
@Yono06-y1k,Lebaran selesai kok ribut lagi.,0,2026-04-15T19:27:12Z
@PutraPratama-n7u,Dimata Prabowo 2030 indonesia bubar ditangan Prabowo. Bs jadi sblm 2030 indonesia BS bubar,0,2026-04-15T18:28:15Z
@tutumi864,"Bener Pak Mahfud kami udah ga marah lg dgr mrk gini gitu..tp lbh ke mual,geli..Gila aja dr 280jt penduduk yg mimpin gini amat yg bantu2nya gitu bgt..jd mikir yg ptg skr selamatkan keluarga masing2,brusahamandiri pangan,nanem2 di pot,batesin brita yg bikin geli cmn dgr podcast tertentu PCast Bp,Gita Wiryawan, bertani organik,kesehatan..yg asbun2 ga mo denger pokonya 😅",0,2026-04-15T18:19:52Z
@HokyKiat,Klo sy jd rakyat kgk srh prabowo mundur tp minta tegas setegasnya benahi hukum n sikat hbs pr oknum jendral yg nakal2,0,2026-04-15T18:07:30Z
@AlimanIman-ry3wz,"Pemerintahan Prabowo semakin TDK jelas
Macan ompong",0,2026-04-15T16:20:00Z
@fachrizalfnu8607,"Prabowo selagi pegang  kekuasaan kalau mau benar2 baik thd NKRI , tinggal tunjuk dan rubah kebijakan2 yg berpeluang banyak MALING spt harapan di BUKUnya sendiri. Tapi Prabowo TAKUT dan bahkan ikut dlm mengambil kesempatan MALING.",0,2026-04-15T16:06:54Z
@kolonglangitinfo,Jadi pemimpin itu harus siap dikritik makanya setiap kebijakan wajib pro rakyat jangan hanya omon2 doang siap mati demi rakyat tapi yg diuntungkan malah mafia2,0,2026-04-15T15:35:56Z
@Readmi12-vu4dz,"Prabowo inikan presiden paling tolol, Omon-omonnya tidak sesuai Fakta dilapangan",0,2026-04-15T14:26:38Z
@Saepudin-nb9kd,JANGJI PRABOWO MENSEJATRAKAN RAKYAT  HANYA OMON2 TIDA ADA BUKTI.,0,2026-04-15T13:56:45Z
@toniisk5982,"Kami sudah lelah sama pemerintah saat ini, benar benar ga becus! Ga ada niat utk memajukan negara sama sekali, cuma mikirin korup korup aja!!! Mana udah ga ada malu malunya mereka korupsi, terang terangan sekali..",0,2026-04-15T13:05:09Z
@sarjono-vf5uo,Komentak pak Mahfud md cerdas mantab ❤❤❤,0,2026-04-15T12:23:20Z
@MulYono-m1p,Sering sering PK mahfud memberi pencerahan kepada rakyat adem rasanya,0,2026-04-15T11:59:23Z
@MulYono-m1p,Presiden kok mikirin sepeda listri Mikin rumah harus atap genteng.suka suka masyarakat mau sepeda listrik mau atap genteng,0,2026-04-15T11:56:34Z
@MulYono-m1p,Prabowo sudah tua gak sampe akalnya untuk memikirkan negara orang klu di atas 70 ke atas akalnya sudah kembali ke anak kecil lagi,0,2026-04-15T11:48:05Z
@MulYono-m1p,Indonesia di tangan Prabowo hanya omon omon,0,2026-04-15T11:40:27Z
@Abahfir65,Berjuang terus pa Mahpud MD !!! Rakyat ga bisa apa apa,0,2026-04-15T08:22:17Z
@DedihSunardih,RAKYAT...WAKTUNYA...MELAKSANAKAN HUKUM RIMBA...THDP KORUPTOR...,0,2026-04-15T05:21:55Z
@DedihSunardih,UTK KORUPTOR...HRS HUKUM RIMBA SAJA....,0,2026-04-15T05:17:18Z
@DedihSunardih,DPR...TDK ADA MANFAAT UTK RAKYAT....PERCUMA...,0,2026-04-15T04:59:17Z
@hassanart9225,"Sssstttt..., pak Prabowo itu tidak punya kuping. Dan dia sekarang dia sedang tidur. Nyenyak sekali.",0,2026-04-15T03:43:12Z
@yulianayuli-y7m,mamut md mau di kemuut.,0,2026-04-15T02:37:25Z
@DuniaHewan028,"orang awam pun bisa menilai jika Murjani CS bermain api ‼️‼️‼️‼️‼️‼️‼️‼️‼️
rekam jejak digital juga masih bisa di cek siapa si Murjani di Tahun 2024 saat Pilpres ‼️‼️‼️‼️‼️
( salah satu timnya paslon Ganjar- mahfud ) jadi sangat wajar jika membela tim nya 🤣🤣🤣🤣🤣",0,2026-04-15T01:41:00Z
@bapaklukito1295,Hala Mahfud itu di era nya pak Prabowo  baru brani ngomong ...coba era nya jackowi.mega ...langsung di copot mengembala sapi di Madura 😂😂😂,0,2026-04-15T01:14:19Z
@YosepSagur,"Pedas jga kritiknya pa mahfud ya, lanjut pa mahfud jangn cape.",1,2026-04-14T23:46:25Z
@MarhabanIbrahim-x2f,Assalamualaikum pak  mahfud saya ini marhaban ibrahim mantan seorang birokrat pensiun 4 e pada usia 60 dan skrg usia daya 70. Saya tak pernah lelah mencintai idealisme. Pak mahfud bagaimana klo saya bergabung dg bpk. Klo bpk berkenan. Saya akan merapat ke bpk. Saya tunggu kabar. Tks wass,0,2026-04-14T23:04:40Z
@aaronramzy4456,Sangat cerdas penjelasan bpk M .,0,2026-04-14T22:11:48Z
@rajawali7878,"Habis berapa duit harta pribadi pa Mahrud untuk modal pilpres kemarin ?
Lebih baik ikhlaskan duit yg SDH dipakai untuk pilpres  drpd selalu berpikir  sakit hati karena pilpres dan kebencian KPD pemenang pilpres .klo perilaku spt ini diteruskan bisa jadi penyakit yg menyerang tubuh lebih baik ikhlaskan dan terima kenyataan .TDK jadi wapres pun dunia TDK kiamat pa Mahfud .perbanyak. Istigfar untuk mengikhlaskan",0,2026-04-14T19:08:09Z
@tamansu2686,Tentang REFORMASI POLRI sampai mana dan apa REKOMENDASI dari Team ke Presiden... ❓‼️,0,2026-04-14T18:38:31Z
@ahdanofnof8510,"Intinya Agen CIA udah beroperasi di Indonesia . Ini cerita Clasik. Dimana negara aman damai pasti cari  cuan susah, mereka mencari orang sakit hati sebagai pion  dan mendanai mereka untuk bikin rusuh kalau bisa negara Keos. Baru mereka Cari Cuan.",0,2026-04-14T18:03:59Z
@ratumedusa2889,Prabowo terlalu percaya sama orang,0,2026-04-14T18:01:37Z
@JunaediSomad-vx2vo,Betul kata pak makfud,0,2026-04-14T17:21:46Z
@UmiYuyun-c4u,Setuju prof dikit2 makar klw mulyono gak disentuh smp skrg dah jelas ijazahnya palsu apa penegak hukum gak ada taring,0,2026-04-14T16:27:52Z
@Gustian-b6x,bagaimana kalau yg mengkritik itu tunggangan dari asing,0,2026-04-14T15:58:27Z
@muhammadrasul7822,Prabowo musuh koruptor dan mafia migas,0,2026-04-14T15:21:32Z
@SuYatno-u9r,Karna kamu Mahmut gak di PO akae sakit apa m4iyang..masarakat udah tau  anda gak dipake .semua presiden gak ada yg berani tangkap koropsi.anda pengganti amin  raes.tangkap pembuat gaduh negara.prabowo bukan pilihan  makmur. Yg milih rakyat kecil.,0,2026-04-14T14:54:17Z
@jesicadirra5207,Mantap,0,2026-04-14T14:25:02Z
@tarna123,NegarA di kuasai fir on .stop mbg .,0,2026-04-14T14:11:20Z
@HadiPrasetia-z6r,"Pemerintah banyak program tapi pelaksanaanya mana belum terasa, bahkan saat ini sembako cenderung mencekik rakyat.",0,2026-04-14T14:01:39Z
@RenolAribandi,Prabowo menghisap darah rakyat dan memalukan,0,2026-04-14T12:55:14Z
@JNKmusik,Alhamdulillah 75% puas 😊,0,2026-04-14T12:25:53Z
@novrisyamsudin9221,Klo presiden/wapres tidak bisa menjalankan hukum yg berkeadilan apalagi melanggar mandat/amanah yg dipercayakan sesuai janji kampanye berarti prediden dianggap tidak layak dan dpr/mpr berhak melengserkan/impeachment !,0,2026-04-14T11:22:06Z
@aniskurli1090,semangat prov untuk mencerdaskan bangsa,0,2026-04-14T11:20:18Z
@hamsil5854,"Pelaku makar hukumannya kuman mati ,silahkan klau  berani mau makar ....negara harus tegas menjalankan undang undang",1,2026-04-14T11:05:09Z
@hendriprananda6837,"Saiful Mujani dulu bantu Mahfud, sekarang Mahfud bantu Saiful mujani😂😂",0,2026-04-14T09:33:12Z
@samlanmasdor5628,Ya sekitu lemah nya pemerintahan Prabowo masih merasa terhutang budi dan takut sama Jokowi,0,2026-04-14T09:13:27Z
@MuhammadFaesal-w2n,PRESIDEN OMON OMON TIDAK BISA DI PEGANG OMON OMON NYA 😂,0,2026-04-14T09:03:50Z
@musanti8384,"Mari kita bersama cari solusi utk NKRI jgn cuma bisa unjuk rasa protes asal bicara, dan utk apa DPR MPR kalau gak bisa diajak kerja sama demi tegaknya negara kita bersama itu gunanya ada bawahan kt kalau tdk saling mengayomi demi untuk kemajuan bersama 👍👍🙏",0,2026-04-14T08:19:26Z
@WidiSuseno,"terbaru semoga di bantu UP oleh pak Mahfud, tersiar kabar dan tengah rame dimana mana Indonesia mengizinkan pesawat militer AS melintasi wilayah udara NKRI dengan bebas. ini membuat saya sebagai rakyat justru merasa tidak aman di negara sendiri dengan situasi global sekarang.

kenapa info ini justru di dapatkan dari sumber berita luar negeri dan pemerintah dengan sengaja tutup mata (diam-diam) dengan keamanan rakyatnya sendiri.. menurut saya ini sudah sangat berbahaya sekali. semoga pak Mahfud bisa up berita ini dan berikan kami pencerahan",0,2026-04-14T07:35:56Z
@arta2127,Hati hati pa mahfud nanti d siram air keras,0,2026-04-14T06:55:08Z
@AbuhasanMuhammadumar,"Prof... setelah 1,8 tahun, nilai kemaren yg 11 dari 100..bertambah atau malah di pasin aja?",0,2026-04-14T06:29:08Z
@wayansusila-j7k,Rakyat sdh begitu mangkelnya thd pemerintahan Pak Prabowo sampai pak Saiful menyatakan turunkan Prabowo. Wakil rakyat di senayan sdh mati suri sdh tdk bs diharapkan.,0,2026-04-14T05:33:22Z
@Wanpurtha123,"JANGAAAAN, PRABOWO JANGAN MUNDUR JADI PRESIDEN, NANTI MALING2 BISA BERJAYA LAGI. KAMI SUDAH MUAK DGN PEJABAT2 MALING.",0,2026-04-14T05:32:25Z
@riditandayu9841,"Mundur secara terhormat dgn mengundurkan diri, atau mundur secara Pengecut karena Demo dan Desakan Masyarakat.",0,2026-04-14T05:26:41Z
@SunahAja-w2r,"Jokowi Prabowo
Adalah orang yg sama..... Pemikiran yg sama.... Asal senang asal dapet untung.... Rakyat sebodoh amat... Mo nyungsep juga😂😂😂😂",0,2026-04-14T05:07:28Z
@Rectkiri,"Itu ketua BGN asli ganti aja makin ancur anggaran sma dia, bisa bisa nya beli motor listrik tampa sepengetahuan dpr dan menua, trus tablet apa yg harga nya 17jt",0,2026-04-14T04:40:29Z
@Sayrodji,DPR nya sudah semua SDH kualisi ..hanya dari pdi ..yang oposisi,0,2026-04-14T04:30:30Z
@Sayrodji,Ya semoga pak Prabowo ..mendengar   dari pak Mahfud..,0,2026-04-14T04:29:08Z
@Sayrodji,Alhamdulillah semoga pak mahfud sehat selalu selamat mperjuangkan  demokrasi..,3,2026-04-14T04:26:43Z
@saffanaarcelia8509,"Kenyataannya gak sesuai dengan bukunya pak, ngurus minyak goreng aja gak bisa padahal kita penghasil sawit terbesar ke2 didunia koreksi kalau salah",0,2026-04-14T04:19:25Z
@balosuwarno1492,"Pak Mahfud sudah baik2 kok konten ini pembicaraannya  memberi ruang manusia seperti Saiful Mujani  cs itu bukan kritik lagi yg jelas itu ajaan untuk menurunkan presiden Syah,.",0,2026-04-14T03:57:17Z
@AkhmadYudi-m8m,Kalau keliru bapak langsung  laporin aja.....kenapa hanya sekedar podkest.... Cari cuan dengan isu politik di YouTube ya pak...... Jadi artis aja pak hahaahaah,0,2026-04-14T02:49:30Z
@rifkyfaisal359,Hantaman yg sangat keras,0,2026-04-14T02:45:56Z
@selaraspati5554,"paradok yang nyata terjadi, 

dulu sebelum menjabat,  teriak bagaiamana

saat ini begitu menjabat melakukan apa

pengalaman memang mahal",0,2026-04-14T02:31:59Z
@Asep-b7k2k,"Saya pendukungnya prabowo gibran.. Demi allah aaya kemaren coblos prabowo gibran.. 
Tapi saya sangat s7 dengan kritikan pa mahpud ini, di luar politik pak mahpud sendiri..  Apalagi progr MBG ituh, sangat burudul ituh dan akan jadi bumerang buat pa prabowo sendiri,",0,2026-04-14T02:15:57Z
@MachNiam,"Prof Machfud mantab..........., pejuang kejujuran.............",0,2026-04-14T02:12:10Z
@bennyhartono8416,"Mantap prof , terus edukasi kami rakyat yang cinta dengan negaranya",0,2026-04-14T01:44:39Z
@endatvsubulussalam226,Dimana beli bukunya,0,2026-04-14T01:10:49Z
@SukriMuhammad-h5s,"Nyiram aktivis pakai air Kras itu makar juga mau matikan demokrasi, ijazah palsu juga makar mau matikan pendidikan, orang bodoh sok jdi pejabat publik makar juga mau matikan hak orang yang berkompeten , bearti yg triak makar juga ternyata lebih sadis makarnya 😛",0,2026-04-14T00:55:15Z
@Karbala-i9g,"Orang pinter pada ngomongnya sok membangun bangsa kenyataan nya madu dan Racun di berikan kepada Rakyat,  coooy kalau pak prabowo di lengserkan korupsi akan pada bangkit dari gua hantu coooy 😂😂😂",0,2026-04-13T23:14:21Z
@stepanussukidjo,Mantap pak Mahpud semoga bapak sehat selalu,0,2026-04-13T22:49:34Z
@askananta,Pengalaman cara memberhentikan Presiden  Sukarno dan Presiden Suharto itu  sudah dianggap benar ?,0,2026-04-13T22:29:58Z
@budhisetiawan7602,BRAVO - PRESIDEN PRABOWO SUBIYANTO .,0,2026-04-13T22:00:10Z
@SunMustasanah08,A.MBISIPEMIMPINJAUHDARIUMAROK...🤷‍♀️🤷‍♀️,0,2026-04-13T20:17:33Z
@SunMustasanah08,ITUOTAKTEKOTRAM🤷‍♀️,0,2026-04-13T20:15:07Z
@artronikfc7933,"Rezim rampok harus segera dipenjarakan, jelas terang2an korupsi depan mata, dilegalkan presiden",0,2026-04-13T19:33:16Z
@hermanmnur8200,Mbg hikan aja biar dana nya utk dudidi bmm aja sama bangus industri banyak2 biar ada lapangan kerja,0,2026-04-13T19:05:25Z
@sandysnz.7,"Prabowo gampang tersinggung, jadi anti kritik.",0,2026-04-13T18:57:37Z
@DEDISISWANTO-o1c,Seseorang yg tidak di kasih jabatan pasti akan mengkritik secara halus... kejelekan di negara ini adalah kompor²...,0,2026-04-13T18:05:13Z
@ekassindarto4228,Mimpi jadi preseden ....jadi presiden jalanya di dalam mimpi,0,2026-04-13T17:25:22Z
@SupardiOoo-n6k,"Terimakasih P. Mahfud semuga banyak masukan demi perbaikan bersama untuk Indonesia tercinta dan KUHP di telaah kembali, karena di  buat kesempatan oleh pihak yang mau jatuhkan lawan, maka kejadian dibikin agar pas dgn kejadian",0,2026-04-13T17:21:52Z
@Nuryanto-h8q,Bobrok Mbg kalau tidak di hentikan,0,2026-04-13T16:52:40Z
@edycawas,andai presiden indonesia adalah pak mahfud. .ungkin gak sekacau ini tatanannya,0,2026-04-13T16:40:49Z
@droffer6335,"Capres Mahfud MD 
Cawapres Ahok
👍",0,2026-04-13T15:43:55Z
@srimin6358,"Marmud kelompok sakit hati akibat kalah pilpres, waktu jadi Menkopolhukam apa yg dilakukan , hasilnya Bluug.
Congore thok sing apik",0,2026-04-13T15:33:07Z
@Kasiono-s6c,Terlalu bnyak yg di skip ccokk,0,2026-04-13T15:29:50Z
@PaklePakle-p6y5p,hasil alam melimpah. rakyatnya banyak yg miskin,0,2026-04-13T15:22:43Z
@ramadanaditia4481,BRAVO PAK MAHFUD MD 🤙💪💪,0,2026-04-13T15:10:59Z
@Pocong_Letoy,Terang terwoco sudah.. Tinggal tunggu tanggal mainnya.  Belepotan semua narasinya..,0,2026-04-13T14:47:23Z
@mulyadishaw6127,saya pilih Bapak kemarin Pak!!!!!!,0,2026-04-13T14:45:07Z
@BaseriMadumar-rj3yr,Kami TDK perlu makar kita menuntut pemerintah segera untk mengesahkan UU hukuman mati para pelaku koruptor rampas aset nya.,0,2026-04-13T14:44:17Z
@SupriYadi-m9r3r,"Masalahnya dari atas sampai kebawah semua kebagian uang korupsi 😅, encerkanlah uang biar yg dibawah ga tercekik",4,2026-04-13T14:43:47Z
@imassuryati8471,Kalau gitu gimana bubar kan saja pak mahmud  yg jujur ipemerintah  rezim kabinet merah putih karena terlihat malah tambah kacau rakyat nya seperti terlihat susah yg kulihat itu lagi anak anak muda itu byk pengguran mungkin sudah lulus s 1 tapi byk yg ngangur dan bahan poko naik mungkin karena saya tukang keliling pasar 😂😂😂😂🎉🎉🎉🎉,0,2026-04-13T14:37:31Z
@dewi1769-u4r,"Buku dibuat jaman 
sebelum Wowo blm jd presiden,skrg sdh jd presiden lupa dgn itu semua,lihataja sebentar lg Wowo yg akan dibubarkan pemerintahnya oleh rakyat",0,2026-04-13T14:19:41Z
@Asep-f4u,"Klw pak Mahfud yg bicara, sy anggap pernyataannya soheh dan banyak sependapat.",0,2026-04-13T13:44:01Z
@TakimKu,Untung masih ada pak purbaya tegas dan bisa di percaya .,0,2026-04-13T13:25:40Z
@Gelo.Com.MyGelo,Terima kasih pak,1,2026-04-13T13:09:16Z
@ChikoAdam,"Jangan sampe prabowo kepilih lagi..
gilaaa kalau sampe ada yg milih lagi !!!",0,2026-04-13T13:07:11Z
@ChikoAdam,ini BUKTIKAN BAHWA PRABOWO GA BECUSS JADI PRESIDEN ! JADI PRESIDEN GA MAU CHECK CUMAN NRIMA LAPORAN !!! MBG KACAU BALAAUU DIBILANG BAGUSS DASAR STRESSS,0,2026-04-13T12:23:44Z
@b-aragala,Terima kasih Prof.Mahfud sudah menjelaskan BUKUnya Pak Prabowo SEBELUM jadi Presiden. Sangat KEREN sesuai dgn kenyataannya SEKARANG setelah beliau jadi Presiden 😅,0,2026-04-13T12:19:18Z
@RedianaBaok,Mahmud tdk ada apa apanya dari dulu,0,2026-04-13T12:17:02Z
@anikurniawan-o4f,pinter ngomong tapi berbelit yg ngajak  orang untuk mruntukan nama tetap aja makar,0,2026-04-13T11:50:39Z
@herimprasetyo7439,Kalah memang sakit dan menyakitkan ya pak....,0,2026-04-13T11:17:43Z
@EndahSulistiani-rr4dk,orang plin plan bapak ini sekarang ora keno digugu blas pak Mahfud sekarang?,0,2026-04-13T11:10:27Z
@Tradersumenep,"Sekarang banyak omong, dulu di pemerintahan gak kedengeran batuknya pun.",0,2026-04-13T10:40:23Z
@FachrianIcha,"Saya gagal fokus dengan gelas kopi nya, ada yang tau ga itu brand apa ? pegangannya unik",0,2026-04-13T10:21:18Z
@BasukiAsmono,Faktanya hsl pemilu yll 2024 itu cacat hukum.....coba Kita kaji ulang tokohnya siapa yang lakukan cacat hukum lho pelakunya maling teriak maling....udah diulang aja pemilanya,0,2026-04-13T09:55:39Z
@madahbiha2811,Mantap Pak Mahfud..🎉🎉,0,2026-04-13T09:48:04Z
@Jontralala_2023,"Komisi Reformasi polri apa kabar nya??? Panas panas ta*ayam tenggelam gak ada HASILNYA,, BUANG ENERGI DAN TENAGA, dana ,, YG ADA KEPALANYA MASIH TETAP BERKUASA LISTYO DAN CARUT MARUT YG LAIN GAK ADA TUNTASNYA",0,2026-04-13T09:32:27Z
@rodiroyrodi7464,"Buat Pak Probowo tolong baca buku anda lagi, kalau akal anda masih berfungsi anda bisa bercermin di situ",0,2026-04-13T09:19:50Z
@yonkychandra335,Mshfud-Ahok 2029,0,2026-04-13T09:19:44Z
@intanintan106,Akan Kacau kalau Demikian,0,2026-04-13T09:05:28Z
@intanintan106,"Ada Presiden Baru 
Diturunkan Lagi 
Terus saja begitu kalau Pemikirannys Demikian",0,2026-04-13T09:04:03Z
@intanintan106,"Ada Presiden Baru 
Diturunkan Lagi 
Terus saja begitu kalau Pemikirannys Demikian",0,2026-04-13T09:03:33Z
@intanintan106,"Ada Presiden Baru 
Diturunkan Lagi 
Terus saja begitu kalau Pemikirannys Demikian",0,2026-04-13T09:03:32Z
@intanintan106,"Ada Presiden Baru 
Diturunkan Lagi 
Terus saja begitu kalau Pemikirannys Demikian",0,2026-04-13T09:02:54Z
@intanintan106,Kalau gitu nggak usah ada Pemilu Buang2 Energi,0,2026-04-13T09:01:27Z
@Yovita1946,kenapa bukan pak Mahmud sendiri yang lgsg mengingatkan presiden.Prabowo??,0,2026-04-13T08:08:37Z
@MuhammadRidwan-nu7to,Bravo Pak Mahfudz,0,2026-04-13T08:08:02Z
@budiwarso376,"Buku Paradoks Indonesia hanya untuk pencitraan dengan gaya berbeda dengan sang mantan presiden
Ungkapan Tiyo Ardianto sudah tepat: Maling Berkedok Gizi
Pada dasarnya presiden memelihara kleptokrasi Indonesia, untuk tetap berkuasa, dengan mengatur perampokan sumber daya alam dan menguras habis APBN",0,2026-04-13T07:59:43Z
@gembelmantulchannel6531,Seorang pemipin g akan bagus  dan baik pagi pedukung yg kalah apa lagi sakit hati ....,0,2026-04-13T07:58:33Z
@M.HAIKAL-b3r,itu politik tidak sehat Prabowo itu pas bagi rakyat,0,2026-04-13T07:48:34Z
@sutararian6752,"Semoga selalu sehat pak Mahmud, dan Istiqomah dalam ke jujuran, Indonesia kerisis orang  yg jujur yg banyak sekarang ini jadi bebek, jadi gedibal / keset dan setengah DAJJAL yg menghancurkan rakyat dan negara.",0,2026-04-13T06:53:33Z
@supriatnoprio8237,"Terus berbiara pak makfud, penjelasan pak makfud sangat terang dan jelas",0,2026-04-13T06:25:33Z
@saepudinujang4388,Bowo hoooyyy ......lihat didaerah pedalaman masih banyak guru yang hidupnya masih miskin dengan gajih hanya 250rb s/d 300rb/bln ngajar tiap hari udah puluhan tahun luh engga lihat apa .....😡😡😡,0,2026-04-13T06:03:59Z
@mohbudi8897,"Tak sedikitpun terpikir adanya MAKAR.
Kami hanya mikir cara cari MAKAN yg halal.",0,2026-04-13T05:57:53Z
@SlametRiyadi-vb6sp,Wow gaspoll...,0,2026-04-13T05:51:53Z
@AjiBagol-t8d,"Emg Prabowo sok berkuasa ,emg negara ini miliknya . Negara ini yg punya rakyat Wooooo ,bkn milik  sampeyan dan geng solo .  Jgn memancing rakyat supaya marah ,kl rakyat sdh arah apa yg akan terjadiiiiii ????????",0,2026-04-13T05:36:34Z
@NikodemusLopo,MBG jika ditiadakan berarti mba tidak merata dinikmati oleh semua masyarakat karena sampai saat ini ada daerah daerah tertentu belum berjalan masih mempersiapkan dapur baru bisa berjalan terimakasih,0,2026-04-13T05:33:20Z
@kantatv.channel,Sangat setuju dengan pernyataan bahwa aset terbesar bangsa adalah penegakan hukumnya!,10,2026-04-13T05:28:13Z
@SupriYanto-mx2mv,"Karena dpr-nya lulusan paket C dn S1 serta S2, S3 beli di pasar Pramuka makanya disenayan cuma tidur atau longa plongo saat sidang utk rakyat, hanya bermanfaat suara qorum dalan rapat",0,2026-04-13T05:01:39Z
@Anto-i9h9f,KLO dikit2 Makar jadi KLO masarakat miskin tak terurus lagi gimana nanti protes untuk negara ini jadi baik makar dengki tros gimana ini nasip rakyat ini wah2 ya repot KLO d sikat dikit2 makar,0,2026-04-13T04:46:57Z
@imamfauzi613,Sedih indonesia di oimpin orang2 rusak,0,2026-04-13T04:23:42Z
@ArisSuwarna-z4e,Udah,0,2026-04-13T03:38:53Z
@arsuniatibltg9802,Harus baca kembali bukunya sendiri.....😂😂😂😂🤣🤣🤣,0,2026-04-13T03:36:28Z
@ekosusanto490,Makasih pk Mahfud udah mewakili suara rakyat kbanyakan mau suruh pak Yusril bersuara sekarang udah d SILITNYA pak Prabowo Ga bisa d harapkan lagi,0,2026-04-13T03:35:49Z
@hariwidariyanto315,"Kalo besok pak mahfud nyapres pasti saya pilih,",0,2026-04-13T03:30:30Z
@standiali1472,"Siapa yang nyengir pak mahfud ngutif isi buku paradoks indonesia ? 
Paradoks prabowo 
Wkwkwkkkk",0,2026-04-13T03:26:38Z
@PeldaSalim-id4mn,Mahfud ketularan bohong,0,2026-04-13T03:24:49Z
@rohmaniacitra_30,cek out dimana bukunya ?,0,2026-04-13T03:01:03Z
@tofanyunindar618,Saya pribadi Jujur klo seluruh rakyat indonesia per KK di kasih uang bulanan 5jt saya ga sakit hati dengar berita korupsi....,0,2026-04-13T02:55:46Z
@riezalauliahakim,udah hancur prof 🤫,0,2026-04-13T02:20:10Z
@JinanPasya,Dari dulu tiap pergantian presiden. Pasti yg udah jadi disuruh mundur,0,2026-04-13T01:03:03Z
@krisnayarsaputra1574,"Sudahlah pak, si omon itu lbh baik tdk usah diingatkan, percuma.",0,2026-04-13T01:00:42Z
@AgusEnv,Biasa ...😂😂😂😂,0,2026-04-13T00:48:10Z
@Tisna_sntr87,Wowo kok tidak seperti yang diharapkan rakyat Indonesia jauuhh,1,2026-04-12T23:49:06Z
@zainnudin436,"Ayo para adik mahasiswa dan aktivis, bergerak Demi KEUTUHAN NKRI Keadilan sosial Bersama bagi seluruh rakyat Indonesia",1,2026-04-12T23:04:59Z
@Syafrizal-o9g,Ya jgan omon2 seperti anak kecil yg ngambek,0,2026-04-12T22:55:59Z
@Sisno-l3n,Pak jangan membuat gaduh,0,2026-04-12T22:13:42Z
@belkaClok-j6p6e,Mas penanya sya kira Bruce Willis 😊😊😊 content nya padat ...asyiklah,0,2026-04-12T20:35:18Z
@alexandrakirana7390,"Yg jelas, Prabowo sedang diincar kaum Koruptor untuk dilengserkan .

Yg ngotot... pastilah kaum yg dibayar para koruptor.... koruptor SAKIT HATI dengan penyitaan hasil jarahan mereka, oleh pemerintahan Pragib padahal kaum Koruptor Sudah menjegal agar lembaga DPR tidak berani mengesahkan UU penyitaan aset koruptor dan hukuman mati.

Masa setaraf mantan menteri tidak faham ....aneh dan tidak masuk logika banget??????",0,2026-04-12T20:04:29Z
@sultancastello3818,JADII PRESIDEN KITAA YANG LEMAHH!!!,0,2026-04-12T18:39:09Z
@erhikchannel,cukup 1 periode aj.sebelum negara ini menenggelamkan rakyat kecil seperti saya ini,0,2026-04-12T18:37:12Z
@AmrilDesi,Klw kita  bebas bicara dan dijamin undang2klw gitu sya bisa bilang orang2 yg ingin memaksul kan pak prabowo adalah orang2 yg tidak menerima kekakalahan gimana pak termasuk  pak mahmut sendiri gimana pak.apa salah karna yg ingin pak prabowo di turun kan bukan lah masarakat banyak anyalah segelintir manusia yg metasa terancam dengan tindakan tegas pak prabowo.,1,2026-04-12T18:32:32Z
@diaarief811,Sahkan undang2 KORUPTOR hukum MATI.  RAKYAT setujuh KORUPTOR hukum MATI.,0,2026-04-12T18:16:15Z
@YunNus-q9m,Selama diowmerintahan kok tak sevokal sekarang pak mahhh,0,2026-04-12T17:40:12Z
@NabilRusydan-p2g9b,Kritik nya  membangun    jangan jangan menjatuhkan ya,0,2026-04-12T17:10:39Z
@rudisetiawansetiawan3916,"Pa Mahmud itu wacana itu bukan termasuk bughat tapi rencana  mengkonsolidasikan masa ,ancaman , untuk penghasutan di muka umum apakah bisa di hukum pak Mahmud?",0,2026-04-12T16:38:39Z
@SuhutPutra,"Kelebihan dan kekurangan para politisi Indonesia selalu ingin menjatuhkan dan melengserkan RI 1.yg selalu mencari sela dan celah agar dampak dan terdampak sekecil dan sebesar apapun itu masalah negara .kalaupun negara ini milik kita bersama ,marilah kita memperbaiki bersama .bukanlah memojokkan bersama .sebab setiap manusia itu bersipat silap dan kesalahan .sehingga manusia itu tidak ada yg sempurna .",0,2026-04-12T16:21:06Z
@ruqybilbarkah2009,"Klo pemikiran Mahfud MD sprt itu, dan Prabowo-Gibran benar2 digulingkan, kemungkinan besar pemerintahan selanjutanya akan dijatuhkan jg, begitu selanjutnya. Negara gk akan pernah stabil dan itu yang diinginkan oleh asing, biar Indonesia mudah untuk dikendalikan.",0,2026-04-12T15:58:00Z
@R.Pramudya08,"WOWO ITU APA YG DIKATAKAN GA SUSUAI DGN HATINYA,ANTI ANTEK ASING BUKTINYA PAKAI ANTEK ASING,BILANG EFISIENSI TERNYATA MALAH BUANYAAAKKKK...MENTRI DAN WAMENYA,BELUM RAFI AHMAD,QUDORI DLL SEMUAT DI GAJI LOH😮😮😮",0,2026-04-12T15:45:56Z
@MUSLIADIMUSLIADI-u6k,kalau belum dapat jabatan bagus..banyak ngoceh kritik pemerintah....sadar kek..udah bau tanah...bagus bagus aja ya...karna nanti di hari akhirat ngak bisa bersilat lidah...,0,2026-04-12T15:33:25Z
@setyamsetyam4276,Kalau kemarin bisa nyoblos akan saya pilih pak prof md,0,2026-04-12T15:27:48Z
@PakEko-l6u,Kl prabowo diturinkn mk siapa yg akn menggantinya. Apa wakilnya itu....waah haibaat Bosss,0,2026-04-12T15:27:35Z
@WongsiniLa-z7m,karna orang2 kemaren merasa kalah jdi semua mw kritik,0,2026-04-12T15:25:20Z
@WongsiniLa-z7m,kmi udah tw smua PK Mahpud md karna kmi rakyat Spil mna yang benar mna yang salah dari jaman PK Harto banyak koroktor cuman PK pribowo yang bisa Brantas koroktor kenapa presiden pribowo GX cuma crta tp kenyataan kenapa presiden baik malah mwrmaksul ap it bukan,0,2026-04-12T15:22:14Z
@midunkureta9690,"Pak Mahfud ini kadang2 suka lucu .. UU HAM saja berlaku setelah pak harto lengserrrr... Terus demokrasi negara mana yg diterapkan pak? UU dulu baru tindakan atau tindakan dulu baru UUnya??

Tadi bilang makar kalo ada pergerakan,, terus pak amin rais waktu ikut mengerakan rakyat untuk lengser tidak disebut MAKAR?

Sampai kapan indonesia itu MABOK DEMOKRASI... Ingat SILA pertama adalah KETUHANAN YG MASA ESA, jadi ATURAN dan KONSEKWENSI sudah melekat di Kitab Suci (contoh nyolong itu konsekwensinya di potong tangannya)... Mau berubah SILA PERTAMA jadi LIBERALISME Yang Masa Kuasakah...

Coba dech baca lagi UU demokrasi itu mencangkup apa saja. 
Salam diskusi sehat dan membangun NKRI",0,2026-04-12T15:21:35Z
@Syarifudin-pn9sr,Jika mau jatuhkan dan menghujat Prabowo apakah itu keritik ? Kami msrkt jauh didesa bingung maunya gimana. Pak Prabowo bukannya terima Presiden yg baru merdeka tetapi menerima NKRI yg sdh hancur dari Jakowi.,0,2026-04-12T14:54:09Z
@YonoYono-l9q,Politik itu politik.semoga politik selalu cerdas adil membangun negara.,0,2026-04-12T14:45:42Z
@ahmadjidni448,"Pak Prof,,, kalau ada yg mengajak mengajak menurunkan suatu Pemimpin... Apa itu kritik Pak Prof???",0,2026-04-12T14:43:00Z
@Awallll207,"Astaaagaaaaa knp bukan bapak ini jadi presiden dan wakilnya pak ahok..... 
Koruptor ketar ketir 😅",0,2026-04-12T14:41:47Z
@Syarifudin-pn9sr,"Jika menghalalkan segala cara dgn dalih demokrasi utk menjatuhkan Pak Prabowo. Apakah tdk sebaiknya kita tuntut Pidato beliau utk berantas korupsi dan berantas mafia hukum. Pak Machfud hrs ingat ketika jabat Menkopolhukam gimana justru politik, penegakan hukum dan korupsi semakin parah ?. Aku lahir thn 1947 merasakan hidup dari era Soekarno dan pendapat aku Presiden yg terbaik hingga hari ini cuma Pak Harto.😊",0,2026-04-12T14:41:30Z
@heryyantodr7279,Pemerintahan omon2...😢,0,2026-04-12T14:36:08Z
@aan.0129,Saiful mujani kan tim suksesnya Pak Mahfud. Jadi pernyataan beliau tidak objektif. Statementnya saiful mujani itu jelas sekali makarnya kok,0,2026-04-12T13:51:10Z
@riskidestrian-k1w,Berarti ini memang presiden omon omon ya?...😅😅😅😅😅,0,2026-04-12T13:47:30Z
@adikormod4037,presifen ke 7 kenapa aman aj y,0,2026-04-12T13:15:34Z
@noymuhammad155,Barisan sakit hati,0,2026-04-12T13:14:43Z
@kanaumi2099,❤❤❤❤❤👍👍👍✊,0,2026-04-12T13:07:54Z
@MulyohadiAgresmi,"Lihatlah rekam jejak merek""? Itu,layakah diikuti / didukung ?????",0,2026-04-12T13:06:03Z
@simarmatamisdin4900,woalah pak mahfud orang plin plan..selama jadi mentri gk jelas hasilnya...,0,2026-04-12T12:49:32Z
@wantekgokil7771,"Pintar,yah pintar,karena kamu tidak ada jabatan,koar koar ketika ada jabatan hilang koar mu",0,2026-04-12T11:55:52Z
@prasetyohaditomo7611,Gak sabar nunggu 2029,0,2026-04-12T11:31:44Z
@cunwinto9515,Kritik bagian dari demokrasi. Apa yg disebut makar ada unsur unsur nya. Tidak semua kritik disebut makar... Belajar itu membuat cerdas dalam melihat sesuatu... Mempimpin nwgara besar spt Indonesia butuh pengetahuan... Ilmu.... Hukum itu untuk harnonisasi.. Kalau tidak diatur dengan aturan nagara ribut.... Ramai,0,2026-04-12T11:17:37Z
@cunwinto9515,Lebih pintar Prof Mahfud dari Presiden kita. Apa yg disampaikan terukur dari pesepektif tata negara.. Hukum tata  negara...,0,2026-04-12T11:15:29Z
@KamidPrijono,"14 dari 15 orang politisi itu pembohong
Ya sebab niat mereka jadi politisi bukan unt berjuang. Tapi mencari pekerjaan. Mencari uang. Mencari kekayaan bahkan menumpuknya",0,2026-04-12T10:09:42Z
@budiarthana1226,Ini baru pencerahan sehat selalu Pak Mahpud,0,2026-04-12T09:32:03Z
@harieswelly1437,"Prabowo ini sudah pikun
SDH terbatas wawasan nya..mestinya mundur jangan memaksakan diri
Nanti akan sakit sendiri",0,2026-04-12T09:13:12Z
@jefrisafrudin2123,Ayo tanggung jawab tuh yg pilih PS 🤭,0,2026-04-12T08:52:09Z
@UsmanUsman-tq9dt,Jauh panggang dari api,0,2026-04-12T08:26:18Z
@YonoSentot,DPR itu sekarang suda jadi perisai industri besar memonopoli dalam negeri semua harga di luar nalar makanya pemerintah impor mobil murah untuk operasional koperasi.,1,2026-04-12T08:24:29Z
@berkahmandiri7405,hentikan MBG pak krn sudah sangat kacau!!!,0,2026-04-12T08:21:04Z
@xjkkang6811,Setuju 😂😂,0,2026-04-12T08:19:30Z
@AlNgongo,Perlu dengar orang orang yang keritik dan dipanggil untuk membicakan,0,2026-04-12T08:18:16Z
@diykangocep3184,"Wowo, prog mbg dan kop merah putih, membuat korupsi dimana mana dan itu utang kepada parpol kwalisi yang dukung 2x presiden gatot, kalau rakyat ga di dengar, satu satunya, digulingkan seperti mertua nya ya",1,2026-04-12T08:08:40Z
@unfrezeehyper7759,"Pas ngejabat kena ""skak"" Bambang Pacul. Pas jabatan dan selesai jadi idealis lagi. 😅",0,2026-04-12T08:05:57Z
@glintsteel123,bismillah,0,2026-04-12T07:55:50Z
@smsunga5171,pak mahfud MD dari dulu omonganya plin-plan alias SENGKUNI.,0,2026-04-12T07:36:21Z
@wdewekk6488,"Pa mahfud itu kayaknya buku fiksi cuma angan-angan pa prabowo saja, jadi yaa kita sebagai gen z udah muak dengannya 26:59",1,2026-04-12T06:50:04Z
@maulanamuzaki9692,Presiden mundur bosss LEBIH terhormat...,0,2026-04-12T06:49:53Z
@aldiedo2354,"Ini kumpulan orang-orang yang tidak bisa move on. Yang satu 24 sekian persen, yang satu lagi 16%. Lalu bawa² nama rakyat. Padahal jelas-jelas namanya pilpres yang menang ya yang mayoritas. La ini yang minoritas sok mau ngatur negara. Move on woooiiii.... Klo tidak puas masih ada 2029😂",0,2026-04-12T06:04:00Z
@AndiMulya-o2x,ngerusk konstitusi saja bukan  makar.di Mk .knapa harus cari2 yg lain.yg sering makar justru kekuasaan.di negara ini..,0,2026-04-12T05:56:16Z
@ImaMarbi-gf6qi,😂😂presiden mbg kita bukan budek dan rabun lagi..tapi udah buta dan tuli 😂😂😂😂 ..presiden udah tua y gitu kelas nya Donal bebek .suka pikun sendiri ...😂😂😂 Presiden mbg  paling 1 prioden ini aja kalau memang jujur tu pemilu,0,2026-04-12T05:52:44Z
@nyomansugiarta1877,Dewan Penipu Rakyat menjarah uang rakyat rame3,0,2026-04-12T05:49:30Z
@corynadieck1635,"Pidato nya bocor bocor,, MBG itu suatu kebocoran yg nyata. Pembuangan duit sia-sia. Terbaru heboh,, pengadaan kaos kaki 100.000.. 😂",0,2026-04-12T05:45:03Z
@ilopies,"Ketika ambisi dan obsesi seorang pemimpin mengalahkan logika berpikir , yang pesta pora para kroni nya , yang jadi korban rakyat 240 juta jiwa.",0,2026-04-12T05:34:54Z
@Suntoyo-t9s,Seandenya. Kang emput  GK ikut bubarkan FPI yg GK pernah badok uang ngr  nm y baik bagi umat Islam bs2😮 JD persiden ada anak bangsa di bunuh jkw kok GK bela malah bikin  sakit org islam,0,2026-04-12T04:40:30Z
@Widodo38-r6c,Sangat cocok kedepan  ANIS Berpasangan dengan Pk MAHFUD. BERIMBANG. Insyaa Alloh  JADI.. ❤,0,2026-04-12T04:17:27Z
@AchsanPudjiMuljono,"Alhamdulillaah, sy dapat buku ""Paradox Indonesia"" yg ditulis Pak Prabowo itu.
Appreciate dgn Prof. Mahfud MD, cara mengkritisinya elegan, intelek, positive minded, bukan dgn emosi, provokasi, etis, tidak ada kata2 yg jorok/tidak etis. Prof Mahfud juga jujur, masih mampu melihat sisi positif pemerintah, tdk hanya yang negatif. Semoga pemerintah memperhatikan kritikan Prof. Mahfud & mampu mengkoreksi kekurangannya. Terima kasih & respect Pak Mahfud.",21,2026-04-12T04:14:49Z
@charleschuchannel1208,Keliru jalan akibat ketidak tahuan...atau keserakahan..???,1,2026-04-12T04:14:32Z
@ojagggamer5268,Dan ternyata wowo cuma bacot...asulah wowow,0,2026-04-12T04:12:22Z
@agustinusjho3816,itu urusan beliau pak selama bapak monjabat jadi apa mana ada apa mala kita selalu sarang mapia dan korop,0,2026-04-12T04:00:45Z
@tokomocaf,"mungkin ini alasan Pak Mahfud , tidak mau gabung dengan Pemerintahan Prabowo, karena setelah baca bukunya Prabowo.",0,2026-04-12T04:00:15Z
@ramaehafidz1419,KALAU NGOMONG MAHMUD ORANG SAKIT HATI KALAU PILPRES...BELA SAEFUL MUJANI...... BOLEH KAN?????,0,2026-04-12T03:55:46Z
@anawidi4401,pemerintah manapun kalau msh bagi2 jabatan ya gni terus ga bakal ada eprubahan yg ada malha kemunduran,0,2026-04-12T03:44:02Z
@NurhayatiAtika,"Memang bagus & ses aturan yg dibicarakn p mahfud, masalah nya  di Indonesia ini dr bawah sd atas spt nya penuh dgn orang2 yg sdh biasa & bangga menggunakn uang negara utk pribadi & kelg nya, ... 
Sebenar nya sy kasihan  dg p Prabowo sendirian ingin Indonesia bersih,... 😭 
Sdgkn sekitar nya  yg dianggapnya sbg tangan nya tyt org2 lama yg sdh mencengkeram negeri ini,... 
Yg sdh biasa berbuat mengatasnamakn p Prabowo,....  
Kl sampai p Prabowo capek siapa lagi yg benar2 baik lahir batin nya utk bangun negeri ini,.... 😭
Sementara orang2 yg biasa kritis ujung2 nya kl sdh dpt jabatan akan diam seribu bahasa,...😭😭😭",0,2026-04-12T03:32:29Z
@abuabdullahali4248,"ini tanda bahayanya tiupan makar saiful dan islah. Buktinya bkn cuma pakar2 ecek2 yg bicara tapi seorang sosok mahfud aja ikut angkat bicara,coba melemahkan gerak aparat terhadap mereka berdua. Ayo aparat gercep korek isi otaknya dia berdua, yg sy yakini isi otaknya lebih berbahaya dr mulutnya yg nampak. Jangan sampai tiupan makar ini sampai ke rakyat di luar sana.",0,2026-04-12T03:31:54Z
@Bijoetv,"KKB TPM MAKAR, MELANGGAR UU MAKAR, MEMBERONTAK DENGAN SENJATA UNTUK MELAWAN PEMERINTAH YANG SAH,  MENGAPA SAAT BAPAK MENJABAT TIDAK BISA DISELESAIKAN DENGAN SUKSES DAN BERHASIL SAMPAI KE AKAR-AKARNYA. LANJUT PEMERINTAH SAAT INI JUGA NGAK SELESAI MALAH TAMBAH KUAT PEMBERONTAKAN NYA.",0,2026-04-12T03:11:08Z
@ahmadfairobi9243,Kagak yakin saya itu tulisan dari Prabowo langsung.... Karena kenyataannya bertolak belakang... Koruptor dikejar? Lah.. kenyataannya mau dimaafkan kalo dibalikin hasilnya....,0,2026-04-12T03:08:45Z
@akalsehat4753,"Kita lihat aja pertumbuhan ekonomi kurang dari 5% dan IHSG anjlok, bahkan investor lebih memilih Vietnam dan Malaysia karena kepastian hukum nya jelas regulasi nya gak berbelit belit seperti konoha 😂, Vietnam sana pertumbuhan ekonomi nya udah 8% dan bentar lagi 9% ,bahkan Vietnam pendidikan nya no 2 di Asia Tenggara dan selalu memenangkan event sain skala internasional peringkat 1 dan 2 selalu bersaing dengan Singapore sedang kita jangan ditanya bahkan peringkat pendidikan dibawah Malaysia dan thailand 😂, kalau dibaca sejarah kemajuan  Singapore bukan investasi pada makanan namun yg mereka sibuk perbaiki kepastian hukum mengenai investasi mempermudah regulasi, dan investasi pada pendidikan, sedangkan kita sibuk mengurus Koalisi partai sama korupsi dan nepotisme gak kesudahan 😂 .",1,2026-04-12T03:08:12Z
@akalsehat4753,"gemana gak defisit MBG 330 Triliunan, beli mobil di India puluhan ribu 30 triliunan padahal mobil lokal ada 😂
belum lagi bayar hutang cina 120 triliunan kereta cepat, belum lagi bayar gaji DPR Ri ratusan puluhan triliunan pertahun belum lagi impor minyak belum lagi bayar gaji ASN tiap tahun 😂
kalau negara ini waras harus perbanyak kilang minyak dan kembangkan biodiesel skala nasional bukan ngarapin impor minyak Arab mulu 😂
kalau lebih waras lagi jika mbg 330 triliunan ada berapa kilang minyak kalau di bikin 😂
coba lihat negara Malaysia sebelum sana walaupun kecil justru kilang minyak nya lebih banyak dari kita 😂😂

gaji besar di konoha hanya bisnis ketering mbg, jika saja keuntungan nya 3 ribu sampai 5 ribu lu kalikan saja 1000 piring sehari, itu baru sehari lu kalikan sebulan bahkan setahun, 😂itu baru satu ketering gimana 5 ketering 🤣
lu tau kagak yg namanya makan siang dimana pun di negara maju yg kelola itu pihak kantin bukan di kelola Koalisi partai, polisi , TNI apa lagi ormas NU saking gak ada kerjaan nya 🤣bahkan makanan makanan penjara Jepang lebih enak wajar aja mereka negara waras beda sama konoha terlalu banyak masalah bahkan keracunan gak jelas belum lagi insiden makanan basi yg buat keracunan 🤣🤣
bukan masalah pajaknya kita terlalu banyak korupsi anggaran 8 ribu perpiring gizi nya dimana cobak bahkan ekonomi katakan itu investasi keluar nya di WC 😂😂 ,",1,2026-04-12T02:55:44Z
@akalsehat4753,"​ menurut bank dunia 60% rakyat konoha itu miskin tapi gaji dewan nya ke 4 terbesar dunia bahkan melewati Amerika dan Singapura 😂 , sedangkan gaji gurunya negara konoha cuma 3 jutaan paling rendah 400 ribuan cuman negara konoha ada sistem honor sejak lama walaupun udah di hapus , bahkan gaji guru negara konoha paling rendah se asia Tenggara dibanding thailand dan malaysia, bahkan pendidikan negara konoha juga paling rendah di Asia Tenggara sudah ketinggalan oleh Vietnam nomor 2 pendidikan nya di Asia Tenggara dibawah Singapura, coba lihat Singapura gaji gurunya bisa 30-60 juta sedangkan gaji DPR nya 180 juta itu kesenjangan tidak terlalu jauh , dibandingkan negara konoha gaji dewan nya 100-400 juta sedangkan gaji guru nya 3 jutaan itu kesenjangan luar biasa gak heran artis berbondong-bondong masuk politik orang yg dipilih berdasarkan popularitas bukan kualitas bahkan pelawak juga bisa jadi dewan, jangan heran negara ini dikelola dengan bercanda 🤣🤣
di Vietnam guru di pelosok dibayar lebih besar dari pada di kota karna di pelosok punya tantangan sendiri bahkan kualitas guru di Vietnam jangan di pertanyakan lagi bahkan ada kontes guru terbaik setiap tahun di Vietnam guru yg terpilih akan dapat penghargaan apa di negara konoha ada model gini justru dengan ada nya kontes ini guru guru termotivasi untuk lebih baik dan terus lebih baik kedepan nya untuk mendidik pelajar nya
apa lagi mau jadi contoh Malaysia pendidikan di Malaysia juga maju semua gratis di sekolah Malaysia baik buku buku maupun peralatan sekolah lainnya , bahkan pelajaran bahasa Inggris disana anak anak SD saja dituntut berbahasa Inggris agar kualitas nya bukan hanya nasional tapi internasional. 😁

maksudnya maju untuk kepentingan pribadi ya untuk menjajah semua sumber daya alam lalu masuk dompet pribadi, papua tidur dibawah emas tapi rakyat nya tetap miskin, riau tidur dibawah minyak dan batu bara serta gas alam maupun sawit bahkan minyak riau dan batu bara udah nyumbang ribuan triliunan untuk negara tapi apa apbd riau hanya puluhan milyar, dan banyak orang miskin disana, Sulawesi kaya akan nikel tapi apa rakyat tetap miskin, bangka belitung kaya akan timah bahkan bisa rugikan negara 271 akibat korupsi tapi apa rakyat tetap banyak yg miskin semua sumber daya alam negara konoha masuk 10 terbesar dunia jarang negara maju masuk 10 besar duni seperti emas sedang emas negara konoha masuk 10 terbesar dunia , tapi rakyat tetap miskin , ini bukan masalah rakyat nya tapi sistem yg buruk dulu Singapura itu bagian dari Malaysia tahun 1970 tapi apa sekarang Singapura lebih maju dari Malaysia tidak ada yg tidak mungkin bahkan presiden cina sendiri belajar pada Singapura negara kecil lee kuan yew saat itu , sedangkan negara konoha itu tidak mau belajar dari negara manapun  apa lagi eropa, di negara Nordik mereka cuman eksportir ikan dan sayur mereka mampu jadi negara maju, bahkan Arab Saudi hanya sumber daya alam dari minyak rakyat nya sejahtera semua fasilitas publik gratis termasuk rumah sakit dan pendidikan sampai jenjang tertinggi bahkan dikasi oleh negara insentif pada pelajar nya 😂
Kita hanyut mimpi mau maju , maju apanya korupsi aja jadi budaya di negara konoha😂 ,",1,2026-04-12T02:54:01Z
@akalsehat4753,"gua bagian orang menyerukan kepentingan bernegara bahkan kepastian hukum buat korupsi itu penting buat membuat membangun negara agar uang  yg di pakai hal penting tepat sasaran tidak diselewengkan oleh para koruptor, salah satu contoh negara singapura awal kemajuan nya di mulai tahun 1965 karena pemimpin seorang visioner yg memikirkan 100 tahun kedepan untuk generasi mudanya bukan memikirkan kesenangan sementara dengan korupsi , apa yg di perbuat pemimpin negara nya lee kuan yew  singapura 1965 yakni menekan keras korupsi dengan kepastian hukum kuat, walaupun di samping lain ada kebijakan kontroversial dengan kenaikan gaji pegawai nya dengan syarat tidak korupsi dengan kepastian hukum kuat yg menekan keras korupsi salah satunya UU perampasan aset memiskinkan para pencuri uang negara , korupsi tidak bisa di tekan keras dengan kepastian hukum lemah, saya tidak lah bodoh membandingkan geografi konoha dengan negara singapura yg jadi patokan hikmah yg kita ambil sosok pemimpin singapura yg visioner dan semangat yg melebihi para pejabat kita. sebelum 1965 singapura itu masih bagian dari malaysia karena mereka dipandang rendah karna tidak ada nya sumber daya alam bahkan penduduk Singapura waktu itu tidak bisa membaca dan mayoritas miskin mereka di pojokan , dengan semangat yg pemimpin yg mereka punyai mereka merakak menuju negara maju bahkan sekarang mereka jadi kiblat kemajuan negara asia Tenggara😂, kita bisa jadi negara maju jika hal kecil di mulai seperti sahkan UU perampasan aset, maju kan sektor pertanian dan majukan pendidikan, jangan ada kesenjangan gaji guru Dan DPR nya harus setara dan jadilah negara bersih tanpa korupsi ,negara tanpa korupsi politik itu akan stabil tidak ada lagi politik uang karena masyarakat udah sejahtera politik terbentuk dengan jujur dan transparan di negara tanpa korupsi😁😁

Indonesia emas hanya bullshit kalau tingkat pendidikan masih rendah bahkan tingkat membaca negara konoha ini masih paling rendah di asia 😂

Alasan kuat kenapa asing enggan berinvestasi dan terlihat membatal investasi nya  karena negara konoha ini kepastian hukum nya masih lemah , di banding kan dengan negara sekecil singapura kepastian hukum nya kuat melebihi apapun dan hukum di junjung tinggi di negara singapura dan hukum di negara tersebut mutlak, sedangkan negera konoha ini lebih suka korupsi jika liat dolar 😂

dulu kita menyalahkan belanda kerja paksa ternyata setelah di teliti oleh ahli sejarah kerja tersebut di bayar belanda hanya saja orang lokal pribumi sendiri korupsi dan tidak memberikan, sungguh ironis 😂

dpr  aja mental miskin UU perampasan aset aja enggan mereka sahkan , coba contoh singapura kemajuan nya di mulai tahun 1965 pemimpin nya berani menekan keras hukum kuat dengan kepastian hukum yg mutlak, singapura hanya perlu 30 tahun jadi negara maju era lee kuan yew dimulai tahun 1965  tentang kemerdekaannya dari Malaysia dan tantangan awal untuk bertahan hidup sebagai negara kecil yang miskin dan tidak memiliki sumber daya alam yg menentukan nasib mereka sendiri, Malaysia memisahkan singapura karena ada perbedaan ideologi tahun 1965, Lee Kuan yew sebagai pemimpin singapura saat itu memohon dan menangis bergabung dengan Malaysia namun tetap ditolak Malaysia karena Lee kuan yew takut akan masa depan negara nya namun dengan tekat luar biasa Lee Kuan yew mampu membangkitkan negara nya menjadi maju bahkan melebihi Malaysia sendiri,sekarang singapura bahkan jadi kiblat kemajuan negara di Asia Tenggara, yg membuktikan bahwa jika negara tersebut dikelola dengan benar dari aspek kepastian hukum untuk korupsi pasti negara tersebut akan maju dan memikirkan kesetaraan antara gaji guru dan Pejabat negara nya harus setara jangan ada kesenjangan luar biasa besar negara itu akan maju sedang kita gaji guru hanya 3 juta gaji DPR 100 juta lebih justru itu dinamakan kesenjangan , sedangkan di negara maju singapura gaji guru 30-80 juta dan Gaji DPR nya hanya 180 juta itu lah setara tidak ada kesenjangan terlampau jauh disana, coba indonesia mau mencontoh hal ini bahkan 30 tahun kita bisa jadi negara maju karena kita punya potensi didukung sumber daya manusia muda melimpah, sedangkan sekarang kepastian hukum kita lemah bahkan sekelas perusahaan apple lebih memilih vietnam dan singapura untuk investasi dari pada negara konoha tanpa investor bagaimana cara menambahkan lapangan kerja, kalau hanya nyuruh generasi berdagang doang itu bukan tugas negara, tugas negara itu harusnya menciptakan lapangan kerja karena meningkatnya pertumbuhan manusia nya, pemerintah dan pejabat negara kita masih aja melek dengan fakta , tanpa mikir jangka panjang hanya mikir kesenangan sementara dengan korupsi 😂😂

hidup di negara IQ 78 yg disalahin pihak luar mulu padahal pejabat negara aja yg kotor korup dan suka membuat kebijakan seenaknya sesuai kepentingan🤣🤣😂😂

negara nordik seperti Eropa hanya Penghasilan nya dari eksport sumber laut dan buah buahan dan sayur bisa sejahtera sedangkan kan kita punya semuanya sumber laut melimpah, timah, nikel, batu bara, bauksit, tembaga, gas alam, sawit, emas bahkan semuanya kita melimpah dan masuk 10 terbesar negara di dunia semua sumber daya alam kita, tapi apa menurut bank dunia 60% rakyat miskin sumber daya alam hanya dikuasai untuk segelintir orang  memperkaya diri 😂🤣

kemajuan itu hanya semboyan bukan realita di negara yg jadikan korupsi itu budaya 🤣

dengar kata lee kuan yew negara yg korup itu negara yg gagal karena pemimpin nya lebih sibuk memperkaya diri dari pada membangun bangsa nya 😂

kalau kita lihat negara yg korup itu biasa negara berkembang seperti Zimbabwe, negara afrika sekitar, semakin maju sesuatu Negara maka tingkat rasa malu nya juga tinggi , jangan heran Jepang itu bisa maju jauh hari mereka menjujung rasa malu bahkan sejak zaman samurai mereka punya agama nama nya shinto mengutamakan rasa malu kebijaksanaan, jangan heran juga teknologi Jepang itu bagus mereka sangat teliti dalam hal hal terkecil sekalipun ini lah budaya yg selalu dipertahankan leluhur mereka rasa malu dan kebijakan setiap tindakan 😌

beda sama orang Jawa dulu masa penjajahan katanya ada kerja paksa ternyata duit nya di korupsi penduduk lokal bupati lokal dan itu sudah dibuktikan oleh ahli sejarah naskah kuitansi pembayaran oleh gubernur belanda saat itu sedang di pelajaran sekolah seakan itu di pudarkan bukti sejarah bahwa kerja paksa benar ada tapi apa orang lokal sendiri korup gak bayar upah pekerja 🤣🤣

jangan katakan nenek moyang kita itu pelaut tapi koruptor 😂


Indonesia maju itu cuman angan angan dana haji aja dikorup , belum lagi pajak di korup tadi bahkan liga korupsi dipegang pertamina jauh hari belum lagi pejabat paling bawah seperti kades sering menyimpangkan anggaran 😂😂

di pulau Jawa saja banyak yg miskin apa lagi ngurus di luar pulau kenapa bisa gini karena pejabat kita korup suka memperkaya diri contoh saja sumber daya alam melimpah kesehatan masih bayar sumber minyak banyak tapi kilang gak gak ada, 80 tahun merdeka masih aja membedakan sekolah swasta dan negeri 80 tahun merdeka guru di pelosok tidak pernah diberikan penghargaan padahal guru ujung tombak kemajuan suatu negara coba lihat Vietnam dengan waktu singkat pendidikan bisa maju karena jelas mereka menghargai peran guru bahkan gaji guru pelosok di Vietnam lebih besar gajinya dari pada di kota 😂😂
negera sekecil Malaysia saja kilang minyak nya banyak sedang kita negara besar kalah banyak jumlah kilang minyak dari pada Malaysia padahal sumber minyak kita banyak, padahal udah 80 tahun merdeka,bahkan di Malaysia pajak mobil jauh berkali lipat murah nya dari pada negara konoha gak heran negara malaysia rakyat nya cuman beberapa pesen orang miskin, karena mereka kelola negara dengan transparan bukan kayak Indonesia menteri agama aja korup dana haji 🤣🤣


kemarin ada yg keracunan, mau dapur yg bermasalah program ini lahan basah korupsi dan tidak ada output untuk 100 tahun kedepan hanya jadi taik lupikir hidup itu hanya sebatas makan siang, kedepan nya itu anak setelah habis masa sekolah dia harus kuliah dan itu perlu biaya besar dan itu juga perlu di gratiskan 😂
pendidikan itu dijamin konstitusi makan siang tak ada di jamin konstitusi bahkan aneh nya dana pendidikan di potong untuk makan siang jangan heran banyak honorer yg menerima gaji jauh dari kata layak puluhan tahun ini lah kesenjangan sosial 😂
kalau negara waras yg harus diperhatikan itu dulu nasip seorang guru lu tau negara Jepang kan gak tau Google aja saat mereka kalah perang negara nya hancur kena bom atom Kaisar berkata berapa jumlah guru yg selamat bukan dia tanya berapa infrastruktur yg masih tersisa , karena Kaisar tau mereka kalah perang karena mereka masih bodoh dan tidak belajar Karena itu begitu penting peran guru di negara Jepang lihat sekarang 80 tahun kemudian setelah kena bom atom Jepang bangkit jadi raksasa teknologi manufaktur baik mobil motor alat elektronik , sedangkan negara konoha apa cuman ngurus korupsi dan nepotisme gak ke sudahan bahkan investor sulit masuk dibanding negara seperti vietnam bahkan pertumbuhan ekonomi nya sudah 8% dan bentar lagi 9% , sedangkan kita bangga dengan pertumbuhan ekonomi kurang dari 5% bahkan itu sejak pria solo mimpin 10 tahun yg lalu sampai sekarang 🤣🤣",1,2026-04-12T02:53:26Z
@akalsehat4753,"kalian bangga dengan makan gratis sedangkan kuliah saja masih bayar peralatan sekolah masih bayar kesehatan masih bayar hidup itu gak sebatas makan siang doang tapi kuliah juga harus gratis 🤣🤣
lu tau negara singapura kan gak tau Google aja mereka maju cukup 30 tahun jadi negara maju baik dari segi pendidikan maupun ekonomi, sedangkan kita 80 tahun merdeka masalah nya itu itu aja korupsi dan nepotisme😂
lu tau kagak pertumbuhan ekonomi kita itu hanya kurang dari 5% itu sejak joko mimpin 10 tahun lalu sampai sekarang , lu tau negara Vietnam, gak tau Google aja bahkan mereka pertumbuhan ekonomi nya sudah 8%
dan pendidikan nya no 2 di Asia Tenggara dibawah Singapura .
katanya kita sumber daya alam melimpah tapi 60% rakyat miskin menurut bank dunia semua itu hanya di kuasai segelintir orang
bahkan dari data nikel kita no 1 terbanyak di dunia sawit kita terbanyak di dunia no 2 Malaysia, gas alam kita no 8 dunia bahkan emas kita masuk 10 terbesar dunia belum lagi sumber daya alam seperti bauksit timah yg kemarin juga banyak yg di korupsi kemarin rugikan negara 271 triliunan bahkan kita punya cadangan minyak melimpah di riau itu pun kadang dijual mentah ke Singapura lalu kita lagi impor minyak dari mereka 🤣🤣 80 tahun merdeka kilang minyak baru dibangunin sekarang Malaysia yg negara kecil jauh hari sudah banyak kilang minyak nya, bahkan Malaysia jadi negara penentu harga sawit dunia karena pabrik teknologi buat kelola ada disana semua sawit kita di antar ke Malaysia untuk di jual murah 😂, tanah sumatra itu hanya tempat tanam sawit bahkan sebagian sawit di kelola di Singapura untuk dikelola untuk minyak masak kemudian kita lagi beli minyak kemasan mereka 🤣, sedangkan rakyat masih banyak yg miskin, bahkan riau sudah sumbang ratusan triliunan hasil minyak bumi nya dan lahan sawit tapi APBD riau hanya puluhan milyar ini lah kesenjangan sosial 🤣🤣
konyol nya negara Nordik seperti Denmark dan Finlandia hanya ekspor ikan sama sayur bisa jadi negara maju 🤣🤣
dulu kita menyalahkan belanda kerja paksa ternyata setelah di teliti oleh ahli sejarah kerja tersebut di bayar belanda hanya saja orang lokal pribumi sendiri korupsi dan tidak memberikan, sungguh ironi 😂",1,2026-04-12T02:52:55Z
@akalsehat4753,"pendapatan dari negara aja 80% dari pajak yg kata bank dunia 60% rakyat kita miskin,sedangkan dari dan 20-30% dari sumber daya alam 😂 aneh nya bps katakan 15 ribu sehari belum miskin sekarang aja udah 17 ribu per dolar 😂
coba lihat negara Nordik luar sana cuman ekpor sayur sama ikan bisa jadi negara maju 😂😂
sedangkan kita sawit paling banyak di dunia melebihi malaysia, gas alam kita no 8 di dunia, emas kita masuk nomor 10 terbesar di. Dunia, belum lagi nikel terbanyak nomor 1 besar dunia, tapi apa rakyat kita 60% miskin 😂, 80 tahun kita merdeka kilang minyak baru di bangun sekarang , malaysia yg negara kecil sebelah sana kilang minyak nya lebih banyak dari kita kan konyol🤣🤣, kita tiap tahun expor sawit mentah ke malaysia sedangkan harga sawit dunia malaysia yg tentukan padahal sawit kita terbesar di dunia karena jelas malaysia sejak tahun 70an sudah punya teknologi buat kelola sawit skala global 🤣
:negara yang gagal adalah negara yang korup karena pemimpin nya sibuk memperkaya diri dari pada membangun bangsa nya dikutip perkataan'Lee Kuan Yew presiden Singapore. 
lihat negara korup yg sudah hancur Nepal dan Srilanka dan terakhir Zimbabwe mata uang nya kena inflasi saat beli telor satu papan aja butuh 1 gerobak uang 😂, Indonesia tinggal pilih mau jadi nepal, Srilanka atau Zimbabwe 😌
kalau negara ini waras harusnya dia belajar sama singapura yg disalahin rakyat mulu yg buat negara itu waras atas kebijakan negara nya sendiri ibarat aturan hukum mati koruptor hukum orang buang sampah sembarangan di penjara seperti negara Eropa siapa yg berani buang sampah sembarangan bahkan hampir seluruh negara Eropa itu ada bank sampah botol botol yg di tukar pemulung bisa jadi koin 😂",1,2026-04-12T02:52:14Z
@akalsehat4753,"kita sendiri gak bisa jaga alam kita?? fungsi hutan aja sudah jadi lahan sawit ilegal sama tambang ilegal, coba lihat negara waras seperti Jepang 1 pohon aja di tebang wajib di tanam ulang lagi dan izin tebang pohon di Jepang itu ketat, beda cerita di konoha percuma ada polisi hutan, hutan aja di alih fungsikan dijadikan sawit semua sama tambang ilegal, tanpa memikirkan dampak yg akan di timbulkan, saat banjir datang yg di salahin hujan, 🤣🤣",1,2026-04-12T02:51:13Z
@akalsehat4753,"kalau mau bandingkan?? 1 bulan gaji DPR itu setara 1 tahun gaji PNS itu mau lihat perbandingan kesenjangan sosial 😂
coba lihat di Singapura gaji guru nya 30-60 juta sedangkan gaji DPR hanya 180 juta kelipatan jaraknya tidak terlalu jauh beda sama DPR kita banyak tunjangan ini itu bisa ratusan juta sedangkan guru nya 1 juta sampai 3 juta gaji nya 🤣🤣
penghasilan PNS kita itu hanya 70 juta setahun itu kotor nya gemana kalau dibersihkan dengan biaya kehidupan 😂

pertumbuhan ekonomi aja gak naik lu tau negara Vietnam pertumbuhan ekonomi nya udah 8% bentar lagi 9% sedangkan kita sejak era joko ampe sekarang dan kita bangga pertumbuhan ekonomi kurang dari 5% 😂😂🤣🤣
punya minyak melimpah dijual ke Singapura nanti dibeli lagi bentuk BBM, punya sawit banyak dijual murah ke malaysia padahal bisa dibikin solar 🤣🤣",1,2026-04-12T02:49:51Z
@JoniDaswarman,Hampir 2 th pemerintahan prabowo berjalan tidak ada kemajuan bahkan makin mundur yg ada cuman kritikan2 disemua kebijakan yg tidak menyentuh akar permasaalah bangsaini.pemerintahan ini sudah gagal.,0,2026-04-12T02:47:49Z
@ujangrismansh908,"Inilah Politik..
""KEPENTINGAN"" diatas segalanya.

Mahfud..bukan Akademisi murni..sudah jadi PARTISAN politik(capres)",0,2026-04-12T02:32:35Z
@PapaNico-o2z,@Saya warga negara Indoneisia Saya masarakat Biasa Sejak pencalonan Pemimpin Negara Saya berpikiran positip saya orangnya Yang tdk gampang percaya Saya jelas Meliat Rekam jejak bkn Omon omon ternyata inilah Hasilnya.,0,2026-04-12T02:30:18Z
@PapaNico-o2z,@Kami tau Gizi apa yang pants di Konsumsi Anak Anak kmi kami bth Lapangan kerja dan Hukum di terapkan Usut Pencuri Uang Rakyat  jangan cuma Bicara kmi butuh Bukti.,0,2026-04-12T02:23:35Z
@08bpak,"Y elah kemarin kan itu yg ngomong itu ,,, anak buahku waktu pilpres,,,TPI MSI skit hati karna kmu kalah..",0,2026-04-12T02:19:18Z
@TriyanaAna-w1h5s,"Mantap pah mahfud,semoga pak prabowo melihat video ini.",0,2026-04-12T02:18:31Z
@azizahtulmuna5769,"Wes ... Skenario barisan sakit hati,PAK ANIES PRESIDENnya,PAK MAHPUD wakilnya.mangkanya pak Prabowo harus dijatuhkan.skenario barisan sakit udah kebaca.😂😂😂",0,2026-04-12T01:44:53Z
@karlimdlt9849,si Owok mah sa enggeus kolot mah pan didikan si Kowi ya kerja na pasti sarua moal jauh termasuk pelindung koruptor.,0,2026-04-12T01:27:37Z
@LenyTuasela-v2r,Bismillahirrahmanirrahim assalamualaikum pak Mahfud semoga bapak Mahfud di lindungi Allah SWT sehat selalu benar sekali pak amin amin amin ya rabbal lamin,0,2026-04-12T01:22:20Z
@pnjridwan3867,Sukses dan sehat selalu Prof. Mahfud❤,0,2026-04-12T01:10:59Z
@nicojagad7981,',0,2026-04-12T01:01:58Z
@sahidunamrin1965,Semakin rusak pak😮,0,2026-04-12T00:58:35Z
@ulinnuha5766,"Yang mencoba makar itu pendukung Ganjar Mahfud, mrk msh blum move on atas kekalahan pilpres termasuk Mahfud",0,2026-04-12T00:36:32Z
@ulinnuha5766,"Yang mencoba makar itu pendukung Ganjar Mahfud, mrk msh blum move on atas kekalahan pilpres termasuk Mahfud. Tangkap mereka",0,2026-04-12T00:36:21Z
@ulinnuha5766,"Yang mencoba makar itu pendukung Ganjar Mahfud, mrk msh blum move on atas kekalahan pilpres termasuk Mahfud",0,2026-04-12T00:35:52Z
@ulinnuha5766,"Yang mencoba makar itu pendukung Ganjar Mahfud, mrk msh blum move on atas kekalahan pilpres termasuk Mahfud",0,2026-04-12T00:35:34Z
@Suroto-h2i,"Dulu saya dukung Prabowo Subianto sekarang no wee. Saya kecewa Prabowo Subianto sudah melanggar konstitusi negara Indonesia UUDS 45 .Prabowo Subianto sudah nggak layak jadi presiden RI  , Prabowo Subianto salah urus semua . Kerja kabinetnya tak sesuai aturan negara kita Indonesia. Amin✴️ 🚩",0,2026-04-12T00:25:30Z
@AAjh0n,"Kalah memang menyakitkan😂.
Teriak demokrasi tapi bikin rusuh mulu. President bilang tunggu 2029.
😂😂😂
Kritik tapi mau bikin rusuh bulan juli. Itu bukan makar. Terlalu pintar apa gmn ini😂😂😂",0,2026-04-12T00:19:37Z
@didinarya3283,Mantul Prof.. Lanjutkan.. 😅,0,2026-04-12T00:10:18Z
@salmanjawara,Ketika memilih para menteri saja telah membuat kecewa banyak kalangan masyarakat.,0,2026-04-12T00:09:11Z
@tohirtohirin923,"Pak Mahpud di lihat dulu kata2ny ,beda kritik dg kata2 yg yg menjurus ke makar",0,2026-04-11T23:56:26Z
@giribatjo5362,"Assalamu'alaikum Pak Mahfud. Saat Pilpres 2024 saya memilih Paslon 3 karena saya meyakini apabila menang dan berkuasa pasti bisa memperbaiki Negara ini terutama masalah hukum. Saya sepakat kalau penerapan hukum tidak baik, Negara ini menuju kehancuran. Sebenarnya sistim politik Indonesia presidential harusnya partai dibatasi maksimum 3 partai bila perlu 2 partai saja. Dari pd saat ini presidential dgn koalisi besar, Presiden sewenang wenang bahkan melanggar UUD'45 tak ada pertanyaan dari Legislatif sehingga Rakyat yg berdaulat akan marah.",0,2026-04-11T23:05:30Z
@Ihsansarif-w1y8h,"Mahfud MDj ini orang yng sakit hati karna tidak terpilih oleh masyarakat tidak ads yng senang,mudah2an Prabowo terpilih lagi untuk ke dua kali , Amin 3x",0,2026-04-11T22:47:23Z
@Tukang_Gacha44,Intinya mereka yang menduduki kursi pemerintahan berkepala besar,0,2026-04-11T22:39:14Z
@bapakdaroini4179,Biang kerok sepuluh thn terahir nkri rusak  kedaulatan hukum  sumberdaya alam ekonomi demokrasi  di serahkan sama oligarki rejim busuk jokowi perusak nkri oke,0,2026-04-11T22:30:03Z
@NabirePapua-m3c,Knp Malaysia Singapura Brunai. Negaranya maju rakyatnya makmur sejahtera negara tersebut TDK ad satupun rakyatnya yg bekerja buruh ke luar negeri sedangkan Indonesia kekayaan alam yg luar biasa rakyatnya miskin. Korupsi udh  hal biasa mayoritas,0,2026-04-11T21:31:10Z
@ralfiepinasang7768,"Kami berpandangan prof mahfud cerdas,. Tp beliau ini kalau dlm kekuasaan bayak diam tapi saat tdk masuk dlm kekuasan bicara kemana2 kritik pemerintah kemudian mnggu dipanggil pemrintah",0,2026-04-11T21:16:48Z
@ralfiepinasang7768,"Kami berpendapat ; Prof Mahfud , sebaiknya bicara mnyejukan bangsa bukan mngeritik tp tdk mmberikansolusi…",0,2026-04-11T21:11:18Z
@ebensunarko855,Coba dikasih jabatan .....mingkem,0,2026-04-11T21:00:10Z
@DodoWi-ls5dq,Turunkan saja Prabowo,0,2026-04-11T20:33:24Z
@AnasAnas-q3s,"Semenjak prabowo-gibran jadi pemimpin negara RI. 
Bahan pangan naik dan banyak sekali para pedagang kecil pada mengeluh. 
Apa lagi masyarakat umumnya (konsumsi) dipastikan pada mengeluh dengan harga tidak lagi bersahabat.",0,2026-04-11T20:23:06Z
@NurFaizdin,Kalau kritiknya suruh menurunkan presiden ya bahaya itu,0,2026-04-11T20:12:24Z
@Hery_Indra_S,perang dunia sekalipun diawali dengan kata2....bgmn kata2 bs dihilangkan eksistensinya? yg benar saja Fud...,0,2026-04-11T19:24:01Z
@Agis-f7d,Ada agenda terselubung ingin mengkudeta presiden probowo demi dinastinya Jokowi berlanjut lewat fufufafa,0,2026-04-11T19:21:45Z
@Tuan_Muda_ke-13,"Bapak: Bowo... Bowo, kamu bisa apa?😂😂😂
Anak: Aku bisa merugikan, Pak.",0,2026-04-11T19:09:03Z
@NgadimanDiman-t1b,"Indeks korupsi saat ini parah, teramatparah,",0,2026-04-11T18:41:22Z
@AlinPameling-v3x,Banyak kelompok² berkolaborasi yang mencari CELAH memanfaatkan keadaan.,0,2026-04-11T18:39:47Z
@NgadimanDiman-t1b,"Memang benar, hukum dibuat  untuk suka2 penguasa,",2,2026-04-11T18:35:43Z
@harrypontoh7353,Segala rupa saja pak2 ini,0,2026-04-11T18:35:18Z
@harrypontoh7353,"Bukan nanti sdh terjadi baru di tangkap, baiknya skarang sdh diantisipasi pak",0,2026-04-11T18:34:56Z
@kusnoto,negara udah hancur krna mulyono dan ditersukn makin hancur oleh prabowo...yng teriak ter iak hidup jokowi,0,2026-04-11T18:34:30Z
@harrypontoh7353,"Prabowo hebat , tangkap saja pak itu makar",0,2026-04-11T18:34:12Z
@harrypontoh7353,Mengarah ke majar berucap,0,2026-04-11T18:33:37Z
@NgadimanDiman-t1b,"Pidato Prabowo, omonomon,.",0,2026-04-11T18:26:42Z
@Serdadu007,"Klo demi kepentingan rakyat jgn pernah takut utk bertindak... 
Pak Prabowo....!!! 
Jgn terlalu gubris gerombolan manusia² yg suka bikin gaduh dan endingnya hanya sebagai bergaining utk mendapatkan jabatan dan kekuasaan... 
Kayak gk tau Mahfud MD dulu dpt jabatan dgn cara gimana... 
Namanya perjuangan dmn aja seperti itu, siapa yg ikut berjuang layak utk mendapatkan bagian dari hasil perjuangan, itu alamiah....!!!",0,2026-04-11T18:22:33Z
@NgadimanDiman-t1b,"Memang benar Prabowo melenceng, senkanan malah belok kiri, yatabrakan,..",3,2026-04-11T18:22:32Z
@johanmasriki-u9i4p,Banteng orange  resah 😂,0,2026-04-11T18:22:17Z
@NgadimanDiman-t1b,"Buku Paradok Prabowo itu pandangan Prabowo, ituseharusnya menjadi visi dan misi presiden dong, tapi kok berbanding terbalik kenyataan negara masih seperti ini, gonjangganjing, tkmenentu, rakyatmau dibawa dibawa kemana ya, rakyatkecil menjerit, pengangguranmembengkak, infrastruktur jalan rusak parah,,",0,2026-04-11T18:17:38Z
@jhonsononly12,Ahok mahfud maju 2029 🔥🔥🔥,0,2026-04-11T18:08:44Z
@Serdadu007,"MAHFUD MD BODOHNYA KUMAT LAGI, mungkin sdh mulai sering minum ES KOPYOR...😀😀😀
Kritik hak semua warga, tp klo sdh rencana membuat gaduh dan onar serta memprovokasi massa yg bertujuan makar hrs diproses hukum.... 
Mahfud MD gk ngerti konstitusi dan hukum tata negara... 
Dasar hukum dan alasan utk menggulingkan pemerintahan yg Syah itu apa...??? 
Klo hanya alasan sakit hati dan iri dengki atau faktor kebencian dibuat dasar utk menjatuhkan pemerintah yg Syah itu namanya inkonstitusional...😢",0,2026-04-11T18:02:25Z
@suparnoparno-o7z,hati2 kalau misal prabowo di turunkan secara konstitusi Gibran naik jd presiden dong ....apa ngga lebih kacau lgi ...,0,2026-04-11T18:01:06Z
@Nurhayatihm-h8t,Kalau Jokowi sudah diadili bangsa Indonesia akan pulih titik,0,2026-04-11T17:52:45Z
@Nurhayatihm-h8t,Semoga Alloh membebaskan bangsa Indonesia dari cengkraman para pengabdi setan,0,2026-04-11T17:50:52Z
@Nurhayatihm-h8t,Semua Elit sudah keracunan kecuali prof Mahfud,0,2026-04-11T17:46:12Z
@Nurhayatihm-h8t,Orang Indonesia terakhir yang mempertahankan kemerdekaan!!! RI,0,2026-04-11T17:45:00Z
@dayatkisaragi4725,baru dua tahun indonesia di pimpin prabowo tanda tanda bubar sudah terlihat.,0,2026-04-11T17:38:17Z
@santrikandangkebo,"Jika MBG diganti dengan menggratiskan anak berprestasi sampai dengan S1 sesuai kepentingan strategis negara, kemudian menaikan anggaran beasiswa S1/S2/S3. menaikkan anggaran ristek diatas 7 persen, niscaya elit nasional /global takut bangsa ini sebagai admin dunia. BERANI BERSUARA, BUNG?",0,2026-04-11T17:25:49Z
@KokoKoko-k6e1z,"Btl pak , pemimpin ini pada rusak , 10 THN LBH ini makin parah , kita rakyat ini bukan kumpulan org bodoh , program g jelas , menyusahkan rakyat",0,2026-04-11T17:06:49Z
@AlSaki-et7xo,"Itulah pernyataan orang yg pingin JD presiden  tidak klakon,,",0,2026-04-11T16:34:20Z
@hbrejeki,"ILMU itu AMANAH maka dengan ilmu idealnya MANUSIA itu menebar HIKMAH bukan AMARAH, MENERANGI bukan MEMPROVOKASI, OPTIMIS bukan PESIMIS.",0,2026-04-11T16:32:22Z
@AlSaki-et7xo,"Apo LG  Mahpud md ,,,katonyo orang pintar kok semakin konyol to,,,",0,2026-04-11T16:31:56Z
@supanji9848,Semoga pak makfut md selalu dalam lindungan Allah SWT dan selalu buat kebaikkan untuk selamanya amin yarobal allahmin,0,2026-04-11T16:18:13Z
@mastejo-5,saya mulai benci dgn maghlug ini Mahfud MD ..manusia plin plan..klo dikasi jabatan luarbiasa menjilat tuannya,0,2026-04-11T15:59:15Z
@WiekenZhang,"Ingatan si Mahfud Keling ini luar biasa tajam, nggak kaleng-kaleng.😯",0,2026-04-11T15:52:50Z
@abdulrasid7049,Semoga Indonesia makmur dan sejahtra kedepanya,0,2026-04-11T15:49:49Z
@AhmadMuliaHasibuan,Jelas keliru perokram nya hanya menimbulkan korupsi dan hanya untuk menguntungkan segelintir orang bukan rakyat yang susah,0,2026-04-11T15:33:13Z
@AhmadMuliaHasibuan,Pemerintah jaman sekarang rakyat Indonesia jadi oposisi di bikin Prabowo,0,2026-04-11T15:27:59Z
@Ramlidatuela,Seharusnya kritik dijadikan masukan memperbaiki kekurangan .,0,2026-04-11T15:19:41Z
@asrikustinah1010,Mksh pak Mahfud MD SHT sll,0,2026-04-11T15:18:05Z
@Ramlidatuela,Salam Alaikum wr WB minal Aidin walfaizin ❤,0,2026-04-11T15:13:59Z
@BudiFalsAmbulu,"trump kalah dari iran ngaku menang, mbg korat karit ngaku sesuai planing. dari sini apa kesamaannya🤔",0,2026-04-11T14:59:24Z
@imangarmana690,Gimana DPR mau menegur presiden bila kebijakan nya tidak sesuai dgn UUD wong semua anggota DPR nya cuma kader partai sementara presiden & para menteri nya dijabat oleh ketum partai nya ini konspirasi dlm bernegara sengaja mereka kondisikan trias politucal nya dikebiri,0,2026-04-11T14:58:12Z
@AdaMlaku,"Wowo termakan oleh narasinya sendiri yg terlulis dalam buku yg dibuat, itulah manusia tak konsisten dan munafik.",0,2026-04-11T14:30:10Z
@Dodosugiharto,Mungkin udah pikun,0,2026-04-11T14:15:13Z
@AliSabana-y8c,"Presiden pikun. 
Katanya macan asia nyatanya macan sirkus😂😂",0,2026-04-11T14:12:44Z
@difaananta2111,Kalah pilpres ss prof,0,2026-04-11T14:09:15Z
@EdiPurnomo-z2l,Emangnya mmpu menggulingkan Prabowo,0,2026-04-11T14:04:19Z
@jalaludin8446,Mahfud dulu di pemerintahan apa yg anda perbuat.. 😂,0,2026-04-11T14:02:14Z
@AbdurrahmanRahman-y1c,Puekapegahwo,0,2026-04-11T13:53:16Z
@khuluqulamin3296,"dari isi buku paradoks indonesia yg d paparkan pak mahfudz, kok saya jadi curiga jangan"" itu bukan tulisan prabowo sendiri.....",0,2026-04-11T13:43:09Z
@kecerdasanbuatan3095,Setelah dengar prof mahfud menjabarkan buku hasil tulisan prabowo yg terbit tahun 2017 maka Terbukti sekarang bahwa Prabowo adalah Preeiden aji mumpung bahkan presiden omon omon 😂 jenderal kardus 😂,0,2026-04-11T13:43:05Z
@RenoKarno-r1p,Mahmud ini kan udh stres gara2 gagal jd wapres,0,2026-04-11T13:38:12Z
@eddysuprapto9155,Memang betul2 pemerintah yg brutal dalam segala hal....,1,2026-04-11T13:37:56Z
@KhrisPraing,"Pa mafud harus jujur jg bahwa Prabowo sdh bekerja utk rakyat , jgn asal beda saja bp",0,2026-04-11T13:36:28Z
@tuminganaja7452,"Mahfud itu bisanya ngoceh aj, kelihatannya pinter tpi nyatanya tdk. Lagian kontribusinya buat negara ini apa mahfud.....?!",0,2026-04-11T13:33:30Z
@wiwikindayanti3503,Prabowo Presiden Omon2 MBg . Berani dgn gebrak meja,0,2026-04-11T13:24:35Z
@Shaka-Shaquell,"Pejabat yg saya sangat percaya Urutan pertama ya itu Pak Mahfud,Pak Ahok yg ke 2,Bapak Aing yg ke 3.. Sisanya bingung jawabnya🫣🙏🏻🙏🏻",0,2026-04-11T13:21:43Z
@muhammadhasanudin3221,"pakk, perlukah cetak uang baru dan redenominasi?
karena dah banyak beredar uang2 palsu dan uang2 koruptor buat bayar demo2 anarkis, 
uang2 koruptor ribuan T ditaro di bawah kasur gabakal bisa di tuker ke bank kalo kita redenominasi dan cetak uang baru",0,2026-04-11T12:59:10Z
@NoName-l1s2t,"Presiden Prabowo dilengserkan , beliau gak RUGI ,karena tujuan pokok / utama ,  Prabowo memutuskan  mengangkat presiden  Soeharto SBG pahlawan nasional",0,2026-04-11T12:56:21Z
@NetCore22,Rasanya Presiden tidak ngerti apa yang harus diKerjakan menjadi seorang Presiden itu persoalanya,0,2026-04-11T12:52:41Z
@KatnoTambera-bb1pd,Pak Mahfud kamu cuma pinter ngomong,0,2026-04-11T12:47:36Z
@UdinKomarudin-re6vr,"Ucapanya sudah mengarah keinginan , artinya ada rencana makar fud",0,2026-04-11T12:02:41Z
@UdinKomarudin-re6vr,"Fud kalo udah kalah itu berbesar hati tidak usah nyonyor ke pemenang itu lebih berwibawa ,",0,2026-04-11T12:00:47Z
@dicky4568,"""Inflasi pengamat"" Kata yang itu🙏🏼🙂🙂🙂",0,2026-04-11T11:54:06Z
@AdangJunaidi-h2r,Mput sebainya capres kemarin menang pasti indonesia jauh lebih baik dan semuaj rakyat sejahtra,0,2026-04-11T11:49:13Z
@asri4513,Semoga Pak Mahfud selalu sehat dan selalu betbagi wawasan untuk rakyat luas. Trima kasih Bapak 🙏,8,2026-04-11T11:46:50Z
@ikomangkindra-de3xl,"P mahpud👍👍👍👍mantap
dan semangat bang saiful mujani,, teruslah besuara,,,, 👍👍",0,2026-04-11T10:46:23Z
@haryobembi8136,Ada gak yg sama dgn apa yg saya rasakan bahwa : kok rasanya malu jadi WNI dgn pemerintahan saat ini.,0,2026-04-11T10:42:23Z
@jagungalas2267,Pak Mahfud. Bukanya dl anda mendukung revisi uu kpk yg sekrg ini.,0,2026-04-11T10:14:24Z
@SuriantoEgor-w1x,Jangan jangan Prabowo. Baik lanjutkan sampai dua ribu sembilan kalo yg mengganti lebih buruk dari yg sudah ada ini presiden Perabowo baik ko,0,2026-04-11T10:00:03Z
@HamidiDidi-o6y,"Masih ingat kata prof Mahmud, negara bisa kasih tiap-tiap warga negara nya 20 JT / BLN, Kalau manajemen nya mantap",1,2026-04-11T09:25:58Z
@LutfiQ-j2e,beri arahan agar lbh cerdas,0,2026-04-11T09:16:03Z
@thefallen5742,Warisan eramu buobrookkkk....,0,2026-04-11T09:13:05Z
@Kombollombok,jelas makar menghasut memprovikasi kalo punya data keluarin dong salah pemerintah itu secara real,0,2026-04-11T09:07:05Z
@ardhirakhimi5696,mikir aja MBG 15000 yg di trima masyarakat 8000 itupun masi di ambil untung lagi mungkin yg di trima hanya 6000. coba deh di kasi ortu kiranya di kasi 15000 di masakin ortu 13000 pasti lebih sehat isinya jika di pantau dg guru yg faham gizi,0,2026-04-11T08:56:19Z
@umbikayu,0RABOWO JANGAN DIJATUHKAN PAK NANTI GIBRAN RI 1 DONG . DUUUUH INI MAH SOLO KESENENGAN MEMANG SKENARIO NYA GITU,0,2026-04-11T08:39:19Z
@IrvanZuhri-f4e,Mahasiswa dan rakyat hrs sgr turun lengserkan Prabowo omon2  Krn DPR kerjanya hanya tongkrong2 saja,0,2026-04-11T08:36:51Z
@DAditn,"HARUSNYA DENGAN MASUKAN PROF.MA'FUD MD ,DPR MEMBERIKAN MASUKAN KE PRESIDEN PRABOWO SECARA KONSTITUSIONAL DAN BENAR KATA PROF.MA'FUD MD JANGAN ADA KATA-KATA MAKAR, HATI-HATI....",0,2026-04-11T08:22:21Z
@PurWadi-k5d,Pengalihan isu ijasah palsu Jokowi .,0,2026-04-11T08:18:44Z
@cahyononews75,"Maa proff mahfuddd,... Saya mengagumi proff. Mahfud dan sangat hormat karena argumen2 proff selama ini sangat bermanfaat buat kita fakyat Indonesia,... Tetapi terkait pidato2 di depan publik dan beredar di medsos dilihat semua netizen itu jg harus dipilah2 efeknya buat persatuan NKRI,... Dan dilihat dulu saat ini kondisi geopolitik di dunia jdi ya yg bermanfaat dan membangun narasi yg menyejukan supaya tidak bikin gaduh",1,2026-04-11T08:14:03Z
@TjDamz,Prabowo memang Tuli dan Arogan,0,2026-04-11T08:03:40Z
@BossSukses-w2i,"Siapa yg menghancur negara Indonesia. 
Org Indonesia juga",0,2026-04-11T08:01:47Z
@underground9633,Prabowo sdh terkontaminasi pemikiranya jokowi!!!,0,2026-04-11T07:55:07Z
@M_Hsym,48:53 Bu Mega menolak itu kyknya Prof...,0,2026-04-11T07:53:38Z
@andregunawan912,Iya mundur dari organisasi BOP...... Semenjak dukung Israel jadi kurang rispek sama pak prabowo,0,2026-04-11T07:28:29Z
@musrimus3661,Omon omon otak dengkul,0,2026-04-11T07:17:23Z
@livetradinggoldnasdaq1002,"Izin pak Mahfud, bpk oan memahami masalah knteks bernegara. Usul pak, jika kita mengajukan undang undang tentang class action bila pemerintah dan atau penyelenggara pemerintahan bila mereka tdknbisa menjalankan amanah nyavsecara profesional. Harus ada standard pelayanan oublk, agar sbg penyelenggara negara juga tidak arogan membuat program yg tdk sesuai dg kebutuhan masyarakat",0,2026-04-11T07:09:59Z
@leochefamily,"Kalau presiden pilihanmu tidak sesuai ekspektasimu waktu kampanye, atau ada penyimpangan dari keinginanmu kepada kepemimpinan Prabowo saat ini, atau kamu baru sadar salah pilih pemimpin, saatnya gulingkan Prabowo.
 Jadi Pilih calon presiden yang bener itu harus punya visi misi sbb
1. Punya target mandiri pangan, mandiri energi dan mandiri teknologi
2. Jamin kesehatan seluruh rakyat dengan gratiskan BPJS kesehatan kls 3 utk seluruh rakyat karena itu perintah konstitusi
3. Jamin penghidupan lansia 60thn keatas, disabilitas, ODGJ tanpa syarat, dengan BLT per bulan 1 juta/bulan
4. Jamin pendidikan dengan sekolah gratis, dari SD sampai perguruan tinggi negeri, gratis uang sekolah, buku alat tulis lain, seragam.
5. Jamin umur produktif 20-55 tahun bekerja. Umur produktif berhak menerima pekerjaan dari negara, klo belum dapat pekerjaan dijamin penghidupannya 1 jt/bln bagi belum menikah 3 jt/bln untuk yg sudah menikah 2 anak.
6. Korupsi minimal 1 milyar dihukum mati, termasuk keluarga yg menikmati korupsi tsb dan termasuk aparat yang terlibat
7. Pajak penghasilan 20-50% kepada orang berpenghasilan diatas 1 milyar. Klo tidak membayar pajak dianggap korupsi dan hukumannya mati spt koruptor 
8. Gratiskan transportasi umum untuk orang miskin, lansia, disabilitas dan ODGJ
Kalau Prabowo tidak mau melaksanakan 8 item diatas ya gulingkan saja, ganti dengan Gibran kalau bersedia melaksanakan 8 item tersebut. Mekanismenya jelas survey ke seluruh rakyat siapa yang setuju 8 item tersebut diatas, kalau lebih ada minimal 51% rakyat setuju lengkap datanya dengan no NiKnya, maka lewat DPR lah Prabowo dimakjulkan, buat keputusan DPR dan MPR supaya Prabowo mundur digantikan Gibran yang mau melaksanakan 8 item tersebut. Jadi tidak perlu demo demo, mengganggu jalan orang mau bekerja. Simple kok kalau mau ya survey tapi kalau tidak mau maju, enggeh enggeh terus dibodoh bodohin terus sama presidennya ya nikmati saja negara ini ga maju maju.",0,2026-04-11T07:06:15Z
@darisilma1159,"bantu ngomong ke pak prabowo dong prof gmn kondisi nyatanya ini Indonesia, sudah ambradul",0,2026-04-11T07:04:17Z
@jayengendut768,"terima kasih pak mahfud,udah bersuara kadang kita lihat orang kalo ngak berkuasa ngemis2, udah berkuasa semua orang ngak suka sama dia disebut makar",0,2026-04-11T06:56:16Z
@RynIsshoni,Takut banget diroasting Pak Mahfud. Rasanya kaya diiris pake pedang sendiri 😂,0,2026-04-11T06:55:57Z
@tegaklurus-dq9yw,Mahfud ini jg ga bisa di percaya ocehan nya sama plin plan/ mencla mencle,0,2026-04-11T06:51:16Z
@JaniSetiadi-r2y,Kalo m enurut saya salah satu rakyat berpendapat  bersabar dululah sampai 2029 toh sekarang pemerintah secara nyata bekerja demi rakyat toh keliatan selama 2 tahun sampe 2029 programnya demi rakyat kalaupun disana sini ada kekurangan yang harus dibantu oleh semua pihak... terutama UU perampasan aset dan hukum mati bagi koruptor dan para mafia disegala bidang demi rakyat harus di nomor satukan utk kepuasan rakyat,0,2026-04-11T06:34:23Z
@SunartoLeginah27,"yang sangat penteng !!!!!!  mbg perlu ditinjau kembali  melalui riset  ,manfaat, anggaranya, dan lain lain",0,2026-04-11T06:10:27Z
@SugiyoPrayitno-y8u,BP ini bisanya nyinyir aja coba klu di kasi jaban diam,0,2026-04-11T06:08:49Z
@apriyono4662,bagi yg waras lahir bathinnya tentu merasa tercerahkan & tdk mudah dibodohi oleh politikus busuk & munafikun!!!,0,2026-04-11T06:07:51Z
@proboanggoro5938,Cawapres gak jadi.... Gelandangan politik jadinya,0,2026-04-11T06:00:54Z
@paryono7445,Halah mapud kalau ceramah iya tp mapud SDH ga masuk perintahkan  wajar jago ngoceh...,0,2026-04-11T05:59:18Z
@nusantaramembangun9850,Hanya pak mahfud MD org bersih di Indonesia,0,2026-04-11T05:30:55Z
@NurMei-d3j9f,"Intinya bagi seluruh rakyat Indonesia dari Sabang sampai Merauke yang merusak negara ini bukan Jokowi bukan Prabowo Subianto tapi yang merusak negara adalah seluruh elit partai politik yang paling merusak negara ini adalah PDIP partai wong licik PDIP kan yang menlonkan Jokowi tanpa melihat kecerdasannya 
Untuk itu cara satu satunya membubarkan seluruh partai politik atau membubarkan DPR yaitu di pemilu 2029 nanti seluruh rakyat Indonesia 
Akan bersatu untuk melakukan golput nasional dan ingat ini bukan ujaran kebencian dan juga bukan makar tapi ini demi kebaikan bangsa dan negara di pemilu nanti yang bertani silahkan bertani yang nelayan silahkan 
Melaut yang berdagang silahkan berdagang kosongkan TPS di seluruh wilayah Indonesia!!!!",0,2026-04-11T05:26:03Z
@arimbi320,Mau ganti sejarah...dng sekolah rakyat,0,2026-04-11T05:17:39Z
